{
"type": "FeatureCollection",
"name": "Communes_massif_pyrenees_simplifié",
"crs": { "type": "name", "properties": { "name": "urn:ogc:def:crs:OGC:1.3:CRS84" } },
"xy_coordinate_resolution": 1e-06,
"features": [
{ "type": "Feature", "properties": { "codgeo": "65411", "libgeo": "Sassis", "dept": "65" }, "geometry": { "type": "MultiPolygon", "coordinates": [ [ [ [ -0.017616, 42.886386 ], [ -0.016638, 42.886635 ], [ -0.014782, 42.877988 ], [ -0.015423, 42.875051 ], [ -0.012796, 42.872914 ], [ -0.012502, 42.871578 ], [ -0.012762, 42.870442 ], [ -0.015889, 42.868594 ], [ -0.020539, 42.88009 ], [ -0.017616, 42.886386 ] ] ] ] } },
{ "type": "Feature", "properties": { "codgeo": "09084", "libgeo": "Castex", "dept": "09" }, "geometry": { "type": "MultiPolygon", "coordinates": [ [ [ [ 1.332123, 43.178929 ], [ 1.335984, 43.174863 ], [ 1.338602, 43.166873 ], [ 1.337899, 43.160676 ], [ 1.334725, 43.154698 ], [ 1.334888, 43.152917 ], [ 1.310431, 43.156119 ], [ 1.293293, 43.166193 ], [ 1.299551, 43.171789 ], [ 1.308262, 43.175642 ], [ 1.332123, 43.178929 ] ] ] ] } },
{ "type": "Feature", "properties": { "codgeo": "09001", "libgeo": "Aigues-Juntes", "dept": "09" }, "geometry": { "type": "MultiPolygon", "coordinates": [ [ [ [ 1.496286, 43.05004 ], [ 1.496066, 43.048285 ], [ 1.497053, 43.047225 ], [ 1.50683, 43.042647 ], [ 1.504615, 43.039701 ], [ 1.495843, 43.042862 ], [ 1.490552, 43.040896 ], [ 1.488828, 43.039554 ], [ 1.488668, 43.037331 ], [ 1.492741, 43.033309 ], [ 1.485585, 43.034745 ], [ 1.483078, 43.036211 ], [ 1.478402, 43.039323 ], [ 1.475968, 43.04381 ], [ 1.473778, 43.045769 ], [ 1.464422, 43.048174 ], [ 1.459913, 43.047826 ], [ 1.45601, 43.043495 ], [ 1.452298, 43.044654 ], [ 1.437281, 43.052867 ], [ 1.441226, 43.055235 ], [ 1.451313, 43.055293 ], [ 1.455055, 43.05909 ], [ 1.45675, 43.062284 ], [ 1.455919, 43.065782 ], [ 1.45672, 43.067079 ], [ 1.496286, 43.05004 ] ] ] ] } },
{ "type": "Feature", "properties": { "codgeo": "09003", "libgeo": "L'Aiguillon", "dept": "09" }, "geometry": { "type": "MultiPolygon", "coordinates": [ [ [ [ 1.923251, 42.921916 ], [ 1.918513, 42.91632 ], [ 1.911716, 42.913917 ], [ 1.910394, 42.906719 ], [ 1.912874, 42.8987 ], [ 1.908412, 42.898908 ], [ 1.885792, 42.894853 ], [ 1.887338, 42.908225 ], [ 1.89011, 42.914677 ], [ 1.89236, 42.925619 ], [ 1.898772, 42.921744 ], [ 1.915783, 42.922657 ], [ 1.923251, 42.921916 ] ] ] ] } },
{ "type": "Feature", "properties": { "codgeo": "09004", "libgeo": "Albiès", "dept": "09" }, "geometry": { "type": "MultiPolygon", "coordinates": [ [ [ [ 1.679275, 42.741805 ], [ 1.692061, 42.743732 ], [ 1.696245, 42.760188 ], [ 1.69635, 42.765884 ], [ 1.693786, 42.772493 ], [ 1.697732, 42.778364 ], [ 1.694238, 42.782285 ], [ 1.698325, 42.783235 ], [ 1.705363, 42.787544 ], [ 1.70717, 42.789495 ], [ 1.713742, 42.786225 ], [ 1.71217, 42.785002 ], [ 1.711529, 42.782227 ], [ 1.709683, 42.767106 ], [ 1.702886, 42.74986 ], [ 1.698665, 42.732555 ], [ 1.697223, 42.718259 ], [ 1.693001, 42.719316 ], [ 1.686769, 42.726591 ], [ 1.679275, 42.741805 ] ] ] ] } },
{ "type": "Feature", "properties": { "codgeo": "09005", "libgeo": "Aleu", "dept": "09" }, "geometry": { "type": "MultiPolygon", "coordinates": [ [ [ [ 1.286444, 42.871565 ], [ 1.275545, 42.872243 ], [ 1.263498, 42.869771 ], [ 1.262018, 42.870142 ], [ 1.258673, 42.877491 ], [ 1.24377, 42.890465 ], [ 1.239731, 42.896215 ], [ 1.241283, 42.901935 ], [ 1.243169, 42.904617 ], [ 1.25778, 42.913988 ], [ 1.263842, 42.914493 ], [ 1.291494, 42.908483 ], [ 1.296599, 42.902639 ], [ 1.292876, 42.895988 ], [ 1.285931, 42.89412 ], [ 1.281678, 42.889099 ], [ 1.281179, 42.884101 ], [ 1.283066, 42.877786 ], [ 1.286303, 42.875975 ], [ 1.286444, 42.871565 ] ] ] ] } },
{ "type": "Feature", "properties": { "codgeo": "09006", "libgeo": "Alliat", "dept": "09" }, "geometry": { "type": "MultiPolygon", "coordinates": [ [ [ [ 1.563323, 42.812765 ], [ 1.575896, 42.819227 ], [ 1.584288, 42.824553 ], [ 1.583556, 42.828451 ], [ 1.585233, 42.831673 ], [ 1.588873, 42.834259 ], [ 1.592319, 42.830649 ], [ 1.590652, 42.828918 ], [ 1.589614, 42.807396 ], [ 1.588119, 42.801907 ], [ 1.585293, 42.802644 ], [ 1.58063, 42.808557 ], [ 1.574027, 42.808869 ], [ 1.570816, 42.807229 ], [ 1.567697, 42.806893 ], [ 1.563323, 42.812765 ] ] ] ] } },
{ "type": "Feature", "properties": { "codgeo": "09007", "libgeo": "Allières", "dept": "09" }, "geometry": { "type": "MultiPolygon", "coordinates": [ [ [ [ 1.376683, 43.028789 ], [ 1.350901, 43.025399 ], [ 1.345575, 43.031536 ], [ 1.3349, 43.038926 ], [ 1.346532, 43.046888 ], [ 1.35396, 43.050434 ], [ 1.365159, 43.051358 ], [ 1.377665, 43.04941 ], [ 1.384336, 43.046075 ], [ 1.3862, 43.045875 ], [ 1.391266, 43.039736 ], [ 1.390057, 43.035636 ], [ 1.377903, 43.028473 ], [ 1.376683, 43.028789 ] ] ] ] } },
{ "type": "Feature", "properties": { "codgeo": "09008", "libgeo": "Alos", "dept": "09" }, "geometry": { "type": "MultiPolygon", "coordinates": [ [ [ [ 1.167751, 42.905672 ], [ 1.159751, 42.900187 ], [ 1.158232, 42.898537 ], [ 1.158984, 42.896268 ], [ 1.156829, 42.89494 ], [ 1.156783, 42.89283 ], [ 1.147889, 42.884694 ], [ 1.133757, 42.879082 ], [ 1.133934, 42.872955 ], [ 1.131991, 42.867075 ], [ 1.119223, 42.868027 ], [ 1.109934, 42.870086 ], [ 1.104939, 42.872374 ], [ 1.099582, 42.879561 ], [ 1.095867, 42.887576 ], [ 1.106705, 42.907747 ], [ 1.115628, 42.915563 ], [ 1.136154, 42.929031 ], [ 1.139438, 42.93287 ], [ 1.140346, 42.935533 ], [ 1.147687, 42.923336 ], [ 1.159395, 42.908235 ], [ 1.167751, 42.905672 ] ] ] ] } },
{ "type": "Feature", "properties": { "codgeo": "09009", "libgeo": "Alzen", "dept": "09" }, "geometry": { "type": "MultiPolygon", "coordinates": [ [ [ [ 1.411984, 42.986143 ], [ 1.419628, 42.988046 ], [ 1.428366, 42.988258 ], [ 1.430762, 42.987077 ], [ 1.44056, 42.984875 ], [ 1.447382, 42.987412 ], [ 1.448825, 42.989095 ], [ 1.450528, 42.992568 ], [ 1.450734, 42.996988 ], [ 1.449601, 42.997586 ], [ 1.451186, 42.999553 ], [ 1.454493, 43.00012 ], [ 1.454463, 43.00153 ], [ 1.467919, 42.99645 ], [ 1.475836, 42.998231 ], [ 1.481898, 43.003195 ], [ 1.490731, 43.002439 ], [ 1.496543, 42.991552 ], [ 1.488766, 42.984994 ], [ 1.481312, 42.976066 ], [ 1.472773, 42.971466 ], [ 1.466268, 42.970383 ], [ 1.462904, 42.970539 ], [ 1.460914, 42.968701 ], [ 1.461096, 42.96541 ], [ 1.458759, 42.964048 ], [ 1.434089, 42.961262 ], [ 1.42706, 42.957789 ], [ 1.424849, 42.969957 ], [ 1.411911, 42.981052 ], [ 1.411339, 42.984586 ], [ 1.411984, 42.986143 ] ] ] ] } },
{ "type": "Feature", "properties": { "codgeo": "09011", "libgeo": "Antras", "dept": "09" }, "geometry": { "type": "MultiPolygon", "coordinates": [ [ [ [ 0.950338, 42.899819 ], [ 0.953169, 42.891421 ], [ 0.959808, 42.882778 ], [ 0.945451, 42.876549 ], [ 0.925786, 42.874521 ], [ 0.920825, 42.87573 ], [ 0.915543, 42.875413 ], [ 0.904762, 42.872554 ], [ 0.897377, 42.86882 ], [ 0.896255, 42.862494 ], [ 0.885086, 42.85395 ], [ 0.870946, 42.846825 ], [ 0.859883, 42.838298 ], [ 0.856858, 42.839658 ], [ 0.848029, 42.865612 ], [ 0.853016, 42.868143 ], [ 0.856731, 42.868989 ], [ 0.860594, 42.868951 ], [ 0.862235, 42.86786 ], [ 0.87076, 42.867296 ], [ 0.8773, 42.867227 ], [ 0.885197, 42.868151 ], [ 0.892413, 42.880765 ], [ 0.896531, 42.892117 ], [ 0.896463, 42.894812 ], [ 0.898447, 42.895389 ], [ 0.903379, 42.894815 ], [ 0.904806, 42.893936 ], [ 0.912335, 42.894972 ], [ 0.941266, 42.894413 ], [ 0.943246, 42.899407 ], [ 0.950338, 42.899819 ] ] ] ] } },
{ "type": "Feature", "properties": { "codgeo": "09012", "libgeo": "Appy", "dept": "09" }, "geometry": { "type": "MultiPolygon", "coordinates": [ [ [ [ 1.76142, 42.82036 ], [ 1.760237, 42.814534 ], [ 1.751201, 42.807877 ], [ 1.742729, 42.798691 ], [ 1.741275, 42.788112 ], [ 1.741692, 42.780287 ], [ 1.725847, 42.785364 ], [ 1.726495, 42.794457 ], [ 1.730839, 42.800023 ], [ 1.735675, 42.81266 ], [ 1.744006, 42.82604 ], [ 1.75321, 42.821299 ], [ 1.76142, 42.82036 ] ] ] ] } },
{ "type": "Feature", "properties": { "codgeo": "09013", "libgeo": "Arabaux", "dept": "09" }, "geometry": { "type": "MultiPolygon", "coordinates": [ [ [ [ 1.629402, 42.963806 ], [ 1.62338, 42.967208 ], [ 1.619402, 42.974226 ], [ 1.619627, 42.978012 ], [ 1.628925, 42.990781 ], [ 1.635373, 42.995998 ], [ 1.63796, 42.994622 ], [ 1.644095, 42.989119 ], [ 1.652486, 42.984359 ], [ 1.650946, 42.982469 ], [ 1.633987, 42.974655 ], [ 1.636631, 42.97259 ], [ 1.629402, 42.963806 ] ] ] ] } },
{ "type": "Feature", "properties": { "codgeo": "09014", "libgeo": "Argein", "dept": "09" }, "geometry": { "type": "MultiPolygon", "coordinates": [ [ [ [ 1.002557, 42.91387 ], [ 0.98829, 42.905951 ], [ 0.983752, 42.900633 ], [ 0.980904, 42.899211 ], [ 0.975071, 42.897919 ], [ 0.964902, 42.900402 ], [ 0.969351, 42.914219 ], [ 0.971922, 42.918123 ], [ 0.980584, 42.92467 ], [ 0.984098, 42.93218 ], [ 0.99043, 42.938612 ], [ 0.994253, 42.950769 ], [ 0.999148, 42.957591 ], [ 1.00148, 42.957285 ], [ 1.003504, 42.955014 ], [ 1.006242, 42.944867 ], [ 1.00599, 42.940789 ], [ 1.01137, 42.924906 ], [ 1.00702, 42.924053 ], [ 1.002557, 42.91387 ] ] ] ] } },
{ "type": "Feature", "properties": { "codgeo": "09015", "libgeo": "Arignac", "dept": "09" }, "geometry": { "type": "MultiPolygon", "coordinates": [ [ [ [ 1.619377, 42.870523 ], [ 1.613869, 42.867049 ], [ 1.608271, 42.866325 ], [ 1.60422, 42.862534 ], [ 1.599833, 42.855599 ], [ 1.597513, 42.85581 ], [ 1.594273, 42.857517 ], [ 1.593925, 42.860891 ], [ 1.589556, 42.863564 ], [ 1.585675, 42.865297 ], [ 1.577527, 42.866498 ], [ 1.580885, 42.89438 ], [ 1.584298, 42.893212 ], [ 1.588199, 42.893375 ], [ 1.603397, 42.887105 ], [ 1.609881, 42.882424 ], [ 1.619377, 42.870523 ] ] ] ] } },
{ "type": "Feature", "properties": { "codgeo": "09016", "libgeo": "Arnave", "dept": "09" }, "geometry": { "type": "MultiPolygon", "coordinates": [ [ [ [ 1.641861, 42.840354 ], [ 1.642333, 42.841836 ], [ 1.627168, 42.845254 ], [ 1.622049, 42.853296 ], [ 1.627037, 42.85502 ], [ 1.628502, 42.856332 ], [ 1.633516, 42.868422 ], [ 1.639275, 42.866034 ], [ 1.65438, 42.863124 ], [ 1.670817, 42.861471 ], [ 1.674763, 42.859106 ], [ 1.664985, 42.852748 ], [ 1.660959, 42.846796 ], [ 1.663559, 42.837793 ], [ 1.661577, 42.835131 ], [ 1.64485, 42.838706 ], [ 1.641861, 42.840354 ] ] ] ] } },
{ "type": "Feature", "properties": { "codgeo": "09017", "libgeo": "Arrien-en-Bethmale", "dept": "09" }, "geometry": { "type": "MultiPolygon", "coordinates": [ [ [ [ 1.057147, 42.840313 ], [ 1.054723, 42.840395 ], [ 1.045358, 42.848177 ], [ 1.041682, 42.856665 ], [ 1.029734, 42.876404 ], [ 1.028395, 42.887711 ], [ 1.037873, 42.901195 ], [ 1.044664, 42.904556 ], [ 1.055197, 42.908007 ], [ 1.058365, 42.908113 ], [ 1.061305, 42.90721 ], [ 1.066448, 42.909046 ], [ 1.072925, 42.908444 ], [ 1.077853, 42.909159 ], [ 1.083152, 42.913354 ], [ 1.087407, 42.915619 ], [ 1.083417, 42.903996 ], [ 1.084822, 42.897209 ], [ 1.088645, 42.893981 ], [ 1.086114, 42.8916 ], [ 1.079667, 42.889866 ], [ 1.074869, 42.889415 ], [ 1.068922, 42.8915 ], [ 1.060686, 42.892672 ], [ 1.051667, 42.890853 ], [ 1.046874, 42.888819 ], [ 1.045494, 42.882987 ], [ 1.047067, 42.876937 ], [ 1.051067, 42.865935 ], [ 1.058013, 42.85602 ], [ 1.058407, 42.84741 ], [ 1.057147, 42.840313 ] ] ] ] } },
{ "type": "Feature", "properties": { "codgeo": "09018", "libgeo": "Arrout", "dept": "09" }, "geometry": { "type": "MultiPolygon", "coordinates": [ [ [ [ 1.006242, 42.944867 ], [ 1.003901, 42.952426 ], [ 1.006412, 42.953951 ], [ 1.01725, 42.953939 ], [ 1.029864, 42.950964 ], [ 1.03699, 42.947444 ], [ 1.037351, 42.945527 ], [ 1.028174, 42.938123 ], [ 1.011576, 42.945739 ], [ 1.006242, 42.944867 ] ] ] ] } },
{ "type": "Feature", "properties": { "codgeo": "09020", "libgeo": "Artigues", "dept": "09" }, "geometry": { "type": "MultiPolygon", "coordinates": [ [ [ [ 2.079469, 42.724058 ], [ 2.07898, 42.719473 ], [ 2.077188, 42.717223 ], [ 2.055748, 42.703179 ], [ 2.043993, 42.697014 ], [ 2.042362, 42.690575 ], [ 2.034021, 42.668983 ], [ 2.026993, 42.660494 ], [ 2.018729, 42.653881 ], [ 2.010994, 42.658791 ], [ 2.00214, 42.661211 ], [ 2.004275, 42.668905 ], [ 2.006634, 42.671489 ], [ 2.009858, 42.671633 ], [ 2.013666, 42.673256 ], [ 2.020822, 42.678918 ], [ 2.02463, 42.686658 ], [ 2.041055, 42.707332 ], [ 2.050253, 42.714723 ], [ 2.070149, 42.726646 ], [ 2.074479, 42.724492 ], [ 2.079469, 42.724058 ] ] ] ] } },
{ "type": "Feature", "properties": { "codgeo": "09021", "libgeo": "Artix", "dept": "09" }, "geometry": { "type": "MultiPolygon", "coordinates": [ [ [ [ 1.535314, 43.059817 ], [ 1.550705, 43.072682 ], [ 1.562616, 43.079594 ], [ 1.587152, 43.072773 ], [ 1.591474, 43.073123 ], [ 1.587926, 43.066933 ], [ 1.578153, 43.060435 ], [ 1.563931, 43.058818 ], [ 1.557538, 43.053794 ], [ 1.54786, 43.053706 ], [ 1.535701, 43.058427 ], [ 1.535314, 43.059817 ] ] ] ] } },
{ "type": "Feature", "properties": { "codgeo": "09023", "libgeo": "Ascou", "dept": "09" }, "geometry": { "type": "MultiPolygon", "coordinates": [ [ [ [ 1.991361, 42.734825 ], [ 1.992982, 42.733341 ], [ 1.992239, 42.731677 ], [ 1.987177, 42.727551 ], [ 1.983262, 42.725774 ], [ 1.978022, 42.721846 ], [ 1.967654, 42.712208 ], [ 1.966484, 42.709697 ], [ 1.966223, 42.701223 ], [ 1.971221, 42.687353 ], [ 1.969945, 42.686945 ], [ 1.964537, 42.68775 ], [ 1.955289, 42.690983 ], [ 1.939654, 42.693067 ], [ 1.892915, 42.711593 ], [ 1.876538, 42.712371 ], [ 1.874965, 42.711062 ], [ 1.855703, 42.714808 ], [ 1.857136, 42.722687 ], [ 1.868937, 42.727364 ], [ 1.877305, 42.72722 ], [ 1.886091, 42.728384 ], [ 1.900817, 42.731669 ], [ 1.911513, 42.735041 ], [ 1.920871, 42.741385 ], [ 1.931653, 42.751163 ], [ 1.943637, 42.746334 ], [ 1.946901, 42.741782 ], [ 1.959418, 42.736803 ], [ 1.991361, 42.734825 ] ] ] ] } },
{ "type": "Feature", "properties": { "codgeo": "09024", "libgeo": "Aston", "dept": "09" }, "geometry": { "type": "MultiPolygon", "coordinates": [ [ [ [ 1.574749, 42.647934 ], [ 1.577302, 42.659676 ], [ 1.577132, 42.663684 ], [ 1.580388, 42.669826 ], [ 1.589774, 42.67854 ], [ 1.593078, 42.683335 ], [ 1.594432, 42.688386 ], [ 1.592477, 42.69603 ], [ 1.5894, 42.702187 ], [ 1.584232, 42.708724 ], [ 1.583577, 42.712747 ], [ 1.590189, 42.717749 ], [ 1.59488, 42.719336 ], [ 1.603687, 42.718992 ], [ 1.607165, 42.719687 ], [ 1.610992, 42.723343 ], [ 1.613781, 42.736826 ], [ 1.613934, 42.746064 ], [ 1.61258, 42.748711 ], [ 1.613187, 42.749361 ], [ 1.63736, 42.749791 ], [ 1.65141, 42.757473 ], [ 1.658521, 42.763823 ], [ 1.659275, 42.76707 ], [ 1.663592, 42.7743 ], [ 1.670191, 42.781368 ], [ 1.673788, 42.780436 ], [ 1.680278, 42.773632 ], [ 1.682827, 42.772381 ], [ 1.683662, 42.761774 ], [ 1.680454, 42.751691 ], [ 1.679275, 42.741805 ], [ 1.686769, 42.726591 ], [ 1.693001, 42.719316 ], [ 1.697223, 42.718259 ], [ 1.709529, 42.709305 ], [ 1.7095, 42.706431 ], [ 1.712842, 42.702489 ], [ 1.728604, 42.693843 ], [ 1.731634, 42.690483 ], [ 1.732891, 42.687448 ], [ 1.731754, 42.67903 ], [ 1.734591, 42.672688 ], [ 1.743003, 42.669241 ], [ 1.74468, 42.669614 ], [ 1.737905, 42.642185 ], [ 1.736008, 42.630293 ], [ 1.737313, 42.627688 ], [ 1.739021, 42.627069 ], [ 1.736171, 42.615157 ], [ 1.718358, 42.614854 ], [ 1.70628, 42.618671 ], [ 1.699951, 42.621936 ], [ 1.687767, 42.62395 ], [ 1.678478, 42.623144 ], [ 1.670864, 42.621274 ], [ 1.662898, 42.622269 ], [ 1.655404, 42.623868 ], [ 1.653439, 42.626377 ], [ 1.641528, 42.62821 ], [ 1.617093, 42.62648 ], [ 1.604545, 42.626382 ], [ 1.598314, 42.627987 ], [ 1.583812, 42.63458 ], [ 1.581214, 42.63643 ], [ 1.574749, 42.647934 ] ] ] ] } },
{ "type": "Feature", "properties": { "codgeo": "09025", "libgeo": "Aucazein", "dept": "09" }, "geometry": { "type": "MultiPolygon", "coordinates": [ [ [ [ 0.966048, 42.938936 ], [ 0.968838, 42.94024 ], [ 0.969271, 42.949139 ], [ 0.970261, 42.950796 ], [ 0.976163, 42.938485 ], [ 0.979242, 42.934967 ], [ 0.981985, 42.932799 ], [ 0.984098, 42.93218 ], [ 0.980584, 42.92467 ], [ 0.971922, 42.918123 ], [ 0.969351, 42.914219 ], [ 0.964902, 42.900402 ], [ 0.961282, 42.899488 ], [ 0.950338, 42.899819 ], [ 0.950492, 42.906613 ], [ 0.953161, 42.91546 ], [ 0.957173, 42.921083 ], [ 0.965824, 42.927378 ], [ 0.966718, 42.929359 ], [ 0.968458, 42.936837 ], [ 0.968125, 42.937977 ], [ 0.966048, 42.938936 ] ] ] ] } },
{ "type": "Feature", "properties": { "codgeo": "09026", "libgeo": "Audressein", "dept": "09" }, "geometry": { "type": "MultiPolygon", "coordinates": [ [ [ [ 1.027327, 42.912718 ], [ 1.024718, 42.913395 ], [ 1.022773, 42.912968 ], [ 1.018767, 42.917476 ], [ 1.017952, 42.923795 ], [ 1.014168, 42.925958 ], [ 1.01137, 42.924906 ], [ 1.00599, 42.940789 ], [ 1.006242, 42.944867 ], [ 1.011576, 42.945739 ], [ 1.028174, 42.938123 ], [ 1.028741, 42.933446 ], [ 1.030884, 42.929328 ], [ 1.027422, 42.919413 ], [ 1.027327, 42.912718 ] ] ] ] } },
{ "type": "Feature", "properties": { "codgeo": "09027", "libgeo": "Augirein", "dept": "09" }, "geometry": { "type": "MultiPolygon", "coordinates": [ [ [ [ 0.933031, 42.904507 ], [ 0.943246, 42.899407 ], [ 0.941266, 42.894413 ], [ 0.912335, 42.894972 ], [ 0.904806, 42.893936 ], [ 0.903379, 42.894815 ], [ 0.899589, 42.908878 ], [ 0.899762, 42.920308 ], [ 0.906255, 42.92951 ], [ 0.905117, 42.930172 ], [ 0.921746, 42.934553 ], [ 0.925137, 42.9329 ], [ 0.927546, 42.929903 ], [ 0.923777, 42.928218 ], [ 0.923517, 42.921217 ], [ 0.933031, 42.904507 ] ] ] ] } },
{ "type": "Feature", "properties": { "codgeo": "09029", "libgeo": "Aulus-les-Bains", "dept": "09" }, "geometry": { "type": "MultiPolygon", "coordinates": [ [ [ [ 1.357378, 42.719699 ], [ 1.338029, 42.718498 ], [ 1.335251, 42.724053 ], [ 1.33701, 42.725033 ], [ 1.337811, 42.728734 ], [ 1.337488, 42.732057 ], [ 1.335461, 42.735862 ], [ 1.328059, 42.743742 ], [ 1.32392, 42.749492 ], [ 1.31667, 42.75531 ], [ 1.312119, 42.764033 ], [ 1.309721, 42.772369 ], [ 1.310645, 42.78235 ], [ 1.313438, 42.789039 ], [ 1.31237, 42.795552 ], [ 1.308766, 42.800443 ], [ 1.332936, 42.805785 ], [ 1.342405, 42.805162 ], [ 1.359952, 42.805937 ], [ 1.363143, 42.797551 ], [ 1.364821, 42.795833 ], [ 1.371213, 42.793482 ], [ 1.380524, 42.792434 ], [ 1.388736, 42.792547 ], [ 1.406688, 42.790206 ], [ 1.404519, 42.773242 ], [ 1.399436, 42.76056 ], [ 1.390307, 42.744189 ], [ 1.391384, 42.734652 ], [ 1.387035, 42.731595 ], [ 1.378382, 42.730359 ], [ 1.371167, 42.733088 ], [ 1.365861, 42.73158 ], [ 1.357378, 42.719699 ] ] ] ] } },
{ "type": "Feature", "properties": { "codgeo": "09030", "libgeo": "Auzat", "dept": "09" }, "geometry": { "type": "MultiPolygon", "coordinates": [ [ [ [ 1.357378, 42.719699 ], [ 1.365861, 42.73158 ], [ 1.371167, 42.733088 ], [ 1.378382, 42.730359 ], [ 1.387035, 42.731595 ], [ 1.391384, 42.734652 ], [ 1.390307, 42.744189 ], [ 1.399436, 42.76056 ], [ 1.404519, 42.773242 ], [ 1.406688, 42.790206 ], [ 1.407551, 42.790775 ], [ 1.417353, 42.792341 ], [ 1.424834, 42.791547 ], [ 1.429298, 42.78821 ], [ 1.441952, 42.783177 ], [ 1.47151, 42.77585 ], [ 1.494887, 42.763929 ], [ 1.494328, 42.760414 ], [ 1.493171, 42.759452 ], [ 1.485384, 42.757728 ], [ 1.485776, 42.753381 ], [ 1.487999, 42.747627 ], [ 1.501845, 42.728562 ], [ 1.510298, 42.721829 ], [ 1.516433, 42.719532 ], [ 1.517219, 42.711369 ], [ 1.513423, 42.689673 ], [ 1.515094, 42.681267 ], [ 1.517643, 42.675435 ], [ 1.509234, 42.66167 ], [ 1.505681, 42.658288 ], [ 1.493896, 42.653245 ], [ 1.48009, 42.651277 ], [ 1.477753, 42.646272 ], [ 1.469889, 42.635559 ], [ 1.469017, 42.630223 ], [ 1.476465, 42.615897 ], [ 1.474464, 42.611654 ], [ 1.469779, 42.607702 ], [ 1.452304, 42.603299 ], [ 1.438666, 42.602958 ], [ 1.436142, 42.604433 ], [ 1.430588, 42.611375 ], [ 1.419252, 42.630452 ], [ 1.417282, 42.634942 ], [ 1.414119, 42.650635 ], [ 1.401805, 42.662907 ], [ 1.391856, 42.668874 ], [ 1.388314, 42.671961 ], [ 1.387594, 42.678289 ], [ 1.389917, 42.685214 ], [ 1.389115, 42.687136 ], [ 1.386137, 42.689944 ], [ 1.377146, 42.69388 ], [ 1.364246, 42.696269 ], [ 1.353922, 42.699743 ], [ 1.351708, 42.70224 ], [ 1.351051, 42.703739 ], [ 1.352238, 42.709541 ], [ 1.357378, 42.719699 ] ] ] ] } },
{ "type": "Feature", "properties": { "codgeo": "09031", "libgeo": "Axiat", "dept": "09" }, "geometry": { "type": "MultiPolygon", "coordinates": [ [ [ [ 1.783058, 42.817435 ], [ 1.776222, 42.805137 ], [ 1.771548, 42.790369 ], [ 1.764621, 42.781628 ], [ 1.746704, 42.779917 ], [ 1.742925, 42.778636 ], [ 1.741692, 42.780287 ], [ 1.741275, 42.788112 ], [ 1.742729, 42.798691 ], [ 1.751201, 42.807877 ], [ 1.760237, 42.814534 ], [ 1.76142, 42.82036 ], [ 1.783058, 42.817435 ] ] ] ] } },
{ "type": "Feature", "properties": { "codgeo": "09032", "libgeo": "Ax-les-Thermes", "dept": "09" }, "geometry": { "type": "MultiPolygon", "coordinates": [ [ [ [ 1.833879, 42.728498 ], [ 1.842023, 42.726183 ], [ 1.845046, 42.726972 ], [ 1.857136, 42.722687 ], [ 1.855703, 42.714808 ], [ 1.851952, 42.710422 ], [ 1.851785, 42.70633 ], [ 1.855162, 42.697814 ], [ 1.861727, 42.688528 ], [ 1.861236, 42.682702 ], [ 1.859058, 42.675668 ], [ 1.833306, 42.685047 ], [ 1.825142, 42.686893 ], [ 1.821525, 42.678347 ], [ 1.821549, 42.670197 ], [ 1.815658, 42.663134 ], [ 1.792968, 42.652586 ], [ 1.786412, 42.646359 ], [ 1.786031, 42.641355 ], [ 1.780477, 42.639937 ], [ 1.772865, 42.639999 ], [ 1.774108, 42.641745 ], [ 1.773853, 42.650517 ], [ 1.777106, 42.661204 ], [ 1.782106, 42.674189 ], [ 1.795462, 42.702196 ], [ 1.81209, 42.701123 ], [ 1.819363, 42.706569 ], [ 1.823953, 42.711483 ], [ 1.827663, 42.717715 ], [ 1.830782, 42.726146 ], [ 1.833879, 42.728498 ] ] ] ] } },
{ "type": "Feature", "properties": { "codgeo": "09033", "libgeo": "Bagert", "dept": "09" }, "geometry": { "type": "MultiPolygon", "coordinates": [ [ [ [ 1.087452, 43.077018 ], [ 1.078987, 43.071579 ], [ 1.07489, 43.072952 ], [ 1.058369, 43.07454 ], [ 1.054405, 43.073888 ], [ 1.057513, 43.078852 ], [ 1.066815, 43.086194 ], [ 1.071315, 43.090842 ], [ 1.07769, 43.088742 ], [ 1.081114, 43.086605 ], [ 1.086497, 43.077417 ], [ 1.087452, 43.077018 ] ] ] ] } },
{ "type": "Feature", "properties": { "codgeo": "09034", "libgeo": "Balacet", "dept": "09" }, "geometry": { "type": "MultiPolygon", "coordinates": [ [ [ [ 0.996447, 42.881449 ], [ 0.994785, 42.880739 ], [ 0.983022, 42.880142 ], [ 0.975677, 42.881359 ], [ 0.973546, 42.882694 ], [ 0.972744, 42.88567 ], [ 0.974052, 42.896368 ], [ 0.975071, 42.897919 ], [ 0.989934, 42.89233 ], [ 0.992581, 42.885683 ], [ 0.996447, 42.881449 ] ] ] ] } },
{ "type": "Feature", "properties": { "codgeo": "09035", "libgeo": "Balaguères", "dept": "09" }, "geometry": { "type": "MultiPolygon", "coordinates": [ [ [ [ 1.052319, 42.969722 ], [ 1.052081, 42.951879 ], [ 1.048738, 42.947924 ], [ 1.041466, 42.941881 ], [ 1.036375, 42.944571 ], [ 1.037351, 42.945527 ], [ 1.03699, 42.947444 ], [ 1.029864, 42.950964 ], [ 1.01725, 42.953939 ], [ 1.006412, 42.953951 ], [ 1.003901, 42.952426 ], [ 1.003504, 42.955014 ], [ 1.00148, 42.957285 ], [ 0.999148, 42.957591 ], [ 0.995283, 42.960271 ], [ 0.989249, 42.96221 ], [ 0.984905, 42.962691 ], [ 0.985473, 42.964462 ], [ 0.983497, 42.969359 ], [ 0.979095, 42.974433 ], [ 0.981459, 42.980043 ], [ 0.995097, 42.990834 ], [ 1.027743, 42.980915 ], [ 1.037246, 42.975174 ], [ 1.038744, 42.972877 ], [ 1.051005, 42.971054 ], [ 1.052319, 42.969722 ] ] ] ] } },
{ "type": "Feature", "properties": { "codgeo": "09037", "libgeo": "Barjac", "dept": "09" }, "geometry": { "type": "MultiPolygon", "coordinates": [ [ [ [ 1.12619, 43.073292 ], [ 1.140684, 43.070435 ], [ 1.145721, 43.061572 ], [ 1.148134, 43.059534 ], [ 1.150092, 43.059282 ], [ 1.138379, 43.056101 ], [ 1.133625, 43.053211 ], [ 1.130272, 43.049329 ], [ 1.128601, 43.056243 ], [ 1.124482, 43.057452 ], [ 1.12619, 43.073292 ] ] ] ] } },
{ "type": "Feature", "properties": { "codgeo": "09038", "libgeo": "La Bastide-de-Besplas", "dept": "09" }, "geometry": { "type": "MultiPolygon", "coordinates": [ [ [ [ 1.293293, 43.166193 ], [ 1.288828, 43.164011 ], [ 1.273771, 43.150276 ], [ 1.273875, 43.148396 ], [ 1.268317, 43.1466 ], [ 1.261821, 43.146543 ], [ 1.255253, 43.14777 ], [ 1.256651, 43.149019 ], [ 1.261688, 43.174403 ], [ 1.253655, 43.183884 ], [ 1.257195, 43.185595 ], [ 1.263249, 43.187065 ], [ 1.268071, 43.190936 ], [ 1.283319, 43.180795 ], [ 1.293903, 43.181281 ], [ 1.294531, 43.177488 ], [ 1.299551, 43.171789 ], [ 1.293293, 43.166193 ] ] ] ] } },
{ "type": "Feature", "properties": { "codgeo": "09041", "libgeo": "La Bastide-du-Salat", "dept": "09" }, "geometry": { "type": "MultiPolygon", "coordinates": [ [ [ [ 0.999829, 43.07682 ], [ 1.009081, 43.068555 ], [ 1.016977, 43.063066 ], [ 1.025758, 43.059162 ], [ 1.023377, 43.056229 ], [ 1.016559, 43.053277 ], [ 1.008221, 43.050843 ], [ 0.988875, 43.047315 ], [ 0.98441, 43.050962 ], [ 0.983151, 43.053872 ], [ 0.985868, 43.062437 ], [ 0.984859, 43.068226 ], [ 0.978953, 43.072565 ], [ 0.982711, 43.073571 ], [ 0.991619, 43.072126 ], [ 0.995919, 43.072265 ], [ 0.999829, 43.07682 ] ] ] ] } },
{ "type": "Feature", "properties": { "codgeo": "09042", "libgeo": "La Bastide-de-Sérou", "dept": "09" }, "geometry": { "type": "MultiPolygon", "coordinates": [ [ [ [ 1.3862, 43.045875 ], [ 1.401708, 43.052628 ], [ 1.408885, 43.054285 ], [ 1.408533, 43.052164 ], [ 1.420876, 43.047649 ], [ 1.434545, 43.050958 ], [ 1.437026, 43.051966 ], [ 1.437281, 43.052867 ], [ 1.452298, 43.044654 ], [ 1.45601, 43.043495 ], [ 1.459913, 43.047826 ], [ 1.464422, 43.048174 ], [ 1.473778, 43.045769 ], [ 1.475968, 43.04381 ], [ 1.478402, 43.039323 ], [ 1.483078, 43.036211 ], [ 1.485585, 43.034745 ], [ 1.492741, 43.033309 ], [ 1.491508, 43.0234 ], [ 1.486884, 43.018687 ], [ 1.482475, 43.015772 ], [ 1.482196, 43.013929 ], [ 1.468556, 43.014975 ], [ 1.457921, 43.012932 ], [ 1.454493, 43.00012 ], [ 1.425427, 42.996013 ], [ 1.423727, 42.99519 ], [ 1.419353, 43.000154 ], [ 1.414366, 43.002892 ], [ 1.409072, 43.003193 ], [ 1.403929, 43.001376 ], [ 1.384607, 43.00179 ], [ 1.382058, 43.000827 ], [ 1.379344, 42.997516 ], [ 1.377257, 42.998089 ], [ 1.374192, 43.000749 ], [ 1.374601, 43.002633 ], [ 1.372281, 43.014868 ], [ 1.363725, 43.022263 ], [ 1.360337, 43.026445 ], [ 1.376683, 43.028789 ], [ 1.377903, 43.028473 ], [ 1.390057, 43.035636 ], [ 1.391266, 43.039736 ], [ 1.3862, 43.045875 ] ], [ [ 1.421045, 43.029228 ], [ 1.424128, 43.025514 ], [ 1.42783, 43.023089 ], [ 1.430668, 43.022422 ], [ 1.433666, 43.022535 ], [ 1.443797, 43.025218 ], [ 1.447374, 43.027615 ], [ 1.446326, 43.033541 ], [ 1.441709, 43.035564 ], [ 1.436551, 43.036077 ], [ 1.427505, 43.034112 ], [ 1.421297, 43.031281 ], [ 1.421045, 43.029228 ] ] ] ] } },
{ "type": "Feature", "properties": { "codgeo": "09044", "libgeo": "Baulou", "dept": "09" }, "geometry": { "type": "MultiPolygon", "coordinates": [ [ [ [ 1.504615, 43.039701 ], [ 1.50683, 43.042647 ], [ 1.556218, 43.02356 ], [ 1.581682, 43.018334 ], [ 1.580384, 43.012722 ], [ 1.57771, 43.013183 ], [ 1.574955, 43.007712 ], [ 1.576165, 43.003131 ], [ 1.569399, 42.995652 ], [ 1.567334, 42.994425 ], [ 1.563351, 42.996224 ], [ 1.558746, 42.999591 ], [ 1.542375, 43.00646 ], [ 1.525126, 43.00745 ], [ 1.521707, 43.008648 ], [ 1.519845, 43.019126 ], [ 1.517849, 43.022308 ], [ 1.507585, 43.029787 ], [ 1.504082, 43.038107 ], [ 1.505385, 43.039382 ], [ 1.504615, 43.039701 ] ] ] ] } },
{ "type": "Feature", "properties": { "codgeo": "09045", "libgeo": "Bédeilhac-et-Aynat", "dept": "09" }, "geometry": { "type": "MultiPolygon", "coordinates": [ [ [ [ 1.566304, 42.899964 ], [ 1.580885, 42.89438 ], [ 1.577527, 42.866498 ], [ 1.567946, 42.862898 ], [ 1.56583, 42.863824 ], [ 1.553014, 42.865027 ], [ 1.552378, 42.871408 ], [ 1.555715, 42.880837 ], [ 1.562835, 42.890733 ], [ 1.566304, 42.899964 ] ] ] ] } },
{ "type": "Feature", "properties": { "codgeo": "09046", "libgeo": "Bédeille", "dept": "09" }, "geometry": { "type": "MultiPolygon", "coordinates": [ [ [ [ 1.068208, 43.095354 ], [ 1.078037, 43.097465 ], [ 1.083847, 43.096108 ], [ 1.090296, 43.095702 ], [ 1.10721, 43.096326 ], [ 1.120417, 43.087997 ], [ 1.124601, 43.079025 ], [ 1.126049, 43.07226 ], [ 1.122146, 43.070606 ], [ 1.1221, 43.0688 ], [ 1.112968, 43.069408 ], [ 1.096386, 43.072062 ], [ 1.086497, 43.077417 ], [ 1.081114, 43.086605 ], [ 1.07769, 43.088742 ], [ 1.071315, 43.090842 ], [ 1.068208, 43.095354 ] ] ] ] } },
{ "type": "Feature", "properties": { "codgeo": "09047", "libgeo": "Bélesta", "dept": "09" }, "geometry": { "type": "MultiPolygon", "coordinates": [ [ [ [ 1.956614, 42.913391 ], [ 1.990292, 42.910181 ], [ 1.992055, 42.905173 ], [ 1.987548, 42.898458 ], [ 1.982986, 42.88827 ], [ 1.981001, 42.87864 ], [ 1.986886, 42.870928 ], [ 1.960472, 42.861389 ], [ 1.954642, 42.862951 ], [ 1.942062, 42.868145 ], [ 1.936109, 42.874432 ], [ 1.928267, 42.886797 ], [ 1.927311, 42.892262 ], [ 1.918292, 42.89692 ], [ 1.912874, 42.8987 ], [ 1.910394, 42.906719 ], [ 1.911716, 42.913917 ], [ 1.918513, 42.91632 ], [ 1.923251, 42.921916 ], [ 1.932197, 42.92028 ], [ 1.948708, 42.915122 ], [ 1.956614, 42.913391 ] ] ] ] } },
{ "type": "Feature", "properties": { "codgeo": "09049", "libgeo": "Bénac", "dept": "09" }, "geometry": { "type": "MultiPolygon", "coordinates": [ [ [ [ 1.503231, 42.947786 ], [ 1.502727, 42.948779 ], [ 1.507298, 42.951135 ], [ 1.531905, 42.961567 ], [ 1.541864, 42.971011 ], [ 1.543527, 42.968794 ], [ 1.550769, 42.963255 ], [ 1.540058, 42.962491 ], [ 1.537141, 42.960999 ], [ 1.535096, 42.958374 ], [ 1.536915, 42.955431 ], [ 1.534735, 42.951495 ], [ 1.525132, 42.952703 ], [ 1.514803, 42.948751 ], [ 1.503231, 42.947786 ] ] ] ] } },
{ "type": "Feature", "properties": { "codgeo": "09051", "libgeo": "Bénaix", "dept": "09" }, "geometry": { "type": "MultiPolygon", "coordinates": [ [ [ [ 1.822462, 42.8817 ], [ 1.821633, 42.892126 ], [ 1.812989, 42.897409 ], [ 1.81324, 42.89801 ], [ 1.821359, 42.898951 ], [ 1.828163, 42.901803 ], [ 1.842532, 42.910627 ], [ 1.859383, 42.912441 ], [ 1.876838, 42.910993 ], [ 1.887338, 42.908225 ], [ 1.885792, 42.894853 ], [ 1.883287, 42.895858 ], [ 1.868859, 42.894958 ], [ 1.866283, 42.891645 ], [ 1.868157, 42.886683 ], [ 1.867349, 42.882808 ], [ 1.859187, 42.877988 ], [ 1.853272, 42.876022 ], [ 1.846221, 42.874845 ], [ 1.845565, 42.874002 ], [ 1.840045, 42.878586 ], [ 1.827248, 42.881545 ], [ 1.822462, 42.8817 ] ] ] ] } },
{ "type": "Feature", "properties": { "codgeo": "09053", "libgeo": "Bestiac", "dept": "09" }, "geometry": { "type": "MultiPolygon", "coordinates": [ [ [ [ 1.800881, 42.80837 ], [ 1.817603, 42.80559 ], [ 1.823118, 42.798071 ], [ 1.825306, 42.797094 ], [ 1.806834, 42.791396 ], [ 1.801784, 42.783724 ], [ 1.795077, 42.765287 ], [ 1.800454, 42.758704 ], [ 1.784532, 42.762898 ], [ 1.775003, 42.768794 ], [ 1.78512, 42.775233 ], [ 1.792396, 42.784311 ], [ 1.801419, 42.807041 ], [ 1.800881, 42.80837 ] ] ] ] } },
{ "type": "Feature", "properties": { "codgeo": "09054", "libgeo": "Betchat", "dept": "09" }, "geometry": { "type": "MultiPolygon", "coordinates": [ [ [ [ 1.063721, 43.100675 ], [ 1.065596, 43.100058 ], [ 1.065279, 43.095254 ], [ 1.068208, 43.095354 ], [ 1.071315, 43.090842 ], [ 1.066815, 43.086194 ], [ 1.057513, 43.078852 ], [ 1.054405, 43.073888 ], [ 1.055957, 43.072093 ], [ 1.053965, 43.066308 ], [ 1.051106, 43.063059 ], [ 1.040244, 43.058105 ], [ 1.038133, 43.058031 ], [ 1.03588, 43.059109 ], [ 1.025758, 43.059162 ], [ 1.016977, 43.063066 ], [ 1.009081, 43.068555 ], [ 0.999829, 43.07682 ], [ 0.999076, 43.085067 ], [ 0.992389, 43.097913 ], [ 0.999225, 43.100536 ], [ 1.004375, 43.104398 ], [ 1.003965, 43.11102 ], [ 1.000841, 43.114095 ], [ 1.009632, 43.113248 ], [ 1.011964, 43.109663 ], [ 1.024838, 43.102424 ], [ 1.032594, 43.099451 ], [ 1.038606, 43.100346 ], [ 1.046337, 43.096968 ], [ 1.048256, 43.096791 ], [ 1.060571, 43.098989 ], [ 1.063721, 43.100675 ] ] ] ] } },
{ "type": "Feature", "properties": { "codgeo": "09055", "libgeo": "Bethmale", "dept": "09" }, "geometry": { "type": "MultiPolygon", "coordinates": [ [ [ [ 1.095867, 42.887576 ], [ 1.099582, 42.879561 ], [ 1.104939, 42.872374 ], [ 1.109934, 42.870086 ], [ 1.114602, 42.869368 ], [ 1.107319, 42.860381 ], [ 1.095295, 42.842919 ], [ 1.088126, 42.838788 ], [ 1.085676, 42.828608 ], [ 1.086825, 42.819555 ], [ 1.089161, 42.815165 ], [ 1.087738, 42.804217 ], [ 1.085545, 42.797849 ], [ 1.084023, 42.797742 ], [ 1.069616, 42.802845 ], [ 1.063972, 42.806559 ], [ 1.062972, 42.810419 ], [ 1.062467, 42.829933 ], [ 1.059762, 42.836687 ], [ 1.056843, 42.837582 ], [ 1.058407, 42.84741 ], [ 1.058013, 42.85602 ], [ 1.051067, 42.865935 ], [ 1.045494, 42.882987 ], [ 1.046874, 42.888819 ], [ 1.051667, 42.890853 ], [ 1.060686, 42.892672 ], [ 1.068922, 42.8915 ], [ 1.074869, 42.889415 ], [ 1.079667, 42.889866 ], [ 1.086114, 42.8916 ], [ 1.088645, 42.893981 ], [ 1.092554, 42.888256 ], [ 1.095867, 42.887576 ] ] ] ] } },
{ "type": "Feature", "properties": { "codgeo": "09057", "libgeo": "Biert", "dept": "09" }, "geometry": { "type": "MultiPolygon", "coordinates": [ [ [ [ 1.288112, 42.928847 ], [ 1.301705, 42.932198 ], [ 1.316697, 42.933152 ], [ 1.3285, 42.93276 ], [ 1.331673, 42.933733 ], [ 1.338028, 42.930577 ], [ 1.343175, 42.926793 ], [ 1.346982, 42.922641 ], [ 1.343467, 42.917947 ], [ 1.331829, 42.909345 ], [ 1.33198, 42.897761 ], [ 1.335784, 42.896588 ], [ 1.335191, 42.89531 ], [ 1.319369, 42.892795 ], [ 1.311228, 42.880526 ], [ 1.303708, 42.872495 ], [ 1.308782, 42.854238 ], [ 1.30378, 42.859648 ], [ 1.298597, 42.862 ], [ 1.290418, 42.867957 ], [ 1.287807, 42.871267 ], [ 1.286444, 42.871565 ], [ 1.286303, 42.875975 ], [ 1.283066, 42.877786 ], [ 1.281179, 42.884101 ], [ 1.281678, 42.889099 ], [ 1.285931, 42.89412 ], [ 1.292876, 42.895988 ], [ 1.296599, 42.902639 ], [ 1.291494, 42.908483 ], [ 1.28422, 42.910487 ], [ 1.28666, 42.92505 ], [ 1.288112, 42.928847 ] ] ] ] } },
{ "type": "Feature", "properties": { "codgeo": "09058", "libgeo": "Bompas", "dept": "09" }, "geometry": { "type": "MultiPolygon", "coordinates": [ [ [ [ 1.613869, 42.867049 ], [ 1.621192, 42.872033 ], [ 1.633516, 42.868422 ], [ 1.628502, 42.856332 ], [ 1.627037, 42.85502 ], [ 1.622049, 42.853296 ], [ 1.61867, 42.856406 ], [ 1.606788, 42.859489 ], [ 1.60422, 42.862534 ], [ 1.608271, 42.866325 ], [ 1.613869, 42.867049 ] ] ] ] } },
{ "type": "Feature", "properties": { "codgeo": "09059", "libgeo": "Bonac-Irazein", "dept": "09" }, "geometry": { "type": "MultiPolygon", "coordinates": [ [ [ [ 1.005569, 42.790828 ], [ 0.996217, 42.787636 ], [ 0.991092, 42.786821 ], [ 0.983493, 42.786855 ], [ 0.979196, 42.78975 ], [ 0.977923, 42.792088 ], [ 0.965975, 42.803705 ], [ 0.959975, 42.805927 ], [ 0.960371, 42.816868 ], [ 0.963383, 42.82428 ], [ 0.963788, 42.834345 ], [ 0.960075, 42.839687 ], [ 0.960938, 42.844862 ], [ 0.964907, 42.852555 ], [ 0.965438, 42.856688 ], [ 0.963744, 42.8597 ], [ 0.963004, 42.865135 ], [ 0.964154, 42.87457 ], [ 0.963447, 42.87925 ], [ 0.953169, 42.891421 ], [ 0.950338, 42.899819 ], [ 0.961282, 42.899488 ], [ 0.964902, 42.900402 ], [ 0.975071, 42.897919 ], [ 0.974052, 42.896368 ], [ 0.972744, 42.88567 ], [ 0.973546, 42.882694 ], [ 0.975677, 42.881359 ], [ 0.983022, 42.880142 ], [ 0.994785, 42.880739 ], [ 0.996447, 42.881449 ], [ 1.008318, 42.871763 ], [ 1.005879, 42.866632 ], [ 1.00472, 42.857228 ], [ 1.006039, 42.808493 ], [ 1.007223, 42.804726 ], [ 1.005569, 42.790828 ] ] ] ] } },
{ "type": "Feature", "properties": { "codgeo": "09061", "libgeo": "Les Bordes-sur-Arize", "dept": "09" }, "geometry": { "type": "MultiPolygon", "coordinates": [ [ [ [ 1.334036, 43.108142 ], [ 1.341081, 43.119355 ], [ 1.354185, 43.13432 ], [ 1.362834, 43.127763 ], [ 1.368715, 43.124532 ], [ 1.389288, 43.1241 ], [ 1.396807, 43.127763 ], [ 1.402066, 43.116639 ], [ 1.390853, 43.112434 ], [ 1.386465, 43.109887 ], [ 1.377816, 43.10258 ], [ 1.372608, 43.093823 ], [ 1.363495, 43.094988 ], [ 1.343763, 43.102808 ], [ 1.334036, 43.108142 ] ] ] ] } },
{ "type": "Feature", "properties": { "codgeo": "09062", "libgeo": "Bordes-Uchentein", "dept": "09" }, "geometry": { "type": "MultiPolygon", "coordinates": [ [ [ [ 0.989934, 42.89233 ], [ 0.999236, 42.892671 ], [ 1.007404, 42.895674 ], [ 1.015212, 42.900861 ], [ 1.016942, 42.905546 ], [ 1.022773, 42.912968 ], [ 1.024718, 42.913395 ], [ 1.027327, 42.912718 ], [ 1.028307, 42.913144 ], [ 1.051475, 42.911559 ], [ 1.057582, 42.912261 ], [ 1.066448, 42.909046 ], [ 1.061305, 42.90721 ], [ 1.058365, 42.908113 ], [ 1.055197, 42.908007 ], [ 1.044664, 42.904556 ], [ 1.037873, 42.901195 ], [ 1.028395, 42.887711 ], [ 1.029734, 42.876404 ], [ 1.041682, 42.856665 ], [ 1.045358, 42.848177 ], [ 1.054723, 42.840395 ], [ 1.057147, 42.840313 ], [ 1.056843, 42.837582 ], [ 1.059762, 42.836687 ], [ 1.062467, 42.829933 ], [ 1.062972, 42.810419 ], [ 1.063972, 42.806559 ], [ 1.069616, 42.802845 ], [ 1.084023, 42.797742 ], [ 1.085545, 42.797849 ], [ 1.086772, 42.796767 ], [ 1.078914, 42.790388 ], [ 1.078681, 42.788315 ], [ 1.077063, 42.788107 ], [ 1.075405, 42.785269 ], [ 1.065996, 42.783025 ], [ 1.057062, 42.782816 ], [ 1.020225, 42.787073 ], [ 1.014406, 42.787993 ], [ 1.005569, 42.790828 ], [ 1.007223, 42.804726 ], [ 1.006039, 42.808493 ], [ 1.00472, 42.857228 ], [ 1.005879, 42.866632 ], [ 1.008318, 42.871763 ], [ 0.996447, 42.881449 ], [ 0.992581, 42.885683 ], [ 0.989934, 42.89233 ] ] ] ] } },
{ "type": "Feature", "properties": { "codgeo": "09063", "libgeo": "Le Bosc", "dept": "09" }, "geometry": { "type": "MultiPolygon", "coordinates": [ [ [ [ 1.42706, 42.957789 ], [ 1.434089, 42.961262 ], [ 1.458759, 42.964048 ], [ 1.463954, 42.952932 ], [ 1.466189, 42.942911 ], [ 1.463057, 42.938258 ], [ 1.470673, 42.932351 ], [ 1.477864, 42.939096 ], [ 1.480824, 42.939306 ], [ 1.47947, 42.92069 ], [ 1.477063, 42.914076 ], [ 1.470767, 42.907008 ], [ 1.461545, 42.905606 ], [ 1.45737, 42.905668 ], [ 1.448411, 42.908545 ], [ 1.444162, 42.910934 ], [ 1.428098, 42.914797 ], [ 1.42106, 42.915217 ], [ 1.412429, 42.916719 ], [ 1.410353, 42.917717 ], [ 1.411142, 42.93989 ], [ 1.424932, 42.951204 ], [ 1.42706, 42.957789 ] ] ] ] } },
{ "type": "Feature", "properties": { "codgeo": "09064", "libgeo": "Bouan", "dept": "09" }, "geometry": { "type": "MultiPolygon", "coordinates": [ [ [ [ 1.649852, 42.784559 ], [ 1.645024, 42.779399 ], [ 1.636105, 42.77484 ], [ 1.631467, 42.773284 ], [ 1.636252, 42.782542 ], [ 1.639566, 42.793184 ], [ 1.639349, 42.800066 ], [ 1.637497, 42.806943 ], [ 1.639979, 42.809482 ], [ 1.642669, 42.80929 ], [ 1.651469, 42.798392 ], [ 1.649114, 42.790186 ], [ 1.649852, 42.784559 ] ] ] ] } },
{ "type": "Feature", "properties": { "codgeo": "09065", "libgeo": "Boussenac", "dept": "09" }, "geometry": { "type": "MultiPolygon", "coordinates": [ [ [ [ 1.335784, 42.896588 ], [ 1.33198, 42.897761 ], [ 1.331829, 42.909345 ], [ 1.343467, 42.917947 ], [ 1.346982, 42.922641 ], [ 1.343175, 42.926793 ], [ 1.338028, 42.930577 ], [ 1.331673, 42.933733 ], [ 1.33598, 42.933759 ], [ 1.35257, 42.930324 ], [ 1.367439, 42.928885 ], [ 1.372012, 42.925804 ], [ 1.373747, 42.922954 ], [ 1.380363, 42.919405 ], [ 1.399241, 42.916141 ], [ 1.403565, 42.91614 ], [ 1.410353, 42.917717 ], [ 1.412429, 42.916719 ], [ 1.42106, 42.915217 ], [ 1.428098, 42.914797 ], [ 1.444162, 42.910934 ], [ 1.448411, 42.908545 ], [ 1.45737, 42.905668 ], [ 1.452398, 42.896863 ], [ 1.445738, 42.887722 ], [ 1.436966, 42.887777 ], [ 1.423624, 42.889149 ], [ 1.407743, 42.894294 ], [ 1.406491, 42.896125 ], [ 1.389804, 42.898847 ], [ 1.370616, 42.899501 ], [ 1.336783, 42.897381 ], [ 1.335784, 42.896588 ] ] ] ] } },
{ "type": "Feature", "properties": { "codgeo": "09066", "libgeo": "Brassac", "dept": "09" }, "geometry": { "type": "MultiPolygon", "coordinates": [ [ [ [ 1.503231, 42.947786 ], [ 1.514803, 42.948751 ], [ 1.525132, 42.952703 ], [ 1.534735, 42.951495 ], [ 1.536915, 42.955431 ], [ 1.535096, 42.958374 ], [ 1.537141, 42.960999 ], [ 1.540058, 42.962491 ], [ 1.550769, 42.963255 ], [ 1.559345, 42.960153 ], [ 1.55592, 42.957302 ], [ 1.552794, 42.955969 ], [ 1.548535, 42.947511 ], [ 1.55048, 42.941895 ], [ 1.540795, 42.9284 ], [ 1.526855, 42.919798 ], [ 1.522881, 42.916423 ], [ 1.518795, 42.912457 ], [ 1.518009, 42.907694 ], [ 1.514913, 42.906683 ], [ 1.507467, 42.90595 ], [ 1.476355, 42.90583 ], [ 1.470767, 42.907008 ], [ 1.477063, 42.914076 ], [ 1.47947, 42.92069 ], [ 1.480824, 42.939306 ], [ 1.482992, 42.949487 ], [ 1.495051, 42.947709 ], [ 1.502936, 42.947065 ], [ 1.503231, 42.947786 ] ] ] ] } },
{ "type": "Feature", "properties": { "codgeo": "09068", "libgeo": "Burret", "dept": "09" }, "geometry": { "type": "MultiPolygon", "coordinates": [ [ [ [ 1.482992, 42.949487 ], [ 1.480824, 42.939306 ], [ 1.477864, 42.939096 ], [ 1.470673, 42.932351 ], [ 1.463057, 42.938258 ], [ 1.466189, 42.942911 ], [ 1.463954, 42.952932 ], [ 1.458759, 42.964048 ], [ 1.461096, 42.96541 ], [ 1.460914, 42.968701 ], [ 1.462904, 42.970539 ], [ 1.463989, 42.967958 ], [ 1.46705, 42.964848 ], [ 1.475037, 42.960806 ], [ 1.481871, 42.95963 ], [ 1.485385, 42.958139 ], [ 1.489016, 42.952319 ], [ 1.482992, 42.949487 ] ] ] ] } },
{ "type": "Feature", "properties": { "codgeo": "09069", "libgeo": "Buzan", "dept": "09" }, "geometry": { "type": "MultiPolygon", "coordinates": [ [ [ [ 0.943541, 42.947992 ], [ 0.938099, 42.965648 ], [ 0.951152, 42.966177 ], [ 0.962796, 42.968703 ], [ 0.964707, 42.970799 ], [ 0.967257, 42.971815 ], [ 0.974964, 42.972718 ], [ 0.979095, 42.974433 ], [ 0.983497, 42.969359 ], [ 0.985473, 42.964462 ], [ 0.984905, 42.962691 ], [ 0.97337, 42.956319 ], [ 0.969271, 42.949139 ], [ 0.968838, 42.94024 ], [ 0.966048, 42.938936 ], [ 0.958575, 42.938628 ], [ 0.952309, 42.941585 ], [ 0.950537, 42.940032 ], [ 0.943541, 42.947992 ] ] ] ] } },
{ "type": "Feature", "properties": { "codgeo": "09070", "libgeo": "Les Cabannes", "dept": "09" }, "geometry": { "type": "MultiPolygon", "coordinates": [ [ [ [ 1.678749, 42.787529 ], [ 1.679016, 42.790741 ], [ 1.685833, 42.790215 ], [ 1.692993, 42.786783 ], [ 1.694238, 42.782285 ], [ 1.697732, 42.778364 ], [ 1.696747, 42.776163 ], [ 1.692867, 42.782834 ], [ 1.688219, 42.78404 ], [ 1.682599, 42.783719 ], [ 1.678749, 42.787529 ] ] ] ] } },
{ "type": "Feature", "properties": { "codgeo": "09071", "libgeo": "Cadarcet", "dept": "09" }, "geometry": { "type": "MultiPolygon", "coordinates": [ [ [ [ 1.521707, 43.008648 ], [ 1.519303, 43.003969 ], [ 1.52067, 43.001024 ], [ 1.520204, 42.998978 ], [ 1.512189, 42.991138 ], [ 1.504384, 42.992293 ], [ 1.498107, 42.992213 ], [ 1.496543, 42.991552 ], [ 1.490731, 43.002439 ], [ 1.482918, 43.002927 ], [ 1.483987, 43.007264 ], [ 1.482475, 43.015772 ], [ 1.486884, 43.018687 ], [ 1.491508, 43.0234 ], [ 1.492741, 43.033309 ], [ 1.488668, 43.037331 ], [ 1.488828, 43.039554 ], [ 1.490552, 43.040896 ], [ 1.495843, 43.042862 ], [ 1.505385, 43.039382 ], [ 1.504082, 43.038107 ], [ 1.507585, 43.029787 ], [ 1.517849, 43.022308 ], [ 1.519845, 43.019126 ], [ 1.521707, 43.008648 ] ] ] ] } },
{ "type": "Feature", "properties": { "codgeo": "09072", "libgeo": "Calzan", "dept": "09" }, "geometry": { "type": "MultiPolygon", "coordinates": [ [ [ [ 1.729563, 43.03997 ], [ 1.740317, 43.04697 ], [ 1.746575, 43.044144 ], [ 1.749028, 43.040844 ], [ 1.750747, 43.035502 ], [ 1.750512, 43.028224 ], [ 1.744147, 43.017432 ], [ 1.743847, 43.019452 ], [ 1.738219, 43.023461 ], [ 1.735044, 43.024408 ], [ 1.731583, 43.024445 ], [ 1.732552, 43.02586 ], [ 1.732272, 43.03036 ], [ 1.728364, 43.038518 ], [ 1.729563, 43.03997 ] ] ] ] } },
{ "type": "Feature", "properties": { "codgeo": "09073", "libgeo": "Camarade", "dept": "09" }, "geometry": { "type": "MultiPolygon", "coordinates": [ [ [ [ 1.259441, 43.04135 ], [ 1.247723, 43.045673 ], [ 1.244432, 43.056465 ], [ 1.238306, 43.062127 ], [ 1.246362, 43.076344 ], [ 1.245797, 43.088086 ], [ 1.270233, 43.093354 ], [ 1.291559, 43.092378 ], [ 1.320383, 43.09222 ], [ 1.322013, 43.086901 ], [ 1.31417, 43.07435 ], [ 1.312821, 43.069146 ], [ 1.305265, 43.060763 ], [ 1.297349, 43.058402 ], [ 1.291212, 43.053306 ], [ 1.291412, 43.049205 ], [ 1.282145, 43.039621 ], [ 1.269768, 43.039946 ], [ 1.259441, 43.04135 ] ] ] ] } },
{ "type": "Feature", "properties": { "codgeo": "09075", "libgeo": "Campagne-sur-Arize", "dept": "09" }, "geometry": { "type": "MultiPolygon", "coordinates": [ [ [ [ 1.281089, 43.112882 ], [ 1.282422, 43.113907 ], [ 1.282964, 43.116648 ], [ 1.285307, 43.119733 ], [ 1.291357, 43.124201 ], [ 1.30282, 43.122596 ], [ 1.316337, 43.128602 ], [ 1.33512, 43.144416 ], [ 1.340674, 43.140038 ], [ 1.346266, 43.138223 ], [ 1.354185, 43.13432 ], [ 1.341081, 43.119355 ], [ 1.334036, 43.108142 ], [ 1.334728, 43.104786 ], [ 1.320362, 43.094354 ], [ 1.317921, 43.102524 ], [ 1.316247, 43.10428 ], [ 1.293137, 43.111238 ], [ 1.28356, 43.111881 ], [ 1.281089, 43.112882 ] ] ] ] } },
{ "type": "Feature", "properties": { "codgeo": "09077", "libgeo": "Capoulet-et-Junac", "dept": "09" }, "geometry": { "type": "MultiPolygon", "coordinates": [ [ [ [ 1.585293, 42.802644 ], [ 1.591562, 42.80194 ], [ 1.58937, 42.798712 ], [ 1.589249, 42.793964 ], [ 1.582363, 42.787956 ], [ 1.570814, 42.78243 ], [ 1.562831, 42.785907 ], [ 1.558841, 42.784694 ], [ 1.557584, 42.785217 ], [ 1.566415, 42.792297 ], [ 1.585293, 42.802644 ] ] ] ] } },
{ "type": "Feature", "properties": { "codgeo": "09078", "libgeo": "Carcanières", "dept": "09" }, "geometry": { "type": "MultiPolygon", "coordinates": [ [ [ [ 2.102712, 42.711742 ], [ 2.102564, 42.714363 ], [ 2.113764, 42.724818 ], [ 2.132638, 42.715097 ], [ 2.140606, 42.705759 ], [ 2.140849, 42.697656 ], [ 2.139153, 42.695147 ], [ 2.135773, 42.692779 ], [ 2.124425, 42.693113 ], [ 2.11892, 42.697447 ], [ 2.116129, 42.704175 ], [ 2.110776, 42.707927 ], [ 2.102712, 42.711742 ] ] ] ] } },
{ "type": "Feature", "properties": { "codgeo": "09080", "libgeo": "Carla-de-Roquefort", "dept": "09" }, "geometry": { "type": "MultiPolygon", "coordinates": [ [ [ [ 1.771374, 42.994064 ], [ 1.775711, 42.989811 ], [ 1.788449, 42.970527 ], [ 1.789188, 42.963596 ], [ 1.778572, 42.964718 ], [ 1.768985, 42.961963 ], [ 1.751102, 42.96696 ], [ 1.721931, 42.972339 ], [ 1.723865, 42.975682 ], [ 1.738846, 42.978597 ], [ 1.755267, 42.980447 ], [ 1.756649, 42.982064 ], [ 1.756057, 42.987276 ], [ 1.760143, 42.987158 ], [ 1.771374, 42.994064 ] ] ] ] } },
{ "type": "Feature", "properties": { "codgeo": "09082", "libgeo": "Castelnau-Durban", "dept": "09" }, "geometry": { "type": "MultiPolygon", "coordinates": [ [ [ [ 1.335097, 43.003835 ], [ 1.341338, 43.00493 ], [ 1.352877, 43.007704 ], [ 1.360763, 43.011678 ], [ 1.372281, 43.014868 ], [ 1.374601, 43.002633 ], [ 1.374192, 43.000749 ], [ 1.365247, 43.000146 ], [ 1.35775, 42.996999 ], [ 1.357104, 42.996159 ], [ 1.35747, 42.989599 ], [ 1.355789, 42.984782 ], [ 1.342352, 42.980907 ], [ 1.327117, 42.97019 ], [ 1.310738, 42.975109 ], [ 1.309157, 42.9766 ], [ 1.310721, 42.977644 ], [ 1.309737, 42.986518 ], [ 1.318437, 42.997811 ], [ 1.319442, 43.005452 ], [ 1.335097, 43.003835 ] ] ] ] } },
{ "type": "Feature", "properties": { "codgeo": "09085", "libgeo": "Castillon-en-Couserans", "dept": "09" }, "geometry": { "type": "MultiPolygon", "coordinates": [ [ [ [ 1.027327, 42.912718 ], [ 1.027422, 42.919413 ], [ 1.030884, 42.929328 ], [ 1.042298, 42.921891 ], [ 1.058768, 42.917035 ], [ 1.073274, 42.917343 ], [ 1.07825, 42.919546 ], [ 1.082417, 42.918047 ], [ 1.08275, 42.919503 ], [ 1.081048, 42.922456 ], [ 1.084063, 42.92485 ], [ 1.086636, 42.925112 ], [ 1.088932, 42.918507 ], [ 1.087407, 42.915619 ], [ 1.083152, 42.913354 ], [ 1.077853, 42.909159 ], [ 1.072925, 42.908444 ], [ 1.066448, 42.909046 ], [ 1.057582, 42.912261 ], [ 1.051475, 42.911559 ], [ 1.028307, 42.913144 ], [ 1.027327, 42.912718 ] ] ] ] } },
{ "type": "Feature", "properties": { "codgeo": "09086", "libgeo": "Caumont", "dept": "09" }, "geometry": { "type": "MultiPolygon", "coordinates": [ [ [ [ 1.101957, 43.001906 ], [ 1.099089, 43.001126 ], [ 1.091786, 43.001038 ], [ 1.090564, 43.002554 ], [ 1.090786, 43.003644 ], [ 1.083159, 43.008567 ], [ 1.069935, 43.011405 ], [ 1.066852, 43.016281 ], [ 1.062392, 43.019514 ], [ 1.059083, 43.020419 ], [ 1.060521, 43.021726 ], [ 1.060191, 43.027269 ], [ 1.048226, 43.033581 ], [ 1.047391, 43.035444 ], [ 1.088732, 43.038262 ], [ 1.095019, 43.037941 ], [ 1.102811, 43.035546 ], [ 1.094519, 43.023521 ], [ 1.091479, 43.020795 ], [ 1.090654, 43.016376 ], [ 1.091172, 43.01382 ], [ 1.106882, 43.004109 ], [ 1.107176, 43.001863 ], [ 1.102488, 43.002885 ], [ 1.101957, 43.001906 ] ] ] ] } },
{ "type": "Feature", "properties": { "codgeo": "09087", "libgeo": "Caussou", "dept": "09" }, "geometry": { "type": "MultiPolygon", "coordinates": [ [ [ [ 1.825306, 42.797094 ], [ 1.834066, 42.790392 ], [ 1.84874, 42.770254 ], [ 1.85121, 42.760788 ], [ 1.848906, 42.757822 ], [ 1.821819, 42.751652 ], [ 1.82095, 42.753182 ], [ 1.81863, 42.754194 ], [ 1.810683, 42.753944 ], [ 1.800454, 42.758704 ], [ 1.795077, 42.765287 ], [ 1.801784, 42.783724 ], [ 1.806834, 42.791396 ], [ 1.825306, 42.797094 ] ] ] ] } },
{ "type": "Feature", "properties": { "codgeo": "09088", "libgeo": "Caychax-et-Senconac", "dept": "09" }, "geometry": { "type": "MultiPolygon", "coordinates": [ [ [ [ 1.720554, 42.784345 ], [ 1.713742, 42.786225 ], [ 1.70717, 42.789495 ], [ 1.702055, 42.800036 ], [ 1.717561, 42.813357 ], [ 1.717597, 42.815657 ], [ 1.71523, 42.820233 ], [ 1.698728, 42.824431 ], [ 1.714137, 42.826455 ], [ 1.723885, 42.833249 ], [ 1.726934, 42.833406 ], [ 1.729963, 42.832416 ], [ 1.732056, 42.830631 ], [ 1.739736, 42.828908 ], [ 1.742644, 42.827565 ], [ 1.744006, 42.82604 ], [ 1.735675, 42.81266 ], [ 1.730839, 42.800023 ], [ 1.726495, 42.794457 ], [ 1.725847, 42.785364 ], [ 1.720554, 42.784345 ] ] ] ] } },
{ "type": "Feature", "properties": { "codgeo": "09090", "libgeo": "Cazaux", "dept": "09" }, "geometry": { "type": "MultiPolygon", "coordinates": [ [ [ [ 1.496286, 43.05004 ], [ 1.516804, 43.066487 ], [ 1.524339, 43.071441 ], [ 1.526856, 43.067947 ], [ 1.535314, 43.059817 ], [ 1.535701, 43.058427 ], [ 1.537192, 43.057705 ], [ 1.536322, 43.046084 ], [ 1.533329, 43.042636 ], [ 1.527475, 43.040415 ], [ 1.519057, 43.040711 ], [ 1.516639, 43.038491 ], [ 1.497053, 43.047225 ], [ 1.496066, 43.048285 ], [ 1.496286, 43.05004 ] ] ] ] } },
{ "type": "Feature", "properties": { "codgeo": "09091", "libgeo": "Cazavet", "dept": "09" }, "geometry": { "type": "MultiPolygon", "coordinates": [ [ [ [ 1.022244, 43.010019 ], [ 1.034207, 43.016546 ], [ 1.044515, 43.016616 ], [ 1.048528, 43.015632 ], [ 1.059083, 43.020419 ], [ 1.062392, 43.019514 ], [ 1.066852, 43.016281 ], [ 1.069935, 43.011405 ], [ 1.061432, 43.012884 ], [ 1.060452, 43.002487 ], [ 1.061517, 42.989737 ], [ 1.05824, 42.982752 ], [ 1.044876, 42.977062 ], [ 1.038744, 42.972877 ], [ 1.037246, 42.975174 ], [ 1.027743, 42.980915 ], [ 0.995097, 42.990834 ], [ 1.001571, 43.002263 ], [ 1.007048, 43.007587 ], [ 1.022244, 43.010019 ] ] ] ] } },
{ "type": "Feature", "properties": { "codgeo": "09092", "libgeo": "Cazenave-Serres-et-Allens", "dept": "09" }, "geometry": { "type": "MultiPolygon", "coordinates": [ [ [ [ 1.702772, 42.861298 ], [ 1.707809, 42.857976 ], [ 1.717129, 42.85609 ], [ 1.716047, 42.855139 ], [ 1.715188, 42.846015 ], [ 1.715715, 42.840423 ], [ 1.716628, 42.838958 ], [ 1.72202, 42.836077 ], [ 1.723885, 42.833249 ], [ 1.714137, 42.826455 ], [ 1.698728, 42.824431 ], [ 1.696735, 42.825419 ], [ 1.691948, 42.824737 ], [ 1.681179, 42.819948 ], [ 1.678801, 42.825197 ], [ 1.676889, 42.826945 ], [ 1.661577, 42.835131 ], [ 1.663559, 42.837793 ], [ 1.660959, 42.846796 ], [ 1.664985, 42.852748 ], [ 1.674763, 42.859106 ], [ 1.698986, 42.86165 ], [ 1.702772, 42.861298 ] ] ] ] } },
{ "type": "Feature", "properties": { "codgeo": "09093", "libgeo": "Celles", "dept": "09" }, "geometry": { "type": "MultiPolygon", "coordinates": [ [ [ [ 1.721872, 42.931752 ], [ 1.722554, 42.929951 ], [ 1.721533, 42.921393 ], [ 1.718743, 42.913768 ], [ 1.706028, 42.910865 ], [ 1.701602, 42.906608 ], [ 1.696194, 42.89735 ], [ 1.694195, 42.895855 ], [ 1.687853, 42.896391 ], [ 1.682389, 42.900509 ], [ 1.674139, 42.913019 ], [ 1.674084, 42.91713 ], [ 1.68123, 42.922914 ], [ 1.680246, 42.928765 ], [ 1.706567, 42.932199 ], [ 1.713451, 42.932355 ], [ 1.719006, 42.931225 ], [ 1.721872, 42.931752 ] ] ] ] } },
{ "type": "Feature", "properties": { "codgeo": "09094", "libgeo": "Cérizols", "dept": "09" }, "geometry": { "type": "MultiPolygon", "coordinates": [ [ [ [ 1.051864, 43.143909 ], [ 1.053494, 43.145416 ], [ 1.058577, 43.14227 ], [ 1.087966, 43.13375 ], [ 1.093529, 43.128968 ], [ 1.09612, 43.124728 ], [ 1.096641, 43.119825 ], [ 1.094226, 43.112279 ], [ 1.091914, 43.108537 ], [ 1.063215, 43.105057 ], [ 1.062343, 43.101292 ], [ 1.063721, 43.100675 ], [ 1.060571, 43.098989 ], [ 1.048256, 43.096791 ], [ 1.046337, 43.096968 ], [ 1.038606, 43.100346 ], [ 1.044317, 43.111555 ], [ 1.050844, 43.119815 ], [ 1.052629, 43.125596 ], [ 1.051864, 43.143909 ] ] ] ] } },
{ "type": "Feature", "properties": { "codgeo": "09095", "libgeo": "Cescau", "dept": "09" }, "geometry": { "type": "MultiPolygon", "coordinates": [ [ [ [ 1.030884, 42.929328 ], [ 1.028741, 42.933446 ], [ 1.028174, 42.938123 ], [ 1.036375, 42.944571 ], [ 1.044054, 42.940595 ], [ 1.051206, 42.93432 ], [ 1.060005, 42.928753 ], [ 1.07825, 42.919546 ], [ 1.073274, 42.917343 ], [ 1.058768, 42.917035 ], [ 1.042298, 42.921891 ], [ 1.030884, 42.929328 ] ] ] ] } },
{ "type": "Feature", "properties": { "codgeo": "09096", "libgeo": "Château-Verdun", "dept": "09" }, "geometry": { "type": "MultiPolygon", "coordinates": [ [ [ [ 1.678749, 42.787529 ], [ 1.682599, 42.783719 ], [ 1.680278, 42.773632 ], [ 1.673788, 42.780436 ], [ 1.670191, 42.781368 ], [ 1.674153, 42.786869 ], [ 1.678749, 42.787529 ] ] ] ] } },
{ "type": "Feature", "properties": { "codgeo": "09097", "libgeo": "Clermont", "dept": "09" }, "geometry": { "type": "MultiPolygon", "coordinates": [ [ [ [ 1.316654, 43.038011 ], [ 1.31803, 43.033692 ], [ 1.316731, 43.033133 ], [ 1.304473, 43.029345 ], [ 1.292371, 43.028234 ], [ 1.287114, 43.028584 ], [ 1.281606, 43.025043 ], [ 1.278403, 43.025407 ], [ 1.264313, 43.032756 ], [ 1.259441, 43.04135 ], [ 1.269768, 43.039946 ], [ 1.282145, 43.039621 ], [ 1.291412, 43.049205 ], [ 1.297245, 43.050235 ], [ 1.310161, 43.044761 ], [ 1.316654, 43.038011 ] ] ] ] } },
{ "type": "Feature", "properties": { "codgeo": "09098", "libgeo": "Contrazy", "dept": "09" }, "geometry": { "type": "MultiPolygon", "coordinates": [ [ [ [ 1.212078, 43.073612 ], [ 1.238306, 43.062127 ], [ 1.231047, 43.05582 ], [ 1.225414, 43.053302 ], [ 1.21021, 43.051058 ], [ 1.20175, 43.046837 ], [ 1.196688, 43.042175 ], [ 1.189412, 43.041728 ], [ 1.187423, 43.044634 ], [ 1.183575, 43.045546 ], [ 1.180568, 43.051932 ], [ 1.189577, 43.06199 ], [ 1.201292, 43.068298 ], [ 1.20506, 43.067734 ], [ 1.210088, 43.06952 ], [ 1.212415, 43.072961 ], [ 1.212078, 43.073612 ] ] ] ] } },
{ "type": "Feature", "properties": { "codgeo": "09099", "libgeo": "Cos", "dept": "09" }, "geometry": { "type": "MultiPolygon", "coordinates": [ [ [ [ 1.550062, 42.973858 ], [ 1.556691, 42.982382 ], [ 1.561732, 42.99142 ], [ 1.553637, 42.9964 ], [ 1.553177, 42.998742 ], [ 1.554428, 43.001267 ], [ 1.558746, 42.999591 ], [ 1.563351, 42.996224 ], [ 1.567334, 42.994425 ], [ 1.569399, 42.995652 ], [ 1.573907, 42.992944 ], [ 1.574258, 42.990064 ], [ 1.576646, 42.985576 ], [ 1.588613, 42.978684 ], [ 1.592374, 42.977308 ], [ 1.585433, 42.972948 ], [ 1.577717, 42.964197 ], [ 1.574037, 42.963282 ], [ 1.571161, 42.963396 ], [ 1.569469, 42.966492 ], [ 1.565504, 42.969347 ], [ 1.558543, 42.970544 ], [ 1.550062, 42.973858 ] ] ] ] } },
{ "type": "Feature", "properties": { "codgeo": "09100", "libgeo": "Couflens", "dept": "09" }, "geometry": { "type": "MultiPolygon", "coordinates": [ [ [ [ 1.229338, 42.727801 ], [ 1.224466, 42.724199 ], [ 1.219175, 42.721794 ], [ 1.202927, 42.718498 ], [ 1.188461, 42.716847 ], [ 1.182682, 42.714009 ], [ 1.17514, 42.708747 ], [ 1.171106, 42.708158 ], [ 1.16684, 42.709031 ], [ 1.143315, 42.72272 ], [ 1.132938, 42.730676 ], [ 1.130377, 42.740701 ], [ 1.128949, 42.754606 ], [ 1.1362, 42.755739 ], [ 1.143734, 42.760405 ], [ 1.146665, 42.766866 ], [ 1.160108, 42.78047 ], [ 1.17308, 42.786597 ], [ 1.186077, 42.789486 ], [ 1.189971, 42.793512 ], [ 1.196924, 42.812105 ], [ 1.195762, 42.822963 ], [ 1.199317, 42.829453 ], [ 1.198217, 42.831705 ], [ 1.205085, 42.82766 ], [ 1.213001, 42.817586 ], [ 1.219423, 42.804758 ], [ 1.220523, 42.799905 ], [ 1.190427, 42.791457 ], [ 1.19, 42.788233 ], [ 1.197458, 42.781265 ], [ 1.217744, 42.768285 ], [ 1.226379, 42.761286 ], [ 1.228359, 42.753719 ], [ 1.229338, 42.727801 ] ] ] ] } },
{ "type": "Feature", "properties": { "codgeo": "09101", "libgeo": "Coussa", "dept": "09" }, "geometry": { "type": "MultiPolygon", "coordinates": [ [ [ [ 1.66374, 43.064246 ], [ 1.665186, 43.06621 ], [ 1.679057, 43.072193 ], [ 1.69177, 43.078853 ], [ 1.692908, 43.08063 ], [ 1.707595, 43.074939 ], [ 1.712057, 43.074565 ], [ 1.711725, 43.068692 ], [ 1.708222, 43.057202 ], [ 1.706883, 43.055942 ], [ 1.703767, 43.056267 ], [ 1.687982, 43.051715 ], [ 1.683599, 43.054842 ], [ 1.678323, 43.056975 ], [ 1.667082, 43.057243 ], [ 1.66374, 43.064246 ] ] ] ] } },
{ "type": "Feature", "properties": { "codgeo": "09103", "libgeo": "Crampagna", "dept": "09" }, "geometry": { "type": "MultiPolygon", "coordinates": [ [ [ [ 1.581289, 43.044609 ], [ 1.581001, 43.043169 ], [ 1.583418, 43.041884 ], [ 1.587902, 43.040918 ], [ 1.597054, 43.042891 ], [ 1.601631, 43.042528 ], [ 1.604831, 43.041754 ], [ 1.612678, 43.037217 ], [ 1.612876, 43.036425 ], [ 1.60795, 43.03525 ], [ 1.605212, 43.033124 ], [ 1.608589, 43.028932 ], [ 1.608798, 43.013193 ], [ 1.613079, 43.008768 ], [ 1.612812, 43.0025 ], [ 1.609923, 43.002481 ], [ 1.609872, 43.007606 ], [ 1.606887, 43.012073 ], [ 1.562181, 43.022695 ], [ 1.564049, 43.025817 ], [ 1.56848, 43.038858 ], [ 1.572173, 43.042972 ], [ 1.57737, 43.04459 ], [ 1.581289, 43.044609 ] ] ] ] } },
{ "type": "Feature", "properties": { "codgeo": "09104", "libgeo": "Dalou", "dept": "09" }, "geometry": { "type": "MultiPolygon", "coordinates": [ [ [ [ 1.658657, 43.007934 ], [ 1.64482, 43.011291 ], [ 1.640193, 43.013314 ], [ 1.636103, 43.026448 ], [ 1.628819, 43.036283 ], [ 1.637973, 43.045988 ], [ 1.642467, 43.047554 ], [ 1.65343, 43.047098 ], [ 1.65467, 43.045803 ], [ 1.652897, 43.037959 ], [ 1.653477, 43.037018 ], [ 1.661137, 43.031762 ], [ 1.669445, 43.0311 ], [ 1.670217, 43.027628 ], [ 1.662958, 43.025448 ], [ 1.657595, 43.020128 ], [ 1.656759, 43.018317 ], [ 1.658657, 43.007934 ] ] ] ] } },
{ "type": "Feature", "properties": { "codgeo": "09105", "libgeo": "Daumazan-sur-Arize", "dept": "09" }, "geometry": { "type": "MultiPolygon", "coordinates": [ [ [ [ 1.334888, 43.152917 ], [ 1.336992, 43.149932 ], [ 1.33512, 43.144416 ], [ 1.316337, 43.128602 ], [ 1.30282, 43.122596 ], [ 1.301948, 43.124272 ], [ 1.281808, 43.138577 ], [ 1.273875, 43.148396 ], [ 1.273771, 43.150276 ], [ 1.288828, 43.164011 ], [ 1.293293, 43.166193 ], [ 1.310431, 43.156119 ], [ 1.334888, 43.152917 ] ] ] ] } },
{ "type": "Feature", "properties": { "codgeo": "09106", "libgeo": "Dreuilhe", "dept": "09" }, "geometry": { "type": "MultiPolygon", "coordinates": [ [ [ [ 1.876321, 42.95121 ], [ 1.887838, 42.949009 ], [ 1.892112, 42.938041 ], [ 1.895218, 42.935575 ], [ 1.89236, 42.925619 ], [ 1.874074, 42.930185 ], [ 1.875446, 42.934332 ], [ 1.873658, 42.936436 ], [ 1.838661, 42.9529 ], [ 1.838082, 42.957419 ], [ 1.852975, 42.95715 ], [ 1.861385, 42.956001 ], [ 1.876321, 42.95121 ] ] ] ] } },
{ "type": "Feature", "properties": { "codgeo": "09107", "libgeo": "Dun", "dept": "09" }, "geometry": { "type": "MultiPolygon", "coordinates": [ [ [ [ 1.771622, 43.054449 ], [ 1.780036, 43.052621 ], [ 1.78843, 43.052894 ], [ 1.794989, 43.05436 ], [ 1.795224, 43.055438 ], [ 1.804307, 43.056221 ], [ 1.814979, 43.056032 ], [ 1.822621, 43.058934 ], [ 1.82668, 43.058648 ], [ 1.828554, 43.057764 ], [ 1.835645, 43.06035 ], [ 1.843714, 43.055305 ], [ 1.843278, 43.049086 ], [ 1.841374, 43.048313 ], [ 1.840226, 43.039306 ], [ 1.840613, 43.037062 ], [ 1.845106, 43.034334 ], [ 1.846702, 43.026741 ], [ 1.844856, 43.0279 ], [ 1.836251, 43.03038 ], [ 1.824406, 43.023708 ], [ 1.822461, 43.013933 ], [ 1.816878, 42.999622 ], [ 1.814871, 42.997699 ], [ 1.806907, 42.995884 ], [ 1.804162, 42.993629 ], [ 1.797504, 42.994569 ], [ 1.788053, 42.997912 ], [ 1.780282, 42.997783 ], [ 1.773744, 42.996168 ], [ 1.760143, 42.987158 ], [ 1.756057, 42.987276 ], [ 1.753546, 42.988366 ], [ 1.747397, 42.994253 ], [ 1.743241, 43.000953 ], [ 1.745639, 43.007106 ], [ 1.748533, 43.010057 ], [ 1.747553, 43.016088 ], [ 1.744147, 43.017432 ], [ 1.750512, 43.028224 ], [ 1.750747, 43.035502 ], [ 1.752045, 43.034342 ], [ 1.75667, 43.033173 ], [ 1.76635, 43.035864 ], [ 1.771015, 43.045908 ], [ 1.771622, 43.054449 ] ] ] ] } },
{ "type": "Feature", "properties": { "codgeo": "09108", "libgeo": "Durban-sur-Arize", "dept": "09" }, "geometry": { "type": "MultiPolygon", "coordinates": [ [ [ [ 1.360337, 43.026445 ], [ 1.363725, 43.022263 ], [ 1.372281, 43.014868 ], [ 1.360763, 43.011678 ], [ 1.352877, 43.007704 ], [ 1.341338, 43.00493 ], [ 1.335481, 43.004308 ], [ 1.339601, 43.017026 ], [ 1.337746, 43.018588 ], [ 1.332997, 43.019718 ], [ 1.329831, 43.02963 ], [ 1.33046, 43.039294 ], [ 1.333089, 43.039574 ], [ 1.3349, 43.038926 ], [ 1.345575, 43.031536 ], [ 1.350901, 43.025399 ], [ 1.360337, 43.026445 ] ] ] ] } },
{ "type": "Feature", "properties": { "codgeo": "09110", "libgeo": "Encourtiech", "dept": "09" }, "geometry": { "type": "MultiPolygon", "coordinates": [ [ [ [ 1.199905, 42.973222 ], [ 1.207697, 42.972521 ], [ 1.213325, 42.963012 ], [ 1.213106, 42.955765 ], [ 1.205352, 42.956903 ], [ 1.197209, 42.957084 ], [ 1.176573, 42.955995 ], [ 1.168846, 42.967632 ], [ 1.182251, 42.970914 ], [ 1.19417, 42.969608 ], [ 1.199905, 42.973222 ] ] ] ] } },
{ "type": "Feature", "properties": { "codgeo": "09111", "libgeo": "Engomer", "dept": "09" }, "geometry": { "type": "MultiPolygon", "coordinates": [ [ [ [ 1.086636, 42.925112 ], [ 1.084063, 42.92485 ], [ 1.081048, 42.922456 ], [ 1.08275, 42.919503 ], [ 1.082417, 42.918047 ], [ 1.07825, 42.919546 ], [ 1.060005, 42.928753 ], [ 1.051206, 42.93432 ], [ 1.044054, 42.940595 ], [ 1.041466, 42.941881 ], [ 1.048738, 42.947924 ], [ 1.052081, 42.951879 ], [ 1.052319, 42.969722 ], [ 1.055151, 42.967511 ], [ 1.066863, 42.948774 ], [ 1.086636, 42.925112 ] ] ] ] } },
{ "type": "Feature", "properties": { "codgeo": "09113", "libgeo": "Ercé", "dept": "09" }, "geometry": { "type": "MultiPolygon", "coordinates": [ [ [ [ 1.275545, 42.872243 ], [ 1.287807, 42.871267 ], [ 1.290418, 42.867957 ], [ 1.298597, 42.862 ], [ 1.30378, 42.859648 ], [ 1.308782, 42.854238 ], [ 1.314612, 42.849583 ], [ 1.334858, 42.844741 ], [ 1.33735, 42.842465 ], [ 1.337012, 42.840889 ], [ 1.335197, 42.839247 ], [ 1.34112, 42.832691 ], [ 1.347189, 42.827474 ], [ 1.361927, 42.820075 ], [ 1.363857, 42.817928 ], [ 1.36483, 42.814038 ], [ 1.361707, 42.807533 ], [ 1.359952, 42.805937 ], [ 1.342405, 42.805162 ], [ 1.332936, 42.805785 ], [ 1.308766, 42.800443 ], [ 1.290363, 42.809383 ], [ 1.276974, 42.820238 ], [ 1.265698, 42.826589 ], [ 1.266629, 42.832984 ], [ 1.258326, 42.844427 ], [ 1.253868, 42.855787 ], [ 1.25001, 42.859817 ], [ 1.257946, 42.87049 ], [ 1.263498, 42.869771 ], [ 1.275545, 42.872243 ] ] ] ] } },
{ "type": "Feature", "properties": { "codgeo": "09114", "libgeo": "Erp", "dept": "09" }, "geometry": { "type": "MultiPolygon", "coordinates": [ [ [ [ 1.191575, 42.914653 ], [ 1.186529, 42.924334 ], [ 1.177607, 42.933056 ], [ 1.177472, 42.934979 ], [ 1.179219, 42.93859 ], [ 1.19177, 42.949718 ], [ 1.2085, 42.949752 ], [ 1.211579, 42.948617 ], [ 1.222443, 42.94764 ], [ 1.229012, 42.940642 ], [ 1.212944, 42.931477 ], [ 1.202687, 42.915668 ], [ 1.196622, 42.913462 ], [ 1.193395, 42.9137 ], [ 1.191575, 42.914653 ] ] ] ] } },
{ "type": "Feature", "properties": { "codgeo": "09118", "libgeo": "Esplas-de-Sérou", "dept": "09" }, "geometry": { "type": "MultiPolygon", "coordinates": [ [ [ [ 1.309157, 42.9766 ], [ 1.310738, 42.975109 ], [ 1.317823, 42.972514 ], [ 1.327117, 42.97019 ], [ 1.342352, 42.980907 ], [ 1.355789, 42.984782 ], [ 1.35747, 42.989599 ], [ 1.357104, 42.996159 ], [ 1.35775, 42.996999 ], [ 1.365247, 43.000146 ], [ 1.374192, 43.000749 ], [ 1.377257, 42.998089 ], [ 1.379344, 42.997516 ], [ 1.378345, 42.995595 ], [ 1.378541, 42.990685 ], [ 1.386744, 42.985469 ], [ 1.39784, 42.984041 ], [ 1.401097, 42.98069 ], [ 1.400143, 42.979906 ], [ 1.39695, 42.979766 ], [ 1.38386, 42.975814 ], [ 1.380695, 42.972948 ], [ 1.378097, 42.957157 ], [ 1.379189, 42.951492 ], [ 1.380164, 42.947034 ], [ 1.38344, 42.94211 ], [ 1.385937, 42.940453 ], [ 1.388638, 42.937005 ], [ 1.389302, 42.932016 ], [ 1.387747, 42.929162 ], [ 1.382577, 42.92479 ], [ 1.373747, 42.922954 ], [ 1.372012, 42.925804 ], [ 1.367439, 42.928885 ], [ 1.35257, 42.930324 ], [ 1.33598, 42.933759 ], [ 1.331673, 42.933733 ], [ 1.331522, 42.935394 ], [ 1.317658, 42.946125 ], [ 1.312577, 42.947791 ], [ 1.310689, 42.953643 ], [ 1.310298, 42.964499 ], [ 1.30791, 42.970025 ], [ 1.30096, 42.97649 ], [ 1.304832, 42.977494 ], [ 1.309157, 42.9766 ] ] ] ] } },
{ "type": "Feature", "properties": { "codgeo": "09119", "libgeo": "Eycheil", "dept": "09" }, "geometry": { "type": "MultiPolygon", "coordinates": [ [ [ [ 1.168846, 42.967632 ], [ 1.176835, 42.955059 ], [ 1.16671, 42.953521 ], [ 1.151705, 42.946191 ], [ 1.144652, 42.941389 ], [ 1.140346, 42.935533 ], [ 1.137999, 42.936356 ], [ 1.143482, 42.95373 ], [ 1.148194, 42.959843 ], [ 1.153256, 42.964167 ], [ 1.164238, 42.971276 ], [ 1.168846, 42.967632 ] ] ] ] } },
{ "type": "Feature", "properties": { "codgeo": "09120", "libgeo": "Fabas", "dept": "09" }, "geometry": { "type": "MultiPolygon", "coordinates": [ [ [ [ 1.089792, 43.141746 ], [ 1.113166, 43.144608 ], [ 1.111617, 43.147824 ], [ 1.112256, 43.148559 ], [ 1.128159, 43.140124 ], [ 1.139164, 43.136749 ], [ 1.147968, 43.132445 ], [ 1.150594, 43.123555 ], [ 1.149284, 43.111634 ], [ 1.153091, 43.107652 ], [ 1.158646, 43.103556 ], [ 1.156908, 43.101278 ], [ 1.155429, 43.100295 ], [ 1.141145, 43.10519 ], [ 1.127192, 43.108556 ], [ 1.122355, 43.108702 ], [ 1.113653, 43.105846 ], [ 1.10721, 43.096326 ], [ 1.090296, 43.095702 ], [ 1.083847, 43.096108 ], [ 1.078037, 43.097465 ], [ 1.065279, 43.095254 ], [ 1.065596, 43.100058 ], [ 1.062343, 43.101292 ], [ 1.063215, 43.105057 ], [ 1.091914, 43.108537 ], [ 1.094226, 43.112279 ], [ 1.096641, 43.119825 ], [ 1.09612, 43.124728 ], [ 1.093529, 43.128968 ], [ 1.087966, 43.13375 ], [ 1.086741, 43.136609 ], [ 1.089792, 43.141746 ] ] ] ] } },
{ "type": "Feature", "properties": { "codgeo": "09121", "libgeo": "Ferrières-sur-Ariège", "dept": "09" }, "geometry": { "type": "MultiPolygon", "coordinates": [ [ [ [ 1.621138, 42.945115 ], [ 1.618123, 42.933509 ], [ 1.60537, 42.931853 ], [ 1.592929, 42.928144 ], [ 1.590136, 42.928602 ], [ 1.590563, 42.934904 ], [ 1.613806, 42.948905 ], [ 1.621271, 42.950955 ], [ 1.621138, 42.945115 ] ] ] ] } },
{ "type": "Feature", "properties": { "codgeo": "09122", "libgeo": "Foix", "dept": "09" }, "geometry": { "type": "MultiPolygon", "coordinates": [ [ [ [ 1.62338, 42.967208 ], [ 1.641064, 42.957569 ], [ 1.645166, 42.95402 ], [ 1.646587, 42.948833 ], [ 1.638938, 42.943454 ], [ 1.633414, 42.940951 ], [ 1.632008, 42.942312 ], [ 1.62437, 42.945096 ], [ 1.621138, 42.945115 ], [ 1.621271, 42.950955 ], [ 1.613806, 42.948905 ], [ 1.590563, 42.934904 ], [ 1.589784, 42.931174 ], [ 1.587696, 42.93408 ], [ 1.590897, 42.942511 ], [ 1.590272, 42.944173 ], [ 1.58352, 42.954738 ], [ 1.573255, 42.957862 ], [ 1.571161, 42.963396 ], [ 1.574037, 42.963282 ], [ 1.577717, 42.964197 ], [ 1.585433, 42.972948 ], [ 1.592374, 42.977308 ], [ 1.604822, 42.976915 ], [ 1.613603, 42.984157 ], [ 1.615001, 42.986273 ], [ 1.612812, 43.0025 ], [ 1.613079, 43.008768 ], [ 1.618114, 43.007993 ], [ 1.635373, 42.995998 ], [ 1.628925, 42.990781 ], [ 1.619627, 42.978012 ], [ 1.619402, 42.974226 ], [ 1.62338, 42.967208 ] ] ] ] } },
{ "type": "Feature", "properties": { "codgeo": "09123", "libgeo": "Fornex", "dept": "09" }, "geometry": { "type": "MultiPolygon", "coordinates": [ [ [ [ 1.255253, 43.14777 ], [ 1.232434, 43.151242 ], [ 1.227975, 43.151248 ], [ 1.220052, 43.152584 ], [ 1.216015, 43.157324 ], [ 1.21593, 43.162308 ], [ 1.227741, 43.173777 ], [ 1.235006, 43.174884 ], [ 1.240894, 43.177236 ], [ 1.249657, 43.18329 ], [ 1.253655, 43.183884 ], [ 1.261688, 43.174403 ], [ 1.256651, 43.149019 ], [ 1.255253, 43.14777 ] ] ] ] } },
{ "type": "Feature", "properties": { "codgeo": "09125", "libgeo": "Fougax-et-Barrineuf", "dept": "09" }, "geometry": { "type": "MultiPolygon", "coordinates": [ [ [ [ 1.885792, 42.894853 ], [ 1.908412, 42.898908 ], [ 1.912874, 42.8987 ], [ 1.918292, 42.89692 ], [ 1.927311, 42.892262 ], [ 1.928267, 42.886797 ], [ 1.936109, 42.874432 ], [ 1.942062, 42.868145 ], [ 1.954642, 42.862951 ], [ 1.960472, 42.861389 ], [ 1.947772, 42.856785 ], [ 1.916064, 42.854002 ], [ 1.886653, 42.852479 ], [ 1.879823, 42.849878 ], [ 1.875297, 42.845304 ], [ 1.864644, 42.850834 ], [ 1.85185, 42.858743 ], [ 1.850646, 42.870521 ], [ 1.845565, 42.874002 ], [ 1.846221, 42.874845 ], [ 1.853272, 42.876022 ], [ 1.859187, 42.877988 ], [ 1.867349, 42.882808 ], [ 1.868157, 42.886683 ], [ 1.866283, 42.891645 ], [ 1.868859, 42.894958 ], [ 1.883287, 42.895858 ], [ 1.885792, 42.894853 ] ] ] ] } },
{ "type": "Feature", "properties": { "codgeo": "09126", "libgeo": "Freychenet", "dept": "09" }, "geometry": { "type": "MultiPolygon", "coordinates": [ [ [ [ 1.703475, 42.860553 ], [ 1.705364, 42.865647 ], [ 1.705667, 42.86942 ], [ 1.703399, 42.882132 ], [ 1.697268, 42.892471 ], [ 1.694195, 42.895855 ], [ 1.696194, 42.89735 ], [ 1.701602, 42.906608 ], [ 1.706028, 42.910865 ], [ 1.718743, 42.913768 ], [ 1.728906, 42.914617 ], [ 1.746839, 42.913784 ], [ 1.752504, 42.914877 ], [ 1.774038, 42.912832 ], [ 1.769643, 42.904342 ], [ 1.763947, 42.897942 ], [ 1.759022, 42.885896 ], [ 1.755626, 42.882262 ], [ 1.723995, 42.86378 ], [ 1.717129, 42.85609 ], [ 1.707809, 42.857976 ], [ 1.703475, 42.860553 ] ] ] ] } },
{ "type": "Feature", "properties": { "codgeo": "09127", "libgeo": "Gabre", "dept": "09" }, "geometry": { "type": "MultiPolygon", "coordinates": [ [ [ [ 1.408885, 43.054285 ], [ 1.403098, 43.061174 ], [ 1.396187, 43.06642 ], [ 1.39332, 43.07879 ], [ 1.394468, 43.079784 ], [ 1.394729, 43.085329 ], [ 1.395589, 43.086849 ], [ 1.414439, 43.08153 ], [ 1.45672, 43.067079 ], [ 1.455919, 43.065782 ], [ 1.45675, 43.062284 ], [ 1.455055, 43.05909 ], [ 1.451313, 43.055293 ], [ 1.441226, 43.055235 ], [ 1.434545, 43.050958 ], [ 1.420876, 43.047649 ], [ 1.408533, 43.052164 ], [ 1.408885, 43.054285 ] ] ] ] } },
{ "type": "Feature", "properties": { "codgeo": "09128", "libgeo": "Gajan", "dept": "09" }, "geometry": { "type": "MultiPolygon", "coordinates": [ [ [ [ 1.161024, 43.053916 ], [ 1.151432, 43.05205 ], [ 1.143469, 43.038095 ], [ 1.141977, 43.021858 ], [ 1.143783, 43.019528 ], [ 1.142533, 43.019992 ], [ 1.134673, 43.018963 ], [ 1.127259, 43.016816 ], [ 1.123064, 43.014057 ], [ 1.117354, 43.020714 ], [ 1.122006, 43.024275 ], [ 1.123838, 43.027039 ], [ 1.123129, 43.029694 ], [ 1.118732, 43.03443 ], [ 1.117049, 43.039922 ], [ 1.130272, 43.049329 ], [ 1.133625, 43.053211 ], [ 1.138379, 43.056101 ], [ 1.150092, 43.059282 ], [ 1.157958, 43.057317 ], [ 1.161024, 43.053916 ] ] ] ] } },
{ "type": "Feature", "properties": { "codgeo": "09129", "libgeo": "Galey", "dept": "09" }, "geometry": { "type": "MultiPolygon", "coordinates": [ [ [ [ 0.874915, 42.957777 ], [ 0.884565, 42.9593 ], [ 0.893611, 42.957573 ], [ 0.90392, 42.957768 ], [ 0.912075, 42.959179 ], [ 0.921758, 42.949984 ], [ 0.926636, 42.931027 ], [ 0.925137, 42.9329 ], [ 0.921746, 42.934553 ], [ 0.905117, 42.930172 ], [ 0.900143, 42.934225 ], [ 0.892258, 42.937411 ], [ 0.887818, 42.937154 ], [ 0.885543, 42.935358 ], [ 0.877535, 42.947278 ], [ 0.874915, 42.957777 ] ] ] ] } },
{ "type": "Feature", "properties": { "codgeo": "09130", "libgeo": "Ganac", "dept": "09" }, "geometry": { "type": "MultiPolygon", "coordinates": [ [ [ [ 1.56181, 42.905893 ], [ 1.550099, 42.904591 ], [ 1.540902, 42.90536 ], [ 1.529592, 42.9076 ], [ 1.518009, 42.907694 ], [ 1.518795, 42.912457 ], [ 1.522881, 42.916423 ], [ 1.526855, 42.919798 ], [ 1.540795, 42.9284 ], [ 1.55048, 42.941895 ], [ 1.548535, 42.947511 ], [ 1.552794, 42.955969 ], [ 1.55592, 42.957302 ], [ 1.559345, 42.960153 ], [ 1.563179, 42.960878 ], [ 1.567569, 42.960297 ], [ 1.58352, 42.954738 ], [ 1.590897, 42.942511 ], [ 1.587696, 42.93408 ], [ 1.589784, 42.931174 ], [ 1.590136, 42.928602 ], [ 1.565826, 42.914609 ], [ 1.566171, 42.910916 ], [ 1.56181, 42.905893 ] ] ] ] } },
{ "type": "Feature", "properties": { "codgeo": "09131", "libgeo": "Garanou", "dept": "09" }, "geometry": { "type": "MultiPolygon", "coordinates": [ [ [ [ 1.736877, 42.746051 ], [ 1.738388, 42.758806 ], [ 1.737286, 42.770736 ], [ 1.733186, 42.772688 ], [ 1.736666, 42.77398 ], [ 1.742795, 42.777962 ], [ 1.744828, 42.777043 ], [ 1.743853, 42.775155 ], [ 1.748217, 42.772888 ], [ 1.747797, 42.772158 ], [ 1.759398, 42.768073 ], [ 1.746911, 42.756319 ], [ 1.743671, 42.750086 ], [ 1.736877, 42.746051 ] ] ] ] } },
{ "type": "Feature", "properties": { "codgeo": "09133", "libgeo": "Génat", "dept": "09" }, "geometry": { "type": "MultiPolygon", "coordinates": [ [ [ [ 1.588873, 42.834259 ], [ 1.585233, 42.831673 ], [ 1.583556, 42.828451 ], [ 1.584288, 42.824553 ], [ 1.575896, 42.819227 ], [ 1.563323, 42.812765 ], [ 1.562101, 42.813888 ], [ 1.552765, 42.81606 ], [ 1.544485, 42.820052 ], [ 1.549809, 42.838586 ], [ 1.551861, 42.840308 ], [ 1.554668, 42.841136 ], [ 1.565352, 42.841844 ], [ 1.572104, 42.84076 ], [ 1.580416, 42.84073 ], [ 1.588873, 42.834259 ] ] ] ] } },
{ "type": "Feature", "properties": { "codgeo": "09134", "libgeo": "Gestiès", "dept": "09" }, "geometry": { "type": "MultiPolygon", "coordinates": [ [ [ [ 1.613187, 42.749361 ], [ 1.61258, 42.748711 ], [ 1.613934, 42.746064 ], [ 1.613781, 42.736826 ], [ 1.610992, 42.723343 ], [ 1.607165, 42.719687 ], [ 1.603687, 42.718992 ], [ 1.59488, 42.719336 ], [ 1.590189, 42.717749 ], [ 1.583577, 42.712747 ], [ 1.584232, 42.708724 ], [ 1.5894, 42.702187 ], [ 1.592477, 42.69603 ], [ 1.594432, 42.688386 ], [ 1.593078, 42.683335 ], [ 1.589774, 42.67854 ], [ 1.580388, 42.669826 ], [ 1.577132, 42.663684 ], [ 1.577302, 42.659676 ], [ 1.574749, 42.647934 ], [ 1.573239, 42.647966 ], [ 1.566547, 42.650859 ], [ 1.552789, 42.653928 ], [ 1.568252, 42.66703 ], [ 1.569375, 42.673201 ], [ 1.565438, 42.682377 ], [ 1.568056, 42.687808 ], [ 1.575126, 42.69693 ], [ 1.579376, 42.713451 ], [ 1.575255, 42.713785 ], [ 1.570531, 42.716666 ], [ 1.567986, 42.7196 ], [ 1.566756, 42.722773 ], [ 1.576124, 42.734803 ], [ 1.579212, 42.744072 ], [ 1.573058, 42.75472 ], [ 1.567157, 42.773532 ], [ 1.569076, 42.780208 ], [ 1.570814, 42.78243 ], [ 1.584954, 42.775328 ], [ 1.586639, 42.773265 ], [ 1.589791, 42.765186 ], [ 1.59924, 42.7553 ], [ 1.613187, 42.749361 ] ] ] ] } },
{ "type": "Feature", "properties": { "codgeo": "09136", "libgeo": "Gourbit", "dept": "09" }, "geometry": { "type": "MultiPolygon", "coordinates": [ [ [ [ 1.544485, 42.820052 ], [ 1.541397, 42.817415 ], [ 1.526353, 42.80876 ], [ 1.519178, 42.810083 ], [ 1.498138, 42.811156 ], [ 1.490653, 42.817447 ], [ 1.480291, 42.820157 ], [ 1.479358, 42.821281 ], [ 1.487608, 42.841844 ], [ 1.49258, 42.844094 ], [ 1.505191, 42.842488 ], [ 1.520133, 42.843381 ], [ 1.536465, 42.849711 ], [ 1.545822, 42.83914 ], [ 1.549809, 42.838586 ], [ 1.544485, 42.820052 ] ] ] ] } },
{ "type": "Feature", "properties": { "codgeo": "09137", "libgeo": "Gudas", "dept": "09" }, "geometry": { "type": "MultiPolygon", "coordinates": [ [ [ [ 1.670217, 43.027628 ], [ 1.668678, 43.024698 ], [ 1.672827, 43.021701 ], [ 1.68795, 43.014045 ], [ 1.691823, 43.0075 ], [ 1.694429, 43.005336 ], [ 1.700384, 42.9938 ], [ 1.698009, 42.980624 ], [ 1.696461, 42.976698 ], [ 1.691052, 42.977923 ], [ 1.678637, 42.986587 ], [ 1.665709, 42.997352 ], [ 1.663765, 43.003488 ], [ 1.658657, 43.007934 ], [ 1.656759, 43.018317 ], [ 1.657595, 43.020128 ], [ 1.662958, 43.025448 ], [ 1.670217, 43.027628 ] ] ] ] } },
{ "type": "Feature", "properties": { "codgeo": "09138", "libgeo": "L'Herm", "dept": "09" }, "geometry": { "type": "MultiPolygon", "coordinates": [ [ [ [ 1.691052, 42.977923 ], [ 1.714196, 42.973785 ], [ 1.713781, 42.972606 ], [ 1.718472, 42.960504 ], [ 1.711956, 42.957725 ], [ 1.699631, 42.954574 ], [ 1.700363, 42.951837 ], [ 1.686783, 42.952969 ], [ 1.682466, 42.955099 ], [ 1.669568, 42.964298 ], [ 1.660187, 42.969369 ], [ 1.648078, 42.972876 ], [ 1.64219, 42.973629 ], [ 1.636631, 42.97259 ], [ 1.633987, 42.974655 ], [ 1.650946, 42.982469 ], [ 1.652486, 42.984359 ], [ 1.650395, 42.985288 ], [ 1.652143, 42.98742 ], [ 1.654348, 42.993372 ], [ 1.657751, 42.99537 ], [ 1.665709, 42.997352 ], [ 1.678637, 42.986587 ], [ 1.691052, 42.977923 ] ] ] ] } },
{ "type": "Feature", "properties": { "codgeo": "09139", "libgeo": "L'Hospitalet-près-l'Andorre", "dept": "09" }, "geometry": { "type": "MultiPolygon", "coordinates": [ [ [ [ 1.824733, 42.581234 ], [ 1.796573, 42.571532 ], [ 1.786139, 42.573674 ], [ 1.781179, 42.582531 ], [ 1.771971, 42.580579 ], [ 1.762999, 42.580669 ], [ 1.750989, 42.583466 ], [ 1.739952, 42.587796 ], [ 1.728634, 42.588164 ], [ 1.726819, 42.588861 ], [ 1.72576, 42.590427 ], [ 1.726777, 42.600691 ], [ 1.737568, 42.611595 ], [ 1.739551, 42.611141 ], [ 1.76341, 42.612934 ], [ 1.776307, 42.615651 ], [ 1.786082, 42.614997 ], [ 1.813293, 42.606673 ], [ 1.822014, 42.594423 ], [ 1.823733, 42.582925 ], [ 1.824733, 42.581234 ] ] ] ] } },
{ "type": "Feature", "properties": { "codgeo": "09140", "libgeo": "Ignaux", "dept": "09" }, "geometry": { "type": "MultiPolygon", "coordinates": [ [ [ [ 1.840488, 42.756195 ], [ 1.845222, 42.755439 ], [ 1.864047, 42.755008 ], [ 1.866629, 42.753421 ], [ 1.866269, 42.74672 ], [ 1.860073, 42.741965 ], [ 1.85212, 42.74004 ], [ 1.847513, 42.737728 ], [ 1.845046, 42.726972 ], [ 1.842023, 42.726183 ], [ 1.830403, 42.729941 ], [ 1.826416, 42.733839 ], [ 1.826959, 42.735728 ], [ 1.834004, 42.743191 ], [ 1.840488, 42.756195 ] ] ] ] } },
{ "type": "Feature", "properties": { "codgeo": "09141", "libgeo": "Illartein", "dept": "09" }, "geometry": { "type": "MultiPolygon", "coordinates": [ [ [ [ 0.939298, 42.901032 ], [ 0.947716, 42.916172 ], [ 0.949514, 42.922402 ], [ 0.950537, 42.940032 ], [ 0.952309, 42.941585 ], [ 0.958575, 42.938628 ], [ 0.966048, 42.938936 ], [ 0.968125, 42.937977 ], [ 0.968458, 42.936837 ], [ 0.966718, 42.929359 ], [ 0.965824, 42.927378 ], [ 0.957173, 42.921083 ], [ 0.953161, 42.91546 ], [ 0.950492, 42.906613 ], [ 0.950338, 42.899819 ], [ 0.943246, 42.899407 ], [ 0.939298, 42.901032 ] ] ] ] } },
{ "type": "Feature", "properties": { "codgeo": "09142", "libgeo": "Ilhat", "dept": "09" }, "geometry": { "type": "MultiPolygon", "coordinates": [ [ [ [ 1.793764, 42.938846 ], [ 1.781157, 42.937683 ], [ 1.779124, 42.938031 ], [ 1.772743, 42.940477 ], [ 1.764911, 42.944802 ], [ 1.761767, 42.947525 ], [ 1.77051, 42.950006 ], [ 1.771885, 42.953247 ], [ 1.770756, 42.962287 ], [ 1.778572, 42.964718 ], [ 1.789188, 42.963596 ], [ 1.798585, 42.960485 ], [ 1.804891, 42.952325 ], [ 1.805159, 42.950693 ], [ 1.801833, 42.948038 ], [ 1.79779, 42.947659 ], [ 1.796034, 42.944415 ], [ 1.796388, 42.943401 ], [ 1.794083, 42.943911 ], [ 1.792408, 42.943453 ], [ 1.793764, 42.938846 ] ] ] ] } },
{ "type": "Feature", "properties": { "codgeo": "09143", "libgeo": "Illier-et-Laramade", "dept": "09" }, "geometry": { "type": "MultiPolygon", "coordinates": [ [ [ [ 1.526353, 42.80876 ], [ 1.53696, 42.801322 ], [ 1.545021, 42.797816 ], [ 1.551749, 42.792827 ], [ 1.557584, 42.785217 ], [ 1.558841, 42.784694 ], [ 1.562831, 42.785907 ], [ 1.553039, 42.777667 ], [ 1.54933, 42.776112 ], [ 1.548998, 42.773685 ], [ 1.540153, 42.772316 ], [ 1.533768, 42.779966 ], [ 1.531109, 42.795781 ], [ 1.526353, 42.80876 ] ] ] ] } },
{ "type": "Feature", "properties": { "codgeo": "09148", "libgeo": "Lacave", "dept": "09" }, "geometry": { "type": "MultiPolygon", "coordinates": [ [ [ [ 1.03588, 43.059109 ], [ 1.021314, 43.039693 ], [ 1.01722, 43.038023 ], [ 1.007855, 43.036639 ], [ 0.995629, 43.03863 ], [ 0.993492, 43.043332 ], [ 0.994538, 43.046284 ], [ 0.993513, 43.048441 ], [ 1.008221, 43.050843 ], [ 1.016559, 43.053277 ], [ 1.023377, 43.056229 ], [ 1.025758, 43.059162 ], [ 1.03588, 43.059109 ] ] ] ] } },
{ "type": "Feature", "properties": { "codgeo": "09149", "libgeo": "Lacourt", "dept": "09" }, "geometry": { "type": "MultiPolygon", "coordinates": [ [ [ [ 1.167751, 42.905672 ], [ 1.159395, 42.908235 ], [ 1.147687, 42.923336 ], [ 1.140346, 42.935533 ], [ 1.144652, 42.941389 ], [ 1.151705, 42.946191 ], [ 1.16671, 42.953521 ], [ 1.176835, 42.955059 ], [ 1.176573, 42.955995 ], [ 1.197209, 42.957084 ], [ 1.205352, 42.956903 ], [ 1.212204, 42.955557 ], [ 1.212865, 42.950276 ], [ 1.211579, 42.948617 ], [ 1.2085, 42.949752 ], [ 1.19177, 42.949718 ], [ 1.179219, 42.93859 ], [ 1.177472, 42.934979 ], [ 1.177607, 42.933056 ], [ 1.186529, 42.924334 ], [ 1.191575, 42.914653 ], [ 1.187347, 42.913613 ], [ 1.178221, 42.907357 ], [ 1.168592, 42.906363 ], [ 1.167751, 42.905672 ] ] ] ] } },
{ "type": "Feature", "properties": { "codgeo": "09152", "libgeo": "Lapège", "dept": "09" }, "geometry": { "type": "MultiPolygon", "coordinates": [ [ [ [ 1.526353, 42.80876 ], [ 1.541397, 42.817415 ], [ 1.544485, 42.820052 ], [ 1.552765, 42.81606 ], [ 1.562101, 42.813888 ], [ 1.567697, 42.806893 ], [ 1.570816, 42.807229 ], [ 1.574027, 42.808869 ], [ 1.58063, 42.808557 ], [ 1.585293, 42.802644 ], [ 1.566415, 42.792297 ], [ 1.557584, 42.785217 ], [ 1.551749, 42.792827 ], [ 1.545021, 42.797816 ], [ 1.53696, 42.801322 ], [ 1.526353, 42.80876 ] ] ] ] } },
{ "type": "Feature", "properties": { "codgeo": "09154", "libgeo": "Larbont", "dept": "09" }, "geometry": { "type": "MultiPolygon", "coordinates": [ [ [ [ 1.411984, 42.986143 ], [ 1.407127, 42.985738 ], [ 1.404536, 42.984273 ], [ 1.401097, 42.98069 ], [ 1.39784, 42.984041 ], [ 1.386744, 42.985469 ], [ 1.378541, 42.990685 ], [ 1.378345, 42.995595 ], [ 1.379344, 42.997516 ], [ 1.382058, 43.000827 ], [ 1.384607, 43.00179 ], [ 1.403929, 43.001376 ], [ 1.409072, 43.003193 ], [ 1.414366, 43.002892 ], [ 1.419353, 43.000154 ], [ 1.423727, 42.99519 ], [ 1.418754, 42.9906 ], [ 1.419628, 42.988046 ], [ 1.411984, 42.986143 ] ] ] ] } },
{ "type": "Feature", "properties": { "codgeo": "09155", "libgeo": "Larcat", "dept": "09" }, "geometry": { "type": "MultiPolygon", "coordinates": [ [ [ [ 1.631467, 42.773284 ], [ 1.636105, 42.77484 ], [ 1.645024, 42.779399 ], [ 1.649852, 42.784559 ], [ 1.652184, 42.784305 ], [ 1.660719, 42.790619 ], [ 1.673337, 42.787807 ], [ 1.674153, 42.786869 ], [ 1.663592, 42.7743 ], [ 1.659275, 42.76707 ], [ 1.658521, 42.763823 ], [ 1.65141, 42.757473 ], [ 1.63736, 42.749791 ], [ 1.613857, 42.74941 ], [ 1.616359, 42.7501 ], [ 1.62102, 42.753508 ], [ 1.627674, 42.762877 ], [ 1.631961, 42.771076 ], [ 1.631467, 42.773284 ] ] ] ] } },
{ "type": "Feature", "properties": { "codgeo": "09156", "libgeo": "Larnat", "dept": "09" }, "geometry": { "type": "MultiPolygon", "coordinates": [ [ [ [ 1.631467, 42.773284 ], [ 1.627951, 42.776637 ], [ 1.620951, 42.795498 ], [ 1.615448, 42.800634 ], [ 1.613887, 42.803507 ], [ 1.612881, 42.805889 ], [ 1.612856, 42.812724 ], [ 1.611495, 42.814206 ], [ 1.619074, 42.813979 ], [ 1.633432, 42.80917 ], [ 1.637497, 42.806943 ], [ 1.639349, 42.800066 ], [ 1.639566, 42.793184 ], [ 1.636252, 42.782542 ], [ 1.631467, 42.773284 ] ] ] ] } },
{ "type": "Feature", "properties": { "codgeo": "09158", "libgeo": "Lasserre", "dept": "09" }, "geometry": { "type": "MultiPolygon", "coordinates": [ [ [ [ 1.140684, 43.070435 ], [ 1.142762, 43.074123 ], [ 1.146069, 43.074252 ], [ 1.1543, 43.077413 ], [ 1.162136, 43.08241 ], [ 1.163055, 43.084609 ], [ 1.160544, 43.097636 ], [ 1.18219, 43.095032 ], [ 1.184215, 43.086828 ], [ 1.183115, 43.082271 ], [ 1.176146, 43.067928 ], [ 1.172863, 43.06304 ], [ 1.162671, 43.056855 ], [ 1.159586, 43.056024 ], [ 1.157958, 43.057317 ], [ 1.148134, 43.059534 ], [ 1.145721, 43.061572 ], [ 1.140684, 43.070435 ] ] ] ] } },
{ "type": "Feature", "properties": { "codgeo": "09159", "libgeo": "Lassur", "dept": "09" }, "geometry": { "type": "MultiPolygon", "coordinates": [ [ [ [ 1.729011, 42.773539 ], [ 1.733186, 42.772688 ], [ 1.737286, 42.770736 ], [ 1.738388, 42.758806 ], [ 1.736877, 42.746051 ], [ 1.73522, 42.746075 ], [ 1.729093, 42.73655 ], [ 1.720506, 42.731145 ], [ 1.719041, 42.72858 ], [ 1.719013, 42.721131 ], [ 1.715945, 42.714494 ], [ 1.707193, 42.711366 ], [ 1.697223, 42.718259 ], [ 1.698665, 42.732555 ], [ 1.702886, 42.74986 ], [ 1.707013, 42.752543 ], [ 1.72377, 42.759094 ], [ 1.730361, 42.768917 ], [ 1.730772, 42.7705 ], [ 1.728818, 42.772508 ], [ 1.729011, 42.773539 ] ] ] ] } },
{ "type": "Feature", "properties": { "codgeo": "09160", "libgeo": "Lavelanet", "dept": "09" }, "geometry": { "type": "MultiPolygon", "coordinates": [ [ [ [ 1.842532, 42.910627 ], [ 1.842376, 42.915475 ], [ 1.834091, 42.919064 ], [ 1.834765, 42.921409 ], [ 1.829423, 42.920024 ], [ 1.83111, 42.927026 ], [ 1.82506, 42.931362 ], [ 1.829846, 42.932865 ], [ 1.832343, 42.941578 ], [ 1.825373, 42.943692 ], [ 1.819121, 42.947596 ], [ 1.817721, 42.949324 ], [ 1.819937, 42.953295 ], [ 1.827056, 42.955952 ], [ 1.838082, 42.957419 ], [ 1.838661, 42.9529 ], [ 1.873658, 42.936436 ], [ 1.875446, 42.934332 ], [ 1.874074, 42.930185 ], [ 1.867566, 42.931439 ], [ 1.865205, 42.918432 ], [ 1.859074, 42.913959 ], [ 1.859383, 42.912441 ], [ 1.842532, 42.910627 ] ] ] ] } },
{ "type": "Feature", "properties": { "codgeo": "09162", "libgeo": "Lercoul", "dept": "09" }, "geometry": { "type": "MultiPolygon", "coordinates": [ [ [ [ 1.516433, 42.719532 ], [ 1.519171, 42.720631 ], [ 1.522741, 42.723833 ], [ 1.529227, 42.735653 ], [ 1.533738, 42.739206 ], [ 1.532574, 42.750093 ], [ 1.531304, 42.753884 ], [ 1.532388, 42.764382 ], [ 1.540153, 42.772316 ], [ 1.548998, 42.773685 ], [ 1.54933, 42.776112 ], [ 1.555796, 42.7632 ], [ 1.555261, 42.756755 ], [ 1.544047, 42.736429 ], [ 1.539476, 42.72683 ], [ 1.536052, 42.714697 ], [ 1.531297, 42.709497 ], [ 1.529048, 42.702294 ], [ 1.531606, 42.679529 ], [ 1.526186, 42.665824 ], [ 1.519586, 42.656492 ], [ 1.522171, 42.649321 ], [ 1.521509, 42.647406 ], [ 1.519195, 42.64566 ], [ 1.501051, 42.645095 ], [ 1.499645, 42.645668 ], [ 1.493896, 42.653245 ], [ 1.505681, 42.658288 ], [ 1.509234, 42.66167 ], [ 1.517643, 42.675435 ], [ 1.515094, 42.681267 ], [ 1.513423, 42.689673 ], [ 1.517219, 42.711369 ], [ 1.516433, 42.719532 ] ] ] ] } },
{ "type": "Feature", "properties": { "codgeo": "09164", "libgeo": "Lescure", "dept": "09" }, "geometry": { "type": "MultiPolygon", "coordinates": [ [ [ [ 1.259441, 43.04135 ], [ 1.264313, 43.032756 ], [ 1.278403, 43.025407 ], [ 1.281606, 43.025043 ], [ 1.27936, 43.021262 ], [ 1.27544, 43.008783 ], [ 1.254339, 42.995499 ], [ 1.244452, 42.994679 ], [ 1.234662, 42.989758 ], [ 1.248449, 42.979981 ], [ 1.25021, 42.973833 ], [ 1.250516, 42.968488 ], [ 1.211316, 42.980495 ], [ 1.209354, 42.983418 ], [ 1.208494, 43.002007 ], [ 1.212418, 43.012259 ], [ 1.217249, 43.013119 ], [ 1.223279, 43.018492 ], [ 1.229881, 43.027546 ], [ 1.242892, 43.035982 ], [ 1.247723, 43.045673 ], [ 1.259441, 43.04135 ] ] ] ] } },
{ "type": "Feature", "properties": { "codgeo": "09165", "libgeo": "Lesparrou", "dept": "09" }, "geometry": { "type": "MultiPolygon", "coordinates": [ [ [ [ 1.894619, 42.932384 ], [ 1.89728, 42.931495 ], [ 1.900318, 42.931772 ], [ 1.898678, 42.941285 ], [ 1.906223, 42.947278 ], [ 1.910363, 42.944985 ], [ 1.933859, 42.9393 ], [ 1.980686, 42.929849 ], [ 1.981369, 42.922845 ], [ 1.982963, 42.919824 ], [ 1.987211, 42.918692 ], [ 1.989299, 42.910223 ], [ 1.956614, 42.913391 ], [ 1.948708, 42.915122 ], [ 1.932197, 42.92028 ], [ 1.923251, 42.921916 ], [ 1.915783, 42.922657 ], [ 1.898772, 42.921744 ], [ 1.89236, 42.925619 ], [ 1.894619, 42.932384 ] ] ] ] } },
{ "type": "Feature", "properties": { "codgeo": "09166", "libgeo": "Leychert", "dept": "09" }, "geometry": { "type": "MultiPolygon", "coordinates": [ [ [ [ 1.721872, 42.931752 ], [ 1.725152, 42.936117 ], [ 1.715663, 42.948189 ], [ 1.709971, 42.952167 ], [ 1.699631, 42.954574 ], [ 1.711956, 42.957725 ], [ 1.718472, 42.960504 ], [ 1.717912, 42.961227 ], [ 1.72447, 42.957953 ], [ 1.744601, 42.95432 ], [ 1.740889, 42.9452 ], [ 1.729711, 42.9316 ], [ 1.729217, 42.925255 ], [ 1.725336, 42.921325 ], [ 1.721533, 42.921393 ], [ 1.722554, 42.929951 ], [ 1.721872, 42.931752 ] ] ] ] } },
{ "type": "Feature", "properties": { "codgeo": "09168", "libgeo": "Lieurac", "dept": "09" }, "geometry": { "type": "MultiPolygon", "coordinates": [ [ [ [ 1.771374, 42.994064 ], [ 1.773744, 42.996168 ], [ 1.780282, 42.997783 ], [ 1.788053, 42.997912 ], [ 1.797504, 42.994569 ], [ 1.804162, 42.993629 ], [ 1.803956, 42.990899 ], [ 1.81223, 42.985262 ], [ 1.811088, 42.984379 ], [ 1.806089, 42.984559 ], [ 1.802001, 42.982033 ], [ 1.797811, 42.973798 ], [ 1.798077, 42.963332 ], [ 1.796683, 42.96118 ], [ 1.789188, 42.963596 ], [ 1.788449, 42.970527 ], [ 1.775711, 42.989811 ], [ 1.771374, 42.994064 ] ] ] ] } },
{ "type": "Feature", "properties": { "codgeo": "09171", "libgeo": "Lordat", "dept": "09" }, "geometry": { "type": "MultiPolygon", "coordinates": [ [ [ [ 1.742795, 42.777962 ], [ 1.742925, 42.778636 ], [ 1.746704, 42.779917 ], [ 1.764621, 42.781628 ], [ 1.771548, 42.790369 ], [ 1.776222, 42.805137 ], [ 1.783058, 42.817435 ], [ 1.786027, 42.819571 ], [ 1.806193, 42.817004 ], [ 1.820967, 42.812955 ], [ 1.826679, 42.814536 ], [ 1.819872, 42.807379 ], [ 1.819184, 42.804098 ], [ 1.817603, 42.80559 ], [ 1.800881, 42.80837 ], [ 1.800606, 42.8092 ], [ 1.794653, 42.811864 ], [ 1.788402, 42.813592 ], [ 1.78732, 42.799188 ], [ 1.784101, 42.787152 ], [ 1.78103, 42.783434 ], [ 1.778235, 42.78136 ], [ 1.766523, 42.778434 ], [ 1.758675, 42.774976 ], [ 1.750718, 42.772578 ], [ 1.748217, 42.772888 ], [ 1.743853, 42.775155 ], [ 1.744828, 42.777043 ], [ 1.742795, 42.777962 ] ] ] ] } },
{ "type": "Feature", "properties": { "codgeo": "09172", "libgeo": "Loubaut", "dept": "09" }, "geometry": { "type": "MultiPolygon", "coordinates": [ [ [ [ 1.293903, 43.181281 ], [ 1.283319, 43.180795 ], [ 1.268071, 43.190936 ], [ 1.266253, 43.191384 ], [ 1.269583, 43.194661 ], [ 1.27414, 43.196279 ], [ 1.296482, 43.189344 ], [ 1.297298, 43.182806 ], [ 1.293903, 43.181281 ] ] ] ] } },
{ "type": "Feature", "properties": { "codgeo": "09173", "libgeo": "Loubens", "dept": "09" }, "geometry": { "type": "MultiPolygon", "coordinates": [ [ [ [ 1.537192, 43.057705 ], [ 1.54786, 43.053706 ], [ 1.557538, 43.053794 ], [ 1.563931, 43.058818 ], [ 1.568401, 43.059772 ], [ 1.576186, 43.060011 ], [ 1.582159, 43.058054 ], [ 1.586239, 43.054221 ], [ 1.581289, 43.044609 ], [ 1.57737, 43.04459 ], [ 1.572173, 43.042972 ], [ 1.56848, 43.038858 ], [ 1.564049, 43.025817 ], [ 1.56188, 43.022244 ], [ 1.556218, 43.02356 ], [ 1.516639, 43.038491 ], [ 1.519057, 43.040711 ], [ 1.527475, 43.040415 ], [ 1.533329, 43.042636 ], [ 1.536322, 43.046084 ], [ 1.537192, 43.057705 ] ] ] ] } },
{ "type": "Feature", "properties": { "codgeo": "09174", "libgeo": "Loubières", "dept": "09" }, "geometry": { "type": "MultiPolygon", "coordinates": [ [ [ [ 1.579516, 43.0099 ], [ 1.581682, 43.018334 ], [ 1.606887, 43.012073 ], [ 1.609872, 43.007606 ], [ 1.609923, 43.002481 ], [ 1.606973, 43.001261 ], [ 1.584489, 43.004985 ], [ 1.579516, 43.0099 ] ] ] ] } },
{ "type": "Feature", "properties": { "codgeo": "09176", "libgeo": "Luzenac", "dept": "09" }, "geometry": { "type": "MultiPolygon", "coordinates": [ [ [ [ 1.769712, 42.745441 ], [ 1.766612, 42.744319 ], [ 1.763085, 42.737756 ], [ 1.7637, 42.73111 ], [ 1.76212, 42.727458 ], [ 1.7584, 42.723844 ], [ 1.753848, 42.72107 ], [ 1.753801, 42.71243 ], [ 1.757797, 42.697647 ], [ 1.754068, 42.685985 ], [ 1.750475, 42.684533 ], [ 1.748635, 42.681788 ], [ 1.748793, 42.675501 ], [ 1.744506, 42.67098 ], [ 1.74468, 42.669614 ], [ 1.743003, 42.669241 ], [ 1.734591, 42.672688 ], [ 1.731754, 42.67903 ], [ 1.732891, 42.687448 ], [ 1.731634, 42.690483 ], [ 1.728604, 42.693843 ], [ 1.712842, 42.702489 ], [ 1.7095, 42.706431 ], [ 1.709529, 42.709305 ], [ 1.707193, 42.711366 ], [ 1.715945, 42.714494 ], [ 1.719013, 42.721131 ], [ 1.719041, 42.72858 ], [ 1.720506, 42.731145 ], [ 1.729093, 42.73655 ], [ 1.73522, 42.746075 ], [ 1.736877, 42.746051 ], [ 1.743671, 42.750086 ], [ 1.746911, 42.756319 ], [ 1.759398, 42.768073 ], [ 1.761862, 42.768763 ], [ 1.772337, 42.767253 ], [ 1.768252, 42.760477 ], [ 1.769712, 42.745441 ] ] ] ] } },
{ "type": "Feature", "properties": { "codgeo": "09179", "libgeo": "Malléon", "dept": "09" }, "geometry": { "type": "MultiPolygon", "coordinates": [ [ [ [ 1.703734, 43.012964 ], [ 1.701608, 43.01638 ], [ 1.701427, 43.020074 ], [ 1.703461, 43.027866 ], [ 1.702091, 43.036331 ], [ 1.705195, 43.044059 ], [ 1.710029, 43.051207 ], [ 1.730607, 43.041544 ], [ 1.732529, 43.041343 ], [ 1.729563, 43.03997 ], [ 1.728364, 43.038518 ], [ 1.732272, 43.03036 ], [ 1.732552, 43.02586 ], [ 1.731583, 43.024445 ], [ 1.721499, 43.022449 ], [ 1.708752, 43.01417 ], [ 1.703734, 43.012964 ] ] ] ] } },
{ "type": "Feature", "properties": { "codgeo": "09216", "libgeo": "Nescus", "dept": "09" }, "geometry": { "type": "MultiPolygon", "coordinates": [ [ [ [ 1.418754, 42.9906 ], [ 1.425427, 42.996013 ], [ 1.451186, 42.999553 ], [ 1.449601, 42.997586 ], [ 1.450734, 42.996988 ], [ 1.450528, 42.992568 ], [ 1.448825, 42.989095 ], [ 1.447382, 42.987412 ], [ 1.44056, 42.984875 ], [ 1.430762, 42.987077 ], [ 1.428366, 42.988258 ], [ 1.419628, 42.988046 ], [ 1.418754, 42.9906 ] ] ] ] } },
{ "type": "Feature", "properties": { "codgeo": "09181", "libgeo": "Le Mas-d'Azil", "dept": "09" }, "geometry": { "type": "MultiPolygon", "coordinates": [ [ [ [ 1.408885, 43.054285 ], [ 1.401708, 43.052628 ], [ 1.3862, 43.045875 ], [ 1.384336, 43.046075 ], [ 1.377665, 43.04941 ], [ 1.365159, 43.051358 ], [ 1.35396, 43.050434 ], [ 1.346532, 43.046888 ], [ 1.3349, 43.038926 ], [ 1.333089, 43.039574 ], [ 1.325489, 43.039622 ], [ 1.323645, 43.039009 ], [ 1.321983, 43.036813 ], [ 1.316654, 43.038011 ], [ 1.310161, 43.044761 ], [ 1.297245, 43.050235 ], [ 1.291412, 43.049205 ], [ 1.291212, 43.053306 ], [ 1.297349, 43.058402 ], [ 1.305265, 43.060763 ], [ 1.312821, 43.069146 ], [ 1.31417, 43.07435 ], [ 1.322013, 43.086901 ], [ 1.320362, 43.094354 ], [ 1.334728, 43.104786 ], [ 1.334036, 43.108142 ], [ 1.343763, 43.102808 ], [ 1.363495, 43.094988 ], [ 1.372608, 43.093823 ], [ 1.379728, 43.090166 ], [ 1.394729, 43.085329 ], [ 1.394468, 43.079784 ], [ 1.39332, 43.07879 ], [ 1.396187, 43.06642 ], [ 1.403098, 43.061174 ], [ 1.408885, 43.054285 ] ] ] ] } },
{ "type": "Feature", "properties": { "codgeo": "09182", "libgeo": "Massat", "dept": "09" }, "geometry": { "type": "MultiPolygon", "coordinates": [ [ [ [ 1.45112, 42.858139 ], [ 1.442939, 42.850792 ], [ 1.439714, 42.846307 ], [ 1.402284, 42.863193 ], [ 1.393127, 42.869223 ], [ 1.387356, 42.874765 ], [ 1.376352, 42.878292 ], [ 1.359006, 42.879926 ], [ 1.355646, 42.877235 ], [ 1.354307, 42.873516 ], [ 1.360715, 42.86521 ], [ 1.346918, 42.856109 ], [ 1.339858, 42.853579 ], [ 1.334858, 42.844741 ], [ 1.314612, 42.849583 ], [ 1.308782, 42.854238 ], [ 1.303708, 42.872495 ], [ 1.311228, 42.880526 ], [ 1.319369, 42.892795 ], [ 1.335191, 42.89531 ], [ 1.336783, 42.897381 ], [ 1.370616, 42.899501 ], [ 1.389804, 42.898847 ], [ 1.406491, 42.896125 ], [ 1.407743, 42.894294 ], [ 1.423624, 42.889149 ], [ 1.436966, 42.887777 ], [ 1.445738, 42.887722 ], [ 1.452977, 42.88212 ], [ 1.453883, 42.880555 ], [ 1.453956, 42.878878 ], [ 1.450764, 42.87144 ], [ 1.450238, 42.866448 ], [ 1.45112, 42.858139 ] ] ] ] } },
{ "type": "Feature", "properties": { "codgeo": "09183", "libgeo": "Mauvezin-de-Prat", "dept": "09" }, "geometry": { "type": "MultiPolygon", "coordinates": [ [ [ [ 0.989037, 43.02339 ], [ 0.986305, 43.028442 ], [ 0.984401, 43.044727 ], [ 0.993153, 43.03956 ], [ 1.002117, 43.029707 ], [ 0.999839, 43.025922 ], [ 0.996811, 43.023981 ], [ 0.993554, 43.023188 ], [ 0.989037, 43.02339 ] ] ] ] } },
{ "type": "Feature", "properties": { "codgeo": "09184", "libgeo": "Mauvezin-de-Sainte-Croix", "dept": "09" }, "geometry": { "type": "MultiPolygon", "coordinates": [ [ [ [ 1.238306, 43.062127 ], [ 1.222099, 43.068749 ], [ 1.213122, 43.073444 ], [ 1.21464, 43.074367 ], [ 1.220777, 43.086011 ], [ 1.233838, 43.086354 ], [ 1.245797, 43.088086 ], [ 1.246362, 43.076344 ], [ 1.238306, 43.062127 ] ] ] ] } },
{ "type": "Feature", "properties": { "codgeo": "09186", "libgeo": "Méras", "dept": "09" }, "geometry": { "type": "MultiPolygon", "coordinates": [ [ [ [ 1.299551, 43.171789 ], [ 1.294531, 43.177488 ], [ 1.293903, 43.181281 ], [ 1.297298, 43.182806 ], [ 1.296482, 43.189344 ], [ 1.305847, 43.195051 ], [ 1.314664, 43.19 ], [ 1.314263, 43.188528 ], [ 1.315942, 43.183865 ], [ 1.323168, 43.180555 ], [ 1.332123, 43.178929 ], [ 1.308262, 43.175642 ], [ 1.299551, 43.171789 ] ] ] ] } },
{ "type": "Feature", "properties": { "codgeo": "09187", "libgeo": "Mercenac", "dept": "09" }, "geometry": { "type": "MultiPolygon", "coordinates": [ [ [ [ 1.054405, 43.073888 ], [ 1.058369, 43.07454 ], [ 1.07489, 43.072952 ], [ 1.078987, 43.071579 ], [ 1.086381, 43.063057 ], [ 1.095851, 43.048892 ], [ 1.096138, 43.044844 ], [ 1.088732, 43.038262 ], [ 1.047391, 43.035444 ], [ 1.043083, 43.038552 ], [ 1.041615, 43.042401 ], [ 1.045416, 43.059678 ], [ 1.044392, 43.06036 ], [ 1.051106, 43.063059 ], [ 1.053965, 43.066308 ], [ 1.055957, 43.072093 ], [ 1.054405, 43.073888 ] ] ] ] } },
{ "type": "Feature", "properties": { "codgeo": "09188", "libgeo": "Mercus-Garrabet", "dept": "09" }, "geometry": { "type": "MultiPolygon", "coordinates": [ [ [ [ 1.69047, 42.860819 ], [ 1.674763, 42.859106 ], [ 1.670817, 42.861471 ], [ 1.65438, 42.863124 ], [ 1.639275, 42.866034 ], [ 1.621192, 42.872033 ], [ 1.619377, 42.870523 ], [ 1.609881, 42.882424 ], [ 1.622127, 42.894122 ], [ 1.636844, 42.899846 ], [ 1.640391, 42.904986 ], [ 1.640622, 42.908506 ], [ 1.645328, 42.907848 ], [ 1.648492, 42.90485 ], [ 1.651288, 42.900458 ], [ 1.651916, 42.889251 ], [ 1.655071, 42.883181 ], [ 1.660603, 42.878291 ], [ 1.67007, 42.874383 ], [ 1.681095, 42.865853 ], [ 1.69047, 42.860819 ] ] ] ] } },
{ "type": "Feature", "properties": { "codgeo": "09189", "libgeo": "Mérens-les-Vals", "dept": "09" }, "geometry": { "type": "MultiPolygon", "coordinates": [ [ [ [ 1.736171, 42.615157 ], [ 1.739021, 42.627069 ], [ 1.745514, 42.630796 ], [ 1.749845, 42.630551 ], [ 1.752479, 42.628715 ], [ 1.754906, 42.629312 ], [ 1.763666, 42.633478 ], [ 1.767792, 42.639058 ], [ 1.772865, 42.639999 ], [ 1.780477, 42.639937 ], [ 1.786031, 42.641355 ], [ 1.786412, 42.646359 ], [ 1.792968, 42.652586 ], [ 1.815658, 42.663134 ], [ 1.821549, 42.670197 ], [ 1.821525, 42.678347 ], [ 1.825142, 42.686893 ], [ 1.833306, 42.685047 ], [ 1.859058, 42.675668 ], [ 1.860801, 42.673963 ], [ 1.863228, 42.663086 ], [ 1.868818, 42.65558 ], [ 1.875123, 42.640679 ], [ 1.882609, 42.640198 ], [ 1.890277, 42.641601 ], [ 1.896441, 42.638596 ], [ 1.902875, 42.633223 ], [ 1.909219, 42.622042 ], [ 1.902919, 42.616144 ], [ 1.900243, 42.615216 ], [ 1.891103, 42.593391 ], [ 1.88765, 42.590957 ], [ 1.883975, 42.589724 ], [ 1.873741, 42.590021 ], [ 1.873158, 42.587017 ], [ 1.874324, 42.581679 ], [ 1.834657, 42.583563 ], [ 1.824733, 42.581234 ], [ 1.823733, 42.582925 ], [ 1.822014, 42.594423 ], [ 1.813293, 42.606673 ], [ 1.786082, 42.614997 ], [ 1.776307, 42.615651 ], [ 1.76341, 42.612934 ], [ 1.739551, 42.611141 ], [ 1.737568, 42.611595 ], [ 1.736171, 42.615157 ] ] ] ] } },
{ "type": "Feature", "properties": { "codgeo": "09190", "libgeo": "Mérigon", "dept": "09" }, "geometry": { "type": "MultiPolygon", "coordinates": [ [ [ [ 1.212078, 43.073612 ], [ 1.204212, 43.081044 ], [ 1.199606, 43.083565 ], [ 1.184215, 43.086828 ], [ 1.18219, 43.095032 ], [ 1.183957, 43.095086 ], [ 1.190828, 43.097961 ], [ 1.199229, 43.102734 ], [ 1.209734, 43.10694 ], [ 1.210982, 43.1068 ], [ 1.219093, 43.09548 ], [ 1.222272, 43.090093 ], [ 1.223513, 43.085853 ], [ 1.220777, 43.086011 ], [ 1.21464, 43.074367 ], [ 1.212078, 43.073612 ] ] ] ] } },
{ "type": "Feature", "properties": { "codgeo": "09192", "libgeo": "Miglos", "dept": "09" }, "geometry": { "type": "MultiPolygon", "coordinates": [ [ [ [ 1.612813, 42.811376 ], [ 1.612881, 42.805889 ], [ 1.613887, 42.803507 ], [ 1.615448, 42.800634 ], [ 1.620951, 42.795498 ], [ 1.627951, 42.776637 ], [ 1.631467, 42.773284 ], [ 1.631961, 42.771076 ], [ 1.627674, 42.762877 ], [ 1.62102, 42.753508 ], [ 1.616359, 42.7501 ], [ 1.613187, 42.749361 ], [ 1.59924, 42.7553 ], [ 1.589791, 42.765186 ], [ 1.586639, 42.773265 ], [ 1.584954, 42.775328 ], [ 1.570814, 42.78243 ], [ 1.582363, 42.787956 ], [ 1.585503, 42.790314 ], [ 1.589249, 42.793964 ], [ 1.58937, 42.798712 ], [ 1.591562, 42.80194 ], [ 1.6025, 42.809779 ], [ 1.612813, 42.811376 ] ] ] ] } },
{ "type": "Feature", "properties": { "codgeo": "09193", "libgeo": "Mijanès", "dept": "09" }, "geometry": { "type": "MultiPolygon", "coordinates": [ [ [ [ 1.971221, 42.687353 ], [ 1.966223, 42.701223 ], [ 1.966484, 42.709697 ], [ 1.967654, 42.712208 ], [ 1.978022, 42.721846 ], [ 1.983262, 42.725774 ], [ 1.987177, 42.727551 ], [ 1.992239, 42.731677 ], [ 1.992982, 42.733341 ], [ 1.991361, 42.734825 ], [ 1.998511, 42.735944 ], [ 2.002557, 42.735079 ], [ 2.003696, 42.733456 ], [ 2.007721, 42.734024 ], [ 2.014265, 42.738922 ], [ 2.019993, 42.739905 ], [ 2.025275, 42.738904 ], [ 2.030654, 42.741468 ], [ 2.047578, 42.741404 ], [ 2.055299, 42.742437 ], [ 2.059855, 42.740651 ], [ 2.06349, 42.736656 ], [ 2.067828, 42.72773 ], [ 2.070149, 42.726646 ], [ 2.050253, 42.714723 ], [ 2.041055, 42.707332 ], [ 2.02463, 42.686658 ], [ 2.020822, 42.678918 ], [ 2.013666, 42.673256 ], [ 2.009858, 42.671633 ], [ 2.006634, 42.671489 ], [ 1.98621, 42.673915 ], [ 1.982119, 42.676203 ], [ 1.971221, 42.687353 ] ] ] ] } },
{ "type": "Feature", "properties": { "codgeo": "09195", "libgeo": "Monesple", "dept": "09" }, "geometry": { "type": "MultiPolygon", "coordinates": [ [ [ [ 1.46807, 43.082759 ], [ 1.458877, 43.089761 ], [ 1.456972, 43.095127 ], [ 1.457006, 43.098869 ], [ 1.46909, 43.106182 ], [ 1.487759, 43.10682 ], [ 1.492972, 43.099711 ], [ 1.498437, 43.095089 ], [ 1.497223, 43.092265 ], [ 1.492453, 43.087546 ], [ 1.482019, 43.086879 ], [ 1.46807, 43.082759 ] ] ] ] } },
{ "type": "Feature", "properties": { "codgeo": "09196", "libgeo": "Montagagne", "dept": "09" }, "geometry": { "type": "MultiPolygon", "coordinates": [ [ [ [ 1.411984, 42.986143 ], [ 1.411339, 42.984586 ], [ 1.411911, 42.981052 ], [ 1.424849, 42.969957 ], [ 1.42706, 42.957789 ], [ 1.424932, 42.951204 ], [ 1.411142, 42.93989 ], [ 1.406447, 42.953986 ], [ 1.400709, 42.967205 ], [ 1.39695, 42.979766 ], [ 1.400143, 42.979906 ], [ 1.404536, 42.984273 ], [ 1.407127, 42.985738 ], [ 1.411984, 42.986143 ] ] ] ] } },
{ "type": "Feature", "properties": { "codgeo": "09197", "libgeo": "Montaillou", "dept": "09" }, "geometry": { "type": "MultiPolygon", "coordinates": [ [ [ [ 1.901109, 42.800625 ], [ 1.906151, 42.798139 ], [ 1.910769, 42.790851 ], [ 1.923397, 42.777633 ], [ 1.928788, 42.774979 ], [ 1.92352, 42.771557 ], [ 1.917997, 42.769986 ], [ 1.909379, 42.769276 ], [ 1.908231, 42.767544 ], [ 1.908989, 42.765249 ], [ 1.899515, 42.763433 ], [ 1.886896, 42.765985 ], [ 1.887269, 42.768933 ], [ 1.881163, 42.776843 ], [ 1.88167, 42.780326 ], [ 1.893377, 42.793865 ], [ 1.898705, 42.803306 ], [ 1.901109, 42.800625 ] ] ] ] } },
{ "type": "Feature", "properties": { "codgeo": "09198", "libgeo": "Montardit", "dept": "09" }, "geometry": { "type": "MultiPolygon", "coordinates": [ [ [ [ 1.204212, 43.081044 ], [ 1.212415, 43.072961 ], [ 1.210088, 43.06952 ], [ 1.20506, 43.067734 ], [ 1.201292, 43.068298 ], [ 1.189577, 43.06199 ], [ 1.180568, 43.051932 ], [ 1.164596, 43.054163 ], [ 1.161024, 43.053916 ], [ 1.159586, 43.056024 ], [ 1.162671, 43.056855 ], [ 1.172863, 43.06304 ], [ 1.176146, 43.067928 ], [ 1.183115, 43.082271 ], [ 1.184215, 43.086828 ], [ 1.199606, 43.083565 ], [ 1.204212, 43.081044 ] ] ] ] } },
{ "type": "Feature", "properties": { "codgeo": "09201", "libgeo": "Montégut-en-Couserans", "dept": "09" }, "geometry": { "type": "MultiPolygon", "coordinates": [ [ [ [ 1.108751, 42.982082 ], [ 1.104216, 42.977884 ], [ 1.09189, 42.970903 ], [ 1.072775, 42.97364 ], [ 1.066899, 42.975961 ], [ 1.06637, 42.980546 ], [ 1.082237, 42.984102 ], [ 1.086977, 42.989925 ], [ 1.094877, 42.994964 ], [ 1.10394, 42.998546 ], [ 1.106032, 42.995887 ], [ 1.108921, 42.994006 ], [ 1.110447, 42.990186 ], [ 1.110593, 42.985916 ], [ 1.108751, 42.982082 ] ] ] ] } },
{ "type": "Feature", "properties": { "codgeo": "09202", "libgeo": "Montégut-Plantaurel", "dept": "09" }, "geometry": { "type": "MultiPolygon", "coordinates": [ [ [ [ 1.454292, 43.068398 ], [ 1.454186, 43.071361 ], [ 1.457264, 43.075259 ], [ 1.467269, 43.079833 ], [ 1.46897, 43.082082 ], [ 1.46807, 43.082759 ], [ 1.482019, 43.086879 ], [ 1.492453, 43.087546 ], [ 1.497223, 43.092265 ], [ 1.498437, 43.095089 ], [ 1.502998, 43.095282 ], [ 1.515343, 43.097526 ], [ 1.523629, 43.099419 ], [ 1.524859, 43.100527 ], [ 1.529158, 43.101207 ], [ 1.530279, 43.100758 ], [ 1.528261, 43.087755 ], [ 1.524128, 43.072721 ], [ 1.525045, 43.071223 ], [ 1.524339, 43.071441 ], [ 1.516804, 43.066487 ], [ 1.496286, 43.05004 ], [ 1.454292, 43.068398 ] ] ] ] } },
{ "type": "Feature", "properties": { "codgeo": "09203", "libgeo": "Montels", "dept": "09" }, "geometry": { "type": "MultiPolygon", "coordinates": [ [ [ [ 1.482918, 43.002927 ], [ 1.481898, 43.003195 ], [ 1.475836, 42.998231 ], [ 1.467919, 42.99645 ], [ 1.454463, 43.00153 ], [ 1.457921, 43.012932 ], [ 1.468556, 43.014975 ], [ 1.482196, 43.013929 ], [ 1.483987, 43.007264 ], [ 1.482918, 43.002927 ] ] ] ] } },
{ "type": "Feature", "properties": { "codgeo": "09204", "libgeo": "Montesquieu-Avantès", "dept": "09" }, "geometry": { "type": "MultiPolygon", "coordinates": [ [ [ [ 1.189412, 43.041728 ], [ 1.196688, 43.042175 ], [ 1.20175, 43.046837 ], [ 1.21021, 43.051058 ], [ 1.225414, 43.053302 ], [ 1.231047, 43.05582 ], [ 1.238306, 43.062127 ], [ 1.244432, 43.056465 ], [ 1.247723, 43.045673 ], [ 1.242892, 43.035982 ], [ 1.229881, 43.027546 ], [ 1.223279, 43.018492 ], [ 1.217249, 43.013119 ], [ 1.212418, 43.012259 ], [ 1.211371, 43.009418 ], [ 1.201979, 43.009544 ], [ 1.192018, 43.01249 ], [ 1.189268, 43.017972 ], [ 1.188646, 43.023547 ], [ 1.192887, 43.031211 ], [ 1.191741, 43.036804 ], [ 1.189412, 43.041728 ] ] ] ] } },
{ "type": "Feature", "properties": { "codgeo": "09205", "libgeo": "Montfa", "dept": "09" }, "geometry": { "type": "MultiPolygon", "coordinates": [ [ [ [ 1.317921, 43.102524 ], [ 1.320383, 43.09222 ], [ 1.291559, 43.092378 ], [ 1.270233, 43.093354 ], [ 1.261855, 43.091653 ], [ 1.258806, 43.10564 ], [ 1.260365, 43.109127 ], [ 1.275742, 43.110013 ], [ 1.281089, 43.112882 ], [ 1.28356, 43.111881 ], [ 1.293137, 43.111238 ], [ 1.316247, 43.10428 ], [ 1.317921, 43.102524 ] ] ] ] } },
{ "type": "Feature", "properties": { "codgeo": "09206", "libgeo": "Montferrier", "dept": "09" }, "geometry": { "type": "MultiPolygon", "coordinates": [ [ [ [ 1.769643, 42.904342 ], [ 1.774503, 42.913401 ], [ 1.776142, 42.912863 ], [ 1.791651, 42.915403 ], [ 1.795107, 42.916677 ], [ 1.796069, 42.918871 ], [ 1.799522, 42.915658 ], [ 1.812989, 42.897409 ], [ 1.821633, 42.892126 ], [ 1.82268, 42.880465 ], [ 1.8108, 42.870389 ], [ 1.808412, 42.867415 ], [ 1.802618, 42.85464 ], [ 1.796571, 42.848741 ], [ 1.780084, 42.82854 ], [ 1.771183, 42.819134 ], [ 1.75321, 42.821299 ], [ 1.739736, 42.828908 ], [ 1.732056, 42.830631 ], [ 1.729963, 42.832416 ], [ 1.726934, 42.833406 ], [ 1.723885, 42.833249 ], [ 1.72202, 42.836077 ], [ 1.716628, 42.838958 ], [ 1.715188, 42.846015 ], [ 1.716047, 42.855139 ], [ 1.723995, 42.86378 ], [ 1.755626, 42.882262 ], [ 1.759022, 42.885896 ], [ 1.763947, 42.897942 ], [ 1.769643, 42.904342 ] ] ] ] } },
{ "type": "Feature", "properties": { "codgeo": "09207", "libgeo": "Montgailhard", "dept": "09" }, "geometry": { "type": "MultiPolygon", "coordinates": [ [ [ [ 1.618123, 42.933509 ], [ 1.621138, 42.945115 ], [ 1.62437, 42.945096 ], [ 1.632008, 42.942312 ], [ 1.633414, 42.940951 ], [ 1.638938, 42.943454 ], [ 1.646587, 42.948833 ], [ 1.645166, 42.95402 ], [ 1.641064, 42.957569 ], [ 1.655645, 42.954176 ], [ 1.660633, 42.952187 ], [ 1.659836, 42.940926 ], [ 1.661753, 42.933869 ], [ 1.668287, 42.933429 ], [ 1.670154, 42.929396 ], [ 1.668889, 42.928579 ], [ 1.661702, 42.927751 ], [ 1.644921, 42.926975 ], [ 1.636175, 42.924729 ], [ 1.635017, 42.920788 ], [ 1.633237, 42.919856 ], [ 1.618123, 42.933509 ] ] ] ] } },
{ "type": "Feature", "properties": { "codgeo": "09208", "libgeo": "Montgauch", "dept": "09" }, "geometry": { "type": "MultiPolygon", "coordinates": [ [ [ [ 1.10394, 42.998546 ], [ 1.094877, 42.994964 ], [ 1.086977, 42.989925 ], [ 1.082237, 42.984102 ], [ 1.06637, 42.980546 ], [ 1.055486, 42.974801 ], [ 1.05141, 42.972137 ], [ 1.051005, 42.971054 ], [ 1.038744, 42.972877 ], [ 1.044876, 42.977062 ], [ 1.05824, 42.982752 ], [ 1.061517, 42.989737 ], [ 1.060452, 43.002487 ], [ 1.061432, 43.012884 ], [ 1.083159, 43.008567 ], [ 1.090786, 43.003644 ], [ 1.090564, 43.002554 ], [ 1.091786, 43.001038 ], [ 1.099089, 43.001126 ], [ 1.101957, 43.001906 ], [ 1.10394, 42.998546 ] ] ] ] } },
{ "type": "Feature", "properties": { "codgeo": "09209", "libgeo": "Montjoie-en-Couserans", "dept": "09" }, "geometry": { "type": "MultiPolygon", "coordinates": [ [ [ [ 1.211371, 43.009418 ], [ 1.208494, 43.002007 ], [ 1.209354, 42.983418 ], [ 1.211316, 42.980495 ], [ 1.220335, 42.977564 ], [ 1.219853, 42.974514 ], [ 1.216356, 42.97216 ], [ 1.199905, 42.973222 ], [ 1.193202, 42.981105 ], [ 1.192082, 42.985145 ], [ 1.179502, 42.993297 ], [ 1.173575, 42.993298 ], [ 1.165765, 42.992033 ], [ 1.154321, 42.994518 ], [ 1.151826, 42.99654 ], [ 1.150187, 43.00986 ], [ 1.148118, 43.014111 ], [ 1.141977, 43.021858 ], [ 1.143469, 43.038095 ], [ 1.151432, 43.05205 ], [ 1.164596, 43.054163 ], [ 1.180568, 43.051932 ], [ 1.183575, 43.045546 ], [ 1.187423, 43.044634 ], [ 1.191741, 43.036804 ], [ 1.192887, 43.031211 ], [ 1.188646, 43.023547 ], [ 1.189268, 43.017972 ], [ 1.192018, 43.01249 ], [ 1.201979, 43.009544 ], [ 1.211371, 43.009418 ] ] ] ] } },
{ "type": "Feature", "properties": { "codgeo": "09210", "libgeo": "Montoulieu", "dept": "09" }, "geometry": { "type": "MultiPolygon", "coordinates": [ [ [ [ 1.609881, 42.882424 ], [ 1.603397, 42.887105 ], [ 1.588199, 42.893375 ], [ 1.584298, 42.893212 ], [ 1.566304, 42.899964 ], [ 1.565786, 42.902022 ], [ 1.56181, 42.905893 ], [ 1.566171, 42.910916 ], [ 1.571641, 42.91065 ], [ 1.604186, 42.913439 ], [ 1.633237, 42.919856 ], [ 1.640622, 42.908506 ], [ 1.640391, 42.904986 ], [ 1.636844, 42.899846 ], [ 1.622127, 42.894122 ], [ 1.609881, 42.882424 ] ] ] ] } },
{ "type": "Feature", "properties": { "codgeo": "09211", "libgeo": "Montségur", "dept": "09" }, "geometry": { "type": "MultiPolygon", "coordinates": [ [ [ [ 1.832183, 42.816782 ], [ 1.820967, 42.812955 ], [ 1.806193, 42.817004 ], [ 1.786027, 42.819571 ], [ 1.783058, 42.817435 ], [ 1.771183, 42.819134 ], [ 1.780084, 42.82854 ], [ 1.796571, 42.848741 ], [ 1.802618, 42.85464 ], [ 1.808412, 42.867415 ], [ 1.8108, 42.870389 ], [ 1.82268, 42.880465 ], [ 1.822462, 42.8817 ], [ 1.827248, 42.881545 ], [ 1.840045, 42.878586 ], [ 1.850646, 42.870521 ], [ 1.85185, 42.858743 ], [ 1.864644, 42.850834 ], [ 1.875297, 42.845304 ], [ 1.875814, 42.844401 ], [ 1.866693, 42.832385 ], [ 1.859862, 42.826798 ], [ 1.85956, 42.821301 ], [ 1.850981, 42.817995 ], [ 1.832183, 42.816782 ] ] ] ] } },
{ "type": "Feature", "properties": { "codgeo": "09212", "libgeo": "Montseron", "dept": "09" }, "geometry": { "type": "MultiPolygon", "coordinates": [ [ [ [ 1.316654, 43.038011 ], [ 1.321983, 43.036813 ], [ 1.323645, 43.039009 ], [ 1.325489, 43.039622 ], [ 1.33046, 43.039294 ], [ 1.329831, 43.02963 ], [ 1.332997, 43.019718 ], [ 1.337746, 43.018588 ], [ 1.339601, 43.017026 ], [ 1.335097, 43.003835 ], [ 1.318526, 43.005353 ], [ 1.316349, 43.011381 ], [ 1.303343, 43.014021 ], [ 1.292754, 43.012993 ], [ 1.290786, 43.013587 ], [ 1.290677, 43.019643 ], [ 1.292371, 43.028234 ], [ 1.304473, 43.029345 ], [ 1.316731, 43.033133 ], [ 1.31803, 43.033692 ], [ 1.316654, 43.038011 ] ] ] ] } },
{ "type": "Feature", "properties": { "codgeo": "09214", "libgeo": "Moulis", "dept": "09" }, "geometry": { "type": "MultiPolygon", "coordinates": [ [ [ [ 1.086636, 42.925112 ], [ 1.066863, 42.948774 ], [ 1.055151, 42.967511 ], [ 1.051005, 42.971054 ], [ 1.05141, 42.972137 ], [ 1.06637, 42.980546 ], [ 1.066899, 42.975961 ], [ 1.068755, 42.975039 ], [ 1.072775, 42.97364 ], [ 1.09189, 42.970903 ], [ 1.104216, 42.977884 ], [ 1.108751, 42.982082 ], [ 1.118008, 42.978613 ], [ 1.122301, 42.978142 ], [ 1.1246, 42.959767 ], [ 1.134937, 42.948582 ], [ 1.136931, 42.945392 ], [ 1.134884, 42.938816 ], [ 1.137999, 42.936356 ], [ 1.140346, 42.935533 ], [ 1.139438, 42.93287 ], [ 1.136154, 42.929031 ], [ 1.115628, 42.915563 ], [ 1.106705, 42.907747 ], [ 1.095867, 42.887576 ], [ 1.092554, 42.888256 ], [ 1.088645, 42.893981 ], [ 1.084822, 42.897209 ], [ 1.083417, 42.903996 ], [ 1.088932, 42.918507 ], [ 1.086636, 42.925112 ] ] ] ] } },
{ "type": "Feature", "properties": { "codgeo": "09215", "libgeo": "Nalzen", "dept": "09" }, "geometry": { "type": "MultiPolygon", "coordinates": [ [ [ [ 1.774038, 42.912832 ], [ 1.752504, 42.914877 ], [ 1.746839, 42.913784 ], [ 1.728906, 42.914617 ], [ 1.718743, 42.913768 ], [ 1.721533, 42.921393 ], [ 1.725336, 42.921325 ], [ 1.729217, 42.925255 ], [ 1.729711, 42.9316 ], [ 1.748115, 42.923671 ], [ 1.778985, 42.91882 ], [ 1.791651, 42.915403 ], [ 1.776142, 42.912863 ], [ 1.774503, 42.913401 ], [ 1.774038, 42.912832 ] ] ] ] } },
{ "type": "Feature", "properties": { "codgeo": "09217", "libgeo": "Niaux", "dept": "09" }, "geometry": { "type": "MultiPolygon", "coordinates": [ [ [ [ 1.611495, 42.814206 ], [ 1.612856, 42.812724 ], [ 1.612813, 42.811376 ], [ 1.6025, 42.809779 ], [ 1.591562, 42.80194 ], [ 1.588119, 42.801907 ], [ 1.589614, 42.807396 ], [ 1.590652, 42.828918 ], [ 1.598722, 42.828525 ], [ 1.602294, 42.826879 ], [ 1.603232, 42.825134 ], [ 1.608883, 42.823053 ], [ 1.613359, 42.822275 ], [ 1.615772, 42.819588 ], [ 1.611495, 42.814206 ] ] ] ] } },
{ "type": "Feature", "properties": { "codgeo": "09218", "libgeo": "Orgeix", "dept": "09" }, "geometry": { "type": "MultiPolygon", "coordinates": [ [ [ [ 1.855703, 42.714808 ], [ 1.87603, 42.710886 ], [ 1.876508, 42.708564 ], [ 1.874606, 42.705614 ], [ 1.873159, 42.700369 ], [ 1.879958, 42.691798 ], [ 1.882125, 42.690655 ], [ 1.889768, 42.690109 ], [ 1.896658, 42.683571 ], [ 1.90002, 42.677647 ], [ 1.89484, 42.648798 ], [ 1.892366, 42.643816 ], [ 1.890277, 42.641601 ], [ 1.882609, 42.640198 ], [ 1.875123, 42.640679 ], [ 1.868818, 42.65558 ], [ 1.863228, 42.663086 ], [ 1.860801, 42.673963 ], [ 1.859058, 42.675668 ], [ 1.861236, 42.682702 ], [ 1.861727, 42.688528 ], [ 1.855162, 42.697814 ], [ 1.851785, 42.70633 ], [ 1.851952, 42.710422 ], [ 1.855703, 42.714808 ] ] ] ] } },
{ "type": "Feature", "properties": { "codgeo": "09219", "libgeo": "Orgibet", "dept": "09" }, "geometry": { "type": "MultiPolygon", "coordinates": [ [ [ [ 0.940701, 42.956725 ], [ 0.943541, 42.947992 ], [ 0.950537, 42.940032 ], [ 0.949514, 42.922402 ], [ 0.947716, 42.916172 ], [ 0.939298, 42.901032 ], [ 0.933031, 42.904507 ], [ 0.923517, 42.921217 ], [ 0.923777, 42.928218 ], [ 0.927546, 42.929903 ], [ 0.936468, 42.937049 ], [ 0.936555, 42.953042 ], [ 0.937468, 42.956402 ], [ 0.940701, 42.956725 ] ] ] ] } },
{ "type": "Feature", "properties": { "codgeo": "09220", "libgeo": "Orlu", "dept": "09" }, "geometry": { "type": "MultiPolygon", "coordinates": [ [ [ [ 1.900243, 42.615216 ], [ 1.902919, 42.616144 ], [ 1.909219, 42.622042 ], [ 1.902875, 42.633223 ], [ 1.896441, 42.638596 ], [ 1.890277, 42.641601 ], [ 1.892366, 42.643816 ], [ 1.89484, 42.648798 ], [ 1.90002, 42.677647 ], [ 1.896658, 42.683571 ], [ 1.889768, 42.690109 ], [ 1.882125, 42.690655 ], [ 1.879958, 42.691798 ], [ 1.873159, 42.700369 ], [ 1.874606, 42.705614 ], [ 1.876508, 42.708564 ], [ 1.87603, 42.710886 ], [ 1.874965, 42.711062 ], [ 1.876538, 42.712371 ], [ 1.892915, 42.711593 ], [ 1.939654, 42.693067 ], [ 1.955289, 42.690983 ], [ 1.964537, 42.68775 ], [ 1.969945, 42.686945 ], [ 1.971221, 42.687353 ], [ 1.982119, 42.676203 ], [ 1.98621, 42.673915 ], [ 2.006634, 42.671489 ], [ 2.004275, 42.668905 ], [ 2.00214, 42.661211 ], [ 1.997248, 42.658686 ], [ 1.990932, 42.646796 ], [ 1.987985, 42.645008 ], [ 1.986539, 42.640802 ], [ 1.976017, 42.627376 ], [ 1.976567, 42.621549 ], [ 1.972339, 42.617123 ], [ 1.965239, 42.616262 ], [ 1.959277, 42.617077 ], [ 1.944416, 42.609784 ], [ 1.930701, 42.605615 ], [ 1.911471, 42.6076 ], [ 1.907321, 42.608639 ], [ 1.900243, 42.615216 ] ] ] ] } },
{ "type": "Feature", "properties": { "codgeo": "09221", "libgeo": "Ornolac-Ussat-les-Bains", "dept": "09" }, "geometry": { "type": "MultiPolygon", "coordinates": [ [ [ [ 1.641861, 42.840354 ], [ 1.64485, 42.838706 ], [ 1.661577, 42.835131 ], [ 1.676889, 42.826945 ], [ 1.678801, 42.825197 ], [ 1.681179, 42.819948 ], [ 1.674702, 42.819773 ], [ 1.671619, 42.816287 ], [ 1.670888, 42.810839 ], [ 1.661346, 42.81152 ], [ 1.639979, 42.809482 ], [ 1.637497, 42.806943 ], [ 1.633432, 42.80917 ], [ 1.619074, 42.813979 ], [ 1.611495, 42.814206 ], [ 1.615772, 42.819588 ], [ 1.613359, 42.822275 ], [ 1.618604, 42.823434 ], [ 1.626256, 42.827302 ], [ 1.641861, 42.840354 ] ] ] ] } },
{ "type": "Feature", "properties": { "codgeo": "09222", "libgeo": "Orus", "dept": "09" }, "geometry": { "type": "MultiPolygon", "coordinates": [ [ [ [ 1.526353, 42.80876 ], [ 1.531109, 42.795781 ], [ 1.533055, 42.783429 ], [ 1.52239, 42.780912 ], [ 1.499168, 42.778326 ], [ 1.494534, 42.775619 ], [ 1.491863, 42.778932 ], [ 1.496705, 42.787207 ], [ 1.499583, 42.799831 ], [ 1.498138, 42.811156 ], [ 1.519178, 42.810083 ], [ 1.526353, 42.80876 ] ] ] ] } },
{ "type": "Feature", "properties": { "codgeo": "09223", "libgeo": "Oust", "dept": "09" }, "geometry": { "type": "MultiPolygon", "coordinates": [ [ [ [ 1.208287, 42.87545 ], [ 1.209502, 42.882624 ], [ 1.21275, 42.887483 ], [ 1.216001, 42.889293 ], [ 1.223442, 42.890876 ], [ 1.228884, 42.89294 ], [ 1.241532, 42.879846 ], [ 1.253651, 42.871933 ], [ 1.257946, 42.87049 ], [ 1.25001, 42.859817 ], [ 1.253868, 42.855787 ], [ 1.258326, 42.844427 ], [ 1.266629, 42.832984 ], [ 1.265698, 42.826589 ], [ 1.250445, 42.831707 ], [ 1.246591, 42.831578 ], [ 1.237174, 42.835143 ], [ 1.218114, 42.844308 ], [ 1.211834, 42.844756 ], [ 1.21778, 42.852903 ], [ 1.216257, 42.858174 ], [ 1.208287, 42.87545 ] ] ] ] } },
{ "type": "Feature", "properties": { "codgeo": "09224", "libgeo": "Pailhès", "dept": "09" }, "geometry": { "type": "MultiPolygon", "coordinates": [ [ [ [ 1.48956, 43.122581 ], [ 1.487759, 43.10682 ], [ 1.46909, 43.106182 ], [ 1.457006, 43.098869 ], [ 1.456972, 43.095127 ], [ 1.458877, 43.089761 ], [ 1.46897, 43.082082 ], [ 1.467269, 43.079833 ], [ 1.457264, 43.075259 ], [ 1.454186, 43.071361 ], [ 1.454292, 43.068398 ], [ 1.440513, 43.072223 ], [ 1.414439, 43.08153 ], [ 1.415627, 43.083521 ], [ 1.421029, 43.087058 ], [ 1.426171, 43.095993 ], [ 1.413751, 43.104755 ], [ 1.404936, 43.109841 ], [ 1.403899, 43.111843 ], [ 1.404852, 43.114058 ], [ 1.417353, 43.113212 ], [ 1.43599, 43.114801 ], [ 1.440778, 43.116709 ], [ 1.444271, 43.121105 ], [ 1.448954, 43.124716 ], [ 1.463232, 43.124635 ], [ 1.470832, 43.12319 ], [ 1.486361, 43.123149 ], [ 1.48956, 43.122581 ] ] ] ] } },
{ "type": "Feature", "properties": { "codgeo": "09226", "libgeo": "Pech", "dept": "09" }, "geometry": { "type": "MultiPolygon", "coordinates": [ [ [ [ 1.679275, 42.741805 ], [ 1.680454, 42.751691 ], [ 1.683662, 42.761774 ], [ 1.682827, 42.772381 ], [ 1.680278, 42.773632 ], [ 1.682599, 42.783719 ], [ 1.688219, 42.78404 ], [ 1.692867, 42.782834 ], [ 1.696747, 42.776163 ], [ 1.695047, 42.775338 ], [ 1.693786, 42.772493 ], [ 1.69635, 42.765884 ], [ 1.696245, 42.760188 ], [ 1.692061, 42.743732 ], [ 1.679275, 42.741805 ] ] ] ] } },
{ "type": "Feature", "properties": { "codgeo": "09227", "libgeo": "Péreille", "dept": "09" }, "geometry": { "type": "MultiPolygon", "coordinates": [ [ [ [ 1.796138, 42.920297 ], [ 1.792194, 42.923238 ], [ 1.795538, 42.929671 ], [ 1.794958, 42.936849 ], [ 1.792408, 42.943453 ], [ 1.794083, 42.943911 ], [ 1.796388, 42.943401 ], [ 1.79504, 42.943123 ], [ 1.79618, 42.941892 ], [ 1.814792, 42.934748 ], [ 1.824068, 42.930197 ], [ 1.82506, 42.931362 ], [ 1.83111, 42.927026 ], [ 1.829423, 42.920024 ], [ 1.814776, 42.918507 ], [ 1.804845, 42.918726 ], [ 1.796138, 42.920297 ] ] ] ] } },
{ "type": "Feature", "properties": { "codgeo": "09228", "libgeo": "Perles-et-Castelet", "dept": "09" }, "geometry": { "type": "MultiPolygon", "coordinates": [ [ [ [ 1.779038, 42.75269 ], [ 1.805591, 42.735079 ], [ 1.79916, 42.724811 ], [ 1.788212, 42.717552 ], [ 1.782486, 42.709337 ], [ 1.781164, 42.703748 ], [ 1.767752, 42.683291 ], [ 1.753432, 42.675346 ], [ 1.748793, 42.675501 ], [ 1.748635, 42.681788 ], [ 1.750475, 42.684533 ], [ 1.754068, 42.685985 ], [ 1.757797, 42.697647 ], [ 1.753801, 42.71243 ], [ 1.753848, 42.72107 ], [ 1.7584, 42.723844 ], [ 1.76212, 42.727458 ], [ 1.7637, 42.73111 ], [ 1.763085, 42.737756 ], [ 1.766612, 42.744319 ], [ 1.769712, 42.745441 ], [ 1.776239, 42.751749 ], [ 1.779038, 42.75269 ] ] ] ] } },
{ "type": "Feature", "properties": { "codgeo": "09230", "libgeo": "Le Pla", "dept": "09" }, "geometry": { "type": "MultiPolygon", "coordinates": [ [ [ [ 2.079469, 42.724058 ], [ 2.087496, 42.722889 ], [ 2.088949, 42.711861 ], [ 2.075354, 42.699498 ], [ 2.074331, 42.696252 ], [ 2.046921, 42.663638 ], [ 2.043347, 42.657556 ], [ 2.029818, 42.65328 ], [ 2.018729, 42.653881 ], [ 2.026993, 42.660494 ], [ 2.034021, 42.668983 ], [ 2.042362, 42.690575 ], [ 2.043993, 42.697014 ], [ 2.055748, 42.703179 ], [ 2.077188, 42.717223 ], [ 2.07898, 42.719473 ], [ 2.079469, 42.724058 ] ] ] ] } },
{ "type": "Feature", "properties": { "codgeo": "09231", "libgeo": "Le Port", "dept": "09" }, "geometry": { "type": "MultiPolygon", "coordinates": [ [ [ [ 1.334858, 42.844741 ], [ 1.339858, 42.853579 ], [ 1.346918, 42.856109 ], [ 1.360715, 42.86521 ], [ 1.354307, 42.873516 ], [ 1.355646, 42.877235 ], [ 1.359006, 42.879926 ], [ 1.376352, 42.878292 ], [ 1.387356, 42.874765 ], [ 1.393127, 42.869223 ], [ 1.402284, 42.863193 ], [ 1.439714, 42.846307 ], [ 1.439225, 42.844477 ], [ 1.440469, 42.839906 ], [ 1.439965, 42.830325 ], [ 1.430246, 42.828456 ], [ 1.421392, 42.824859 ], [ 1.417052, 42.82046 ], [ 1.40999, 42.804699 ], [ 1.406405, 42.793848 ], [ 1.407551, 42.790775 ], [ 1.406688, 42.790206 ], [ 1.388736, 42.792547 ], [ 1.380524, 42.792434 ], [ 1.371213, 42.793482 ], [ 1.364821, 42.795833 ], [ 1.363143, 42.797551 ], [ 1.359952, 42.805937 ], [ 1.361707, 42.807533 ], [ 1.36483, 42.814038 ], [ 1.363857, 42.817928 ], [ 1.361927, 42.820075 ], [ 1.347189, 42.827474 ], [ 1.34112, 42.832691 ], [ 1.335197, 42.839247 ], [ 1.337012, 42.840889 ], [ 1.33735, 42.842465 ], [ 1.334858, 42.844741 ] ] ] ] } },
{ "type": "Feature", "properties": { "codgeo": "09232", "libgeo": "Prades", "dept": "09" }, "geometry": { "type": "MultiPolygon", "coordinates": [ [ [ [ 1.834066, 42.790392 ], [ 1.823118, 42.798071 ], [ 1.819184, 42.804098 ], [ 1.819872, 42.807379 ], [ 1.826679, 42.814536 ], [ 1.832183, 42.816782 ], [ 1.850981, 42.817995 ], [ 1.85956, 42.821301 ], [ 1.862701, 42.817861 ], [ 1.89377, 42.809589 ], [ 1.897462, 42.807182 ], [ 1.898981, 42.804497 ], [ 1.893377, 42.793865 ], [ 1.88167, 42.780326 ], [ 1.881163, 42.776843 ], [ 1.887269, 42.768933 ], [ 1.886896, 42.765985 ], [ 1.883874, 42.762761 ], [ 1.869663, 42.754144 ], [ 1.866629, 42.753421 ], [ 1.864047, 42.755008 ], [ 1.845222, 42.755439 ], [ 1.841719, 42.756358 ], [ 1.848906, 42.757822 ], [ 1.85121, 42.760788 ], [ 1.84874, 42.770254 ], [ 1.834066, 42.790392 ] ] ] ] } },
{ "type": "Feature", "properties": { "codgeo": "09233", "libgeo": "Pradettes", "dept": "09" }, "geometry": { "type": "MultiPolygon", "coordinates": [ [ [ [ 1.804162, 42.993629 ], [ 1.806907, 42.995884 ], [ 1.814871, 42.997699 ], [ 1.816878, 42.999622 ], [ 1.830887, 42.997571 ], [ 1.835566, 42.995929 ], [ 1.83624, 42.993126 ], [ 1.832599, 42.986589 ], [ 1.823533, 42.981535 ], [ 1.82326, 42.982231 ], [ 1.816048, 42.982541 ], [ 1.803956, 42.990899 ], [ 1.804162, 42.993629 ] ] ] ] } },
{ "type": "Feature", "properties": { "codgeo": "09234", "libgeo": "Pradières", "dept": "09" }, "geometry": { "type": "MultiPolygon", "coordinates": [ [ [ [ 1.636631, 42.97259 ], [ 1.64219, 42.973629 ], [ 1.648078, 42.972876 ], [ 1.660187, 42.969369 ], [ 1.669568, 42.964298 ], [ 1.682466, 42.955099 ], [ 1.686783, 42.952969 ], [ 1.678989, 42.947972 ], [ 1.641064, 42.957569 ], [ 1.629402, 42.963806 ], [ 1.636631, 42.97259 ] ] ] ] } },
{ "type": "Feature", "properties": { "codgeo": "09235", "libgeo": "Prat-Bonrepaux", "dept": "09" }, "geometry": { "type": "MultiPolygon", "coordinates": [ [ [ [ 1.022244, 43.010019 ], [ 1.018908, 43.010334 ], [ 1.010053, 43.016522 ], [ 1.006397, 43.020364 ], [ 0.996811, 43.023981 ], [ 0.999839, 43.025922 ], [ 1.002117, 43.029707 ], [ 0.993153, 43.03956 ], [ 0.994566, 43.039891 ], [ 0.995629, 43.03863 ], [ 1.007855, 43.036639 ], [ 1.01722, 43.038023 ], [ 1.021314, 43.039693 ], [ 1.03588, 43.059109 ], [ 1.038133, 43.058031 ], [ 1.040244, 43.058105 ], [ 1.044392, 43.06036 ], [ 1.045416, 43.059678 ], [ 1.041615, 43.042401 ], [ 1.043083, 43.038552 ], [ 1.047391, 43.035444 ], [ 1.048226, 43.033581 ], [ 1.060191, 43.027269 ], [ 1.060521, 43.021726 ], [ 1.059083, 43.020419 ], [ 1.048528, 43.015632 ], [ 1.044515, 43.016616 ], [ 1.034207, 43.016546 ], [ 1.022244, 43.010019 ] ] ] ] } },
{ "type": "Feature", "properties": { "codgeo": "09236", "libgeo": "Prayols", "dept": "09" }, "geometry": { "type": "MultiPolygon", "coordinates": [ [ [ [ 1.633237, 42.919856 ], [ 1.604186, 42.913439 ], [ 1.571641, 42.91065 ], [ 1.566171, 42.910916 ], [ 1.565826, 42.914609 ], [ 1.590136, 42.928602 ], [ 1.592929, 42.928144 ], [ 1.60537, 42.931853 ], [ 1.618123, 42.933509 ], [ 1.633237, 42.919856 ] ] ] ] } },
{ "type": "Feature", "properties": { "codgeo": "09237", "libgeo": "Le Puch", "dept": "09" }, "geometry": { "type": "MultiPolygon", "coordinates": [ [ [ [ 2.087496, 42.722889 ], [ 2.100638, 42.731886 ], [ 2.113764, 42.724818 ], [ 2.102564, 42.714363 ], [ 2.102712, 42.711742 ], [ 2.09486, 42.712937 ], [ 2.088949, 42.711861 ], [ 2.087496, 42.722889 ] ] ] ] } },
{ "type": "Feature", "properties": { "codgeo": "09239", "libgeo": "Quérigut", "dept": "09" }, "geometry": { "type": "MultiPolygon", "coordinates": [ [ [ [ 2.166049, 42.663917 ], [ 2.159818, 42.66443 ], [ 2.156093, 42.662824 ], [ 2.1514, 42.661989 ], [ 2.13972, 42.665176 ], [ 2.13286, 42.668297 ], [ 2.131377, 42.670315 ], [ 2.127817, 42.672344 ], [ 2.123719, 42.671792 ], [ 2.107949, 42.664696 ], [ 2.100543, 42.664384 ], [ 2.082657, 42.665684 ], [ 2.067931, 42.665324 ], [ 2.054095, 42.663159 ], [ 2.046921, 42.663638 ], [ 2.074331, 42.696252 ], [ 2.075354, 42.699498 ], [ 2.088949, 42.711861 ], [ 2.09486, 42.712937 ], [ 2.102712, 42.711742 ], [ 2.110776, 42.707927 ], [ 2.116129, 42.704175 ], [ 2.11892, 42.697447 ], [ 2.124425, 42.693113 ], [ 2.135773, 42.692779 ], [ 2.139153, 42.695147 ], [ 2.140849, 42.697656 ], [ 2.140606, 42.705759 ], [ 2.160386, 42.701138 ], [ 2.167804, 42.696158 ], [ 2.171337, 42.69111 ], [ 2.175862, 42.681957 ], [ 2.170855, 42.67476 ], [ 2.168015, 42.673743 ], [ 2.165229, 42.665761 ], [ 2.166049, 42.663917 ] ] ] ] } },
{ "type": "Feature", "properties": { "codgeo": "09240", "libgeo": "Quié", "dept": "09" }, "geometry": { "type": "MultiPolygon", "coordinates": [ [ [ [ 1.592319, 42.830649 ], [ 1.588873, 42.834259 ], [ 1.580416, 42.84073 ], [ 1.57729, 42.840887 ], [ 1.580737, 42.848789 ], [ 1.58315, 42.851959 ], [ 1.589104, 42.852252 ], [ 1.597735, 42.847061 ], [ 1.600233, 42.837875 ], [ 1.598475, 42.834616 ], [ 1.592319, 42.830649 ] ] ] ] } },
{ "type": "Feature", "properties": { "codgeo": "09241", "libgeo": "Rabat-les-Trois-Seigneurs", "dept": "09" }, "geometry": { "type": "MultiPolygon", "coordinates": [ [ [ [ 1.563526, 42.841381 ], [ 1.554668, 42.841136 ], [ 1.551861, 42.840308 ], [ 1.549809, 42.838586 ], [ 1.545822, 42.83914 ], [ 1.536465, 42.849711 ], [ 1.520133, 42.843381 ], [ 1.505191, 42.842488 ], [ 1.49258, 42.844094 ], [ 1.487608, 42.841844 ], [ 1.479358, 42.821281 ], [ 1.466029, 42.816763 ], [ 1.460652, 42.816633 ], [ 1.444793, 42.82842 ], [ 1.439965, 42.830325 ], [ 1.440469, 42.839906 ], [ 1.439225, 42.844477 ], [ 1.442939, 42.850792 ], [ 1.45112, 42.858139 ], [ 1.45477, 42.854927 ], [ 1.458162, 42.853518 ], [ 1.461887, 42.853369 ], [ 1.466696, 42.860018 ], [ 1.472004, 42.863874 ], [ 1.48304, 42.863654 ], [ 1.497314, 42.857821 ], [ 1.502709, 42.857055 ], [ 1.509307, 42.857555 ], [ 1.513622, 42.85899 ], [ 1.525928, 42.860989 ], [ 1.538271, 42.86149 ], [ 1.553014, 42.865027 ], [ 1.56583, 42.863824 ], [ 1.567946, 42.862898 ], [ 1.568293, 42.859022 ], [ 1.563635, 42.858533 ], [ 1.564955, 42.857407 ], [ 1.561416, 42.853115 ], [ 1.560319, 42.849841 ], [ 1.560257, 42.848471 ], [ 1.563286, 42.845699 ], [ 1.563526, 42.841381 ] ] ] ] } },
{ "type": "Feature", "properties": { "codgeo": "09242", "libgeo": "Raissac", "dept": "09" }, "geometry": { "type": "MultiPolygon", "coordinates": [ [ [ [ 1.796388, 42.943401 ], [ 1.796034, 42.944415 ], [ 1.79779, 42.947659 ], [ 1.801833, 42.948038 ], [ 1.805159, 42.950693 ], [ 1.814492, 42.950202 ], [ 1.825373, 42.943692 ], [ 1.832343, 42.941578 ], [ 1.829846, 42.932865 ], [ 1.82506, 42.931362 ], [ 1.824068, 42.930197 ], [ 1.814792, 42.934748 ], [ 1.79618, 42.941892 ], [ 1.79504, 42.943123 ], [ 1.796388, 42.943401 ] ] ] ] } },
{ "type": "Feature", "properties": { "codgeo": "09245", "libgeo": "Rieux-de-Pelleport", "dept": "09" }, "geometry": { "type": "MultiPolygon", "coordinates": [ [ [ [ 1.591474, 43.073123 ], [ 1.59553, 43.073629 ], [ 1.603192, 43.070366 ], [ 1.621454, 43.069317 ], [ 1.620127, 43.06832 ], [ 1.626274, 43.062079 ], [ 1.624924, 43.058294 ], [ 1.620568, 43.054731 ], [ 1.611732, 43.052781 ], [ 1.601631, 43.042528 ], [ 1.597054, 43.042891 ], [ 1.587902, 43.040918 ], [ 1.583418, 43.041884 ], [ 1.581001, 43.043169 ], [ 1.586239, 43.054221 ], [ 1.582159, 43.058054 ], [ 1.576186, 43.060011 ], [ 1.578153, 43.060435 ], [ 1.587926, 43.066933 ], [ 1.591474, 43.073123 ] ] ] ] } },
{ "type": "Feature", "properties": { "codgeo": "09246", "libgeo": "Rimont", "dept": "09" }, "geometry": { "type": "MultiPolygon", "coordinates": [ [ [ [ 1.312577, 42.947791 ], [ 1.310881, 42.948058 ], [ 1.309964, 42.949883 ], [ 1.303397, 42.95459 ], [ 1.284505, 42.96107 ], [ 1.27194, 42.966231 ], [ 1.258485, 42.969488 ], [ 1.250516, 42.968488 ], [ 1.25021, 42.973833 ], [ 1.248449, 42.979981 ], [ 1.234662, 42.989758 ], [ 1.244452, 42.994679 ], [ 1.254339, 42.995499 ], [ 1.27544, 43.008783 ], [ 1.27936, 43.021262 ], [ 1.281606, 43.025043 ], [ 1.287114, 43.028584 ], [ 1.292371, 43.028234 ], [ 1.290677, 43.019643 ], [ 1.290786, 43.013587 ], [ 1.292754, 43.012993 ], [ 1.303343, 43.014021 ], [ 1.316349, 43.011381 ], [ 1.318526, 43.005353 ], [ 1.319442, 43.005452 ], [ 1.318437, 42.997811 ], [ 1.309737, 42.986518 ], [ 1.310721, 42.977644 ], [ 1.309157, 42.9766 ], [ 1.304832, 42.977494 ], [ 1.30096, 42.97649 ], [ 1.30791, 42.970025 ], [ 1.310298, 42.964499 ], [ 1.310689, 42.953643 ], [ 1.312577, 42.947791 ] ] ] ] } },
{ "type": "Feature", "properties": { "codgeo": "09247", "libgeo": "Rivèrenert", "dept": "09" }, "geometry": { "type": "MultiPolygon", "coordinates": [ [ [ [ 1.310881, 42.948058 ], [ 1.317658, 42.946125 ], [ 1.331522, 42.935394 ], [ 1.331673, 42.933733 ], [ 1.3285, 42.93276 ], [ 1.316697, 42.933152 ], [ 1.301705, 42.932198 ], [ 1.288112, 42.928847 ], [ 1.273172, 42.936976 ], [ 1.268284, 42.93686 ], [ 1.258717, 42.933911 ], [ 1.250858, 42.933964 ], [ 1.235437, 42.939371 ], [ 1.229012, 42.940642 ], [ 1.222443, 42.94764 ], [ 1.211579, 42.948617 ], [ 1.212865, 42.950276 ], [ 1.212204, 42.955557 ], [ 1.213106, 42.955765 ], [ 1.213325, 42.963012 ], [ 1.207697, 42.972521 ], [ 1.216356, 42.97216 ], [ 1.219853, 42.974514 ], [ 1.220335, 42.977564 ], [ 1.250516, 42.968488 ], [ 1.258485, 42.969488 ], [ 1.27194, 42.966231 ], [ 1.284505, 42.96107 ], [ 1.303397, 42.95459 ], [ 1.309964, 42.949883 ], [ 1.310881, 42.948058 ] ] ] ] } },
{ "type": "Feature", "properties": { "codgeo": "09249", "libgeo": "Roquefixade", "dept": "09" }, "geometry": { "type": "MultiPolygon", "coordinates": [ [ [ [ 1.793764, 42.938846 ], [ 1.794958, 42.936849 ], [ 1.795538, 42.929671 ], [ 1.792194, 42.923238 ], [ 1.796138, 42.920297 ], [ 1.796069, 42.918871 ], [ 1.795107, 42.916677 ], [ 1.791651, 42.915403 ], [ 1.778985, 42.91882 ], [ 1.748115, 42.923671 ], [ 1.729711, 42.9316 ], [ 1.740889, 42.9452 ], [ 1.744601, 42.95432 ], [ 1.747981, 42.953935 ], [ 1.758432, 42.950749 ], [ 1.763228, 42.948071 ], [ 1.761767, 42.947525 ], [ 1.764911, 42.944802 ], [ 1.772743, 42.940477 ], [ 1.779124, 42.938031 ], [ 1.781157, 42.937683 ], [ 1.793764, 42.938846 ] ] ] ] } },
{ "type": "Feature", "properties": { "codgeo": "09250", "libgeo": "Roquefort-les-Cascades", "dept": "09" }, "geometry": { "type": "MultiPolygon", "coordinates": [ [ [ [ 1.717912, 42.961227 ], [ 1.713781, 42.972606 ], [ 1.714196, 42.973785 ], [ 1.751102, 42.96696 ], [ 1.768985, 42.961963 ], [ 1.770756, 42.962287 ], [ 1.771885, 42.953247 ], [ 1.77051, 42.950006 ], [ 1.763228, 42.948071 ], [ 1.758432, 42.950749 ], [ 1.747981, 42.953935 ], [ 1.72447, 42.957953 ], [ 1.717912, 42.961227 ] ] ] ] } },
{ "type": "Feature", "properties": { "codgeo": "09252", "libgeo": "Rouze", "dept": "09" }, "geometry": { "type": "MultiPolygon", "coordinates": [ [ [ [ 2.100638, 42.731886 ], [ 2.087496, 42.722889 ], [ 2.074479, 42.724492 ], [ 2.067828, 42.72773 ], [ 2.06349, 42.736656 ], [ 2.059855, 42.740651 ], [ 2.055299, 42.742437 ], [ 2.047578, 42.741404 ], [ 2.030654, 42.741468 ], [ 2.03148, 42.746579 ], [ 2.050906, 42.75225 ], [ 2.056131, 42.755917 ], [ 2.061076, 42.755668 ], [ 2.0849, 42.7518 ], [ 2.08639, 42.752184 ], [ 2.084962, 42.748675 ], [ 2.087636, 42.739305 ], [ 2.089117, 42.737127 ], [ 2.091832, 42.734944 ], [ 2.098887, 42.73337 ], [ 2.100638, 42.731886 ] ] ] ] } },
{ "type": "Feature", "properties": { "codgeo": "09253", "libgeo": "Sabarat", "dept": "09" }, "geometry": { "type": "MultiPolygon", "coordinates": [ [ [ [ 1.405096, 43.115187 ], [ 1.403899, 43.111843 ], [ 1.404936, 43.109841 ], [ 1.413751, 43.104755 ], [ 1.426171, 43.095993 ], [ 1.421029, 43.087058 ], [ 1.415627, 43.083521 ], [ 1.414439, 43.08153 ], [ 1.397705, 43.086542 ], [ 1.395589, 43.086849 ], [ 1.394729, 43.085329 ], [ 1.379728, 43.090166 ], [ 1.372608, 43.093823 ], [ 1.377816, 43.10258 ], [ 1.386465, 43.109887 ], [ 1.390853, 43.112434 ], [ 1.402066, 43.116639 ], [ 1.405096, 43.115187 ] ] ] ] } },
{ "type": "Feature", "properties": { "codgeo": "09256", "libgeo": "Saint-Bauzeil", "dept": "09" }, "geometry": { "type": "MultiPolygon", "coordinates": [ [ [ [ 1.599734, 43.085593 ], [ 1.598415, 43.079395 ], [ 1.599091, 43.07464 ], [ 1.59553, 43.073629 ], [ 1.587152, 43.072773 ], [ 1.562616, 43.079594 ], [ 1.56178, 43.080657 ], [ 1.563008, 43.087782 ], [ 1.566247, 43.090768 ], [ 1.57132, 43.091259 ], [ 1.599734, 43.085593 ] ] ] ] } },
{ "type": "Feature", "properties": { "codgeo": "09257", "libgeo": "Sainte-Croix-Volvestre", "dept": "09" }, "geometry": { "type": "MultiPolygon", "coordinates": [ [ [ [ 1.156908, 43.101278 ], [ 1.158646, 43.103556 ], [ 1.153091, 43.107652 ], [ 1.149284, 43.111634 ], [ 1.150594, 43.123555 ], [ 1.147968, 43.132445 ], [ 1.139164, 43.136749 ], [ 1.128159, 43.140124 ], [ 1.112256, 43.148559 ], [ 1.122221, 43.152785 ], [ 1.124377, 43.156794 ], [ 1.126867, 43.155845 ], [ 1.134978, 43.150087 ], [ 1.150165, 43.136017 ], [ 1.164564, 43.130934 ], [ 1.169983, 43.134855 ], [ 1.17512, 43.140869 ], [ 1.198666, 43.12537 ], [ 1.211012, 43.115105 ], [ 1.213524, 43.109457 ], [ 1.210982, 43.1068 ], [ 1.209734, 43.10694 ], [ 1.199229, 43.102734 ], [ 1.190828, 43.097961 ], [ 1.183957, 43.095086 ], [ 1.160544, 43.097636 ], [ 1.156908, 43.101278 ] ] ] ] } },
{ "type": "Feature", "properties": { "codgeo": "09258", "libgeo": "Saint-Félix-de-Rieutord", "dept": "09" }, "geometry": { "type": "MultiPolygon", "coordinates": [ [ [ [ 1.651339, 43.047495 ], [ 1.654123, 43.050615 ], [ 1.66228, 43.056933 ], [ 1.678323, 43.056975 ], [ 1.683599, 43.054842 ], [ 1.687982, 43.051715 ], [ 1.685604, 43.042847 ], [ 1.680364, 43.032952 ], [ 1.674132, 43.027525 ], [ 1.669365, 43.026131 ], [ 1.670217, 43.027628 ], [ 1.669445, 43.0311 ], [ 1.661137, 43.031762 ], [ 1.653477, 43.037018 ], [ 1.652897, 43.037959 ], [ 1.65467, 43.045803 ], [ 1.65343, 43.047098 ], [ 1.651339, 43.047495 ] ] ] ] } },
{ "type": "Feature", "properties": { "codgeo": "09261", "libgeo": "Saint-Girons", "dept": "09" }, "geometry": { "type": "MultiPolygon", "coordinates": [ [ [ [ 1.168846, 42.967632 ], [ 1.164238, 42.971276 ], [ 1.153256, 42.964167 ], [ 1.148194, 42.959843 ], [ 1.143482, 42.95373 ], [ 1.137999, 42.936356 ], [ 1.134884, 42.938816 ], [ 1.136931, 42.945392 ], [ 1.134937, 42.948582 ], [ 1.1246, 42.959767 ], [ 1.122301, 42.978142 ], [ 1.122991, 42.984845 ], [ 1.127131, 42.989542 ], [ 1.130214, 42.991244 ], [ 1.137596, 42.992237 ], [ 1.141841, 42.990551 ], [ 1.143571, 42.990794 ], [ 1.144386, 42.99519 ], [ 1.151826, 42.99654 ], [ 1.154321, 42.994518 ], [ 1.165765, 42.992033 ], [ 1.173575, 42.993298 ], [ 1.179502, 42.993297 ], [ 1.192082, 42.985145 ], [ 1.193202, 42.981105 ], [ 1.199905, 42.973222 ], [ 1.19417, 42.969608 ], [ 1.182251, 42.970914 ], [ 1.168846, 42.967632 ] ] ] ] } },
{ "type": "Feature", "properties": { "codgeo": "09262", "libgeo": "Saint-Jean-d'Aigues-Vives", "dept": "09" }, "geometry": { "type": "MultiPolygon", "coordinates": [ [ [ [ 1.867566, 42.931439 ], [ 1.89236, 42.925619 ], [ 1.89011, 42.914677 ], [ 1.887338, 42.908225 ], [ 1.876838, 42.910993 ], [ 1.859383, 42.912441 ], [ 1.859074, 42.913959 ], [ 1.865205, 42.918432 ], [ 1.867566, 42.931439 ] ] ] ] } },
{ "type": "Feature", "properties": { "codgeo": "09263", "libgeo": "Saint-Jean-du-Castillonnais", "dept": "09" }, "geometry": { "type": "MultiPolygon", "coordinates": [ [ [ [ 0.938099, 42.965648 ], [ 0.940701, 42.956725 ], [ 0.937468, 42.956402 ], [ 0.936555, 42.953042 ], [ 0.936468, 42.937049 ], [ 0.927546, 42.929903 ], [ 0.921758, 42.949984 ], [ 0.912075, 42.959179 ], [ 0.923123, 42.963208 ], [ 0.927848, 42.966714 ], [ 0.938099, 42.965648 ] ] ] ] } },
{ "type": "Feature", "properties": { "codgeo": "09264", "libgeo": "Saint-Jean-de-Verges", "dept": "09" }, "geometry": { "type": "MultiPolygon", "coordinates": [ [ [ [ 1.612876, 43.036425 ], [ 1.61612, 43.036425 ], [ 1.619689, 43.03786 ], [ 1.622661, 43.038038 ], [ 1.628819, 43.036283 ], [ 1.636103, 43.026448 ], [ 1.640193, 43.013314 ], [ 1.64482, 43.011291 ], [ 1.658657, 43.007934 ], [ 1.663765, 43.003488 ], [ 1.665709, 42.997352 ], [ 1.657751, 42.99537 ], [ 1.654348, 42.993372 ], [ 1.652143, 42.98742 ], [ 1.650395, 42.985288 ], [ 1.618114, 43.007993 ], [ 1.613079, 43.008768 ], [ 1.608798, 43.013193 ], [ 1.608589, 43.028932 ], [ 1.605212, 43.033124 ], [ 1.60795, 43.03525 ], [ 1.612876, 43.036425 ] ] ] ] } },
{ "type": "Feature", "properties": { "codgeo": "09267", "libgeo": "Saint-Lary", "dept": "09" }, "geometry": { "type": "MultiPolygon", "coordinates": [ [ [ [ 0.848029, 42.865612 ], [ 0.84014, 42.867697 ], [ 0.836015, 42.870881 ], [ 0.835263, 42.872493 ], [ 0.835701, 42.876376 ], [ 0.842685, 42.890736 ], [ 0.840536, 42.896289 ], [ 0.838398, 42.898603 ], [ 0.83292, 42.902039 ], [ 0.82618, 42.914326 ], [ 0.842065, 42.923586 ], [ 0.876039, 42.926913 ], [ 0.884422, 42.931933 ], [ 0.886088, 42.934246 ], [ 0.885543, 42.935358 ], [ 0.887818, 42.937154 ], [ 0.892258, 42.937411 ], [ 0.900143, 42.934225 ], [ 0.906255, 42.92951 ], [ 0.899762, 42.920308 ], [ 0.899589, 42.908878 ], [ 0.903379, 42.894815 ], [ 0.898447, 42.895389 ], [ 0.896463, 42.894812 ], [ 0.896531, 42.892117 ], [ 0.892413, 42.880765 ], [ 0.885197, 42.868151 ], [ 0.8773, 42.867227 ], [ 0.87076, 42.867296 ], [ 0.862235, 42.86786 ], [ 0.860594, 42.868951 ], [ 0.856731, 42.868989 ], [ 0.853016, 42.868143 ], [ 0.848029, 42.865612 ] ] ] ] } },
{ "type": "Feature", "properties": { "codgeo": "09268", "libgeo": "Saint-Lizier", "dept": "09" }, "geometry": { "type": "MultiPolygon", "coordinates": [ [ [ [ 1.122301, 42.978142 ], [ 1.118008, 42.978613 ], [ 1.108751, 42.982082 ], [ 1.110593, 42.985916 ], [ 1.110447, 42.990186 ], [ 1.108921, 42.994006 ], [ 1.106032, 42.995887 ], [ 1.101957, 43.001906 ], [ 1.102488, 43.002885 ], [ 1.107176, 43.001863 ], [ 1.110355, 43.002955 ], [ 1.115552, 43.002073 ], [ 1.1214, 43.003125 ], [ 1.128363, 43.008698 ], [ 1.123064, 43.014057 ], [ 1.127259, 43.016816 ], [ 1.134673, 43.018963 ], [ 1.142533, 43.019992 ], [ 1.143783, 43.019528 ], [ 1.148118, 43.014111 ], [ 1.150187, 43.00986 ], [ 1.151826, 42.99654 ], [ 1.144386, 42.99519 ], [ 1.143571, 42.990794 ], [ 1.141841, 42.990551 ], [ 1.137596, 42.992237 ], [ 1.130214, 42.991244 ], [ 1.127131, 42.989542 ], [ 1.122991, 42.984845 ], [ 1.122301, 42.978142 ] ] ] ] } },
{ "type": "Feature", "properties": { "codgeo": "09269", "libgeo": "Saint-Martin-de-Caralp", "dept": "09" }, "geometry": { "type": "MultiPolygon", "coordinates": [ [ [ [ 1.54185, 42.972247 ], [ 1.531798, 42.982911 ], [ 1.527464, 42.986216 ], [ 1.512189, 42.991138 ], [ 1.520204, 42.998978 ], [ 1.52067, 43.001024 ], [ 1.519303, 43.003969 ], [ 1.521707, 43.008648 ], [ 1.525126, 43.00745 ], [ 1.542375, 43.00646 ], [ 1.554428, 43.001267 ], [ 1.553177, 42.998742 ], [ 1.553637, 42.9964 ], [ 1.561732, 42.99142 ], [ 1.556691, 42.982382 ], [ 1.550062, 42.973858 ], [ 1.54605, 42.975826 ], [ 1.54185, 42.972247 ] ] ] ] } },
{ "type": "Feature", "properties": { "codgeo": "09272", "libgeo": "Saint-Paul-de-Jarrat", "dept": "09" }, "geometry": { "type": "MultiPolygon", "coordinates": [ [ [ [ 1.69047, 42.860819 ], [ 1.681095, 42.865853 ], [ 1.67007, 42.874383 ], [ 1.660603, 42.878291 ], [ 1.655071, 42.883181 ], [ 1.651916, 42.889251 ], [ 1.651288, 42.900458 ], [ 1.648492, 42.90485 ], [ 1.645328, 42.907848 ], [ 1.640622, 42.908506 ], [ 1.633237, 42.919856 ], [ 1.635017, 42.920788 ], [ 1.636175, 42.924729 ], [ 1.644921, 42.926975 ], [ 1.668889, 42.928579 ], [ 1.672916, 42.930331 ], [ 1.675222, 42.929285 ], [ 1.680246, 42.928765 ], [ 1.68123, 42.922914 ], [ 1.674084, 42.91713 ], [ 1.674139, 42.913019 ], [ 1.682389, 42.900509 ], [ 1.687853, 42.896391 ], [ 1.694195, 42.895855 ], [ 1.697268, 42.892471 ], [ 1.703399, 42.882132 ], [ 1.705667, 42.86942 ], [ 1.705364, 42.865647 ], [ 1.703475, 42.860553 ], [ 1.702772, 42.861298 ], [ 1.698986, 42.86165 ], [ 1.69047, 42.860819 ] ] ] ] } },
{ "type": "Feature", "properties": { "codgeo": "09273", "libgeo": "Saint-Pierre-de-Rivière", "dept": "09" }, "geometry": { "type": "MultiPolygon", "coordinates": [ [ [ [ 1.543527, 42.968794 ], [ 1.54185, 42.972247 ], [ 1.54605, 42.975826 ], [ 1.558543, 42.970544 ], [ 1.565504, 42.969347 ], [ 1.569469, 42.966492 ], [ 1.573255, 42.957862 ], [ 1.567569, 42.960297 ], [ 1.563179, 42.960878 ], [ 1.559345, 42.960153 ], [ 1.550769, 42.963255 ], [ 1.543527, 42.968794 ] ] ] ] } },
{ "type": "Feature", "properties": { "codgeo": "09279", "libgeo": "Salsein", "dept": "09" }, "geometry": { "type": "MultiPolygon", "coordinates": [ [ [ [ 0.98829, 42.905951 ], [ 1.005469, 42.915344 ], [ 1.012537, 42.915534 ], [ 1.018767, 42.917476 ], [ 1.022773, 42.912968 ], [ 1.016942, 42.905546 ], [ 1.015212, 42.900861 ], [ 1.007404, 42.895674 ], [ 0.999236, 42.892671 ], [ 0.989934, 42.89233 ], [ 0.975071, 42.897919 ], [ 0.980904, 42.899211 ], [ 0.983752, 42.900633 ], [ 0.98829, 42.905951 ] ] ] ] } },
{ "type": "Feature", "properties": { "codgeo": "09280", "libgeo": "Saurat", "dept": "09" }, "geometry": { "type": "MultiPolygon", "coordinates": [ [ [ [ 1.45112, 42.858139 ], [ 1.450238, 42.866448 ], [ 1.450764, 42.87144 ], [ 1.453956, 42.878878 ], [ 1.453883, 42.880555 ], [ 1.452977, 42.88212 ], [ 1.445738, 42.887722 ], [ 1.452398, 42.896863 ], [ 1.45737, 42.905668 ], [ 1.461545, 42.905606 ], [ 1.470767, 42.907008 ], [ 1.476355, 42.90583 ], [ 1.507467, 42.90595 ], [ 1.514913, 42.906683 ], [ 1.518009, 42.907694 ], [ 1.529592, 42.9076 ], [ 1.540902, 42.90536 ], [ 1.550099, 42.904591 ], [ 1.56181, 42.905893 ], [ 1.565786, 42.902022 ], [ 1.566304, 42.899964 ], [ 1.562835, 42.890733 ], [ 1.555715, 42.880837 ], [ 1.552378, 42.871408 ], [ 1.553014, 42.865027 ], [ 1.538271, 42.86149 ], [ 1.525928, 42.860989 ], [ 1.513622, 42.85899 ], [ 1.509307, 42.857555 ], [ 1.502709, 42.857055 ], [ 1.497314, 42.857821 ], [ 1.48304, 42.863654 ], [ 1.472004, 42.863874 ], [ 1.466696, 42.860018 ], [ 1.461887, 42.853369 ], [ 1.458162, 42.853518 ], [ 1.45477, 42.854927 ], [ 1.45112, 42.858139 ] ] ] ] } },
{ "type": "Feature", "properties": { "codgeo": "09281", "libgeo": "Sautel", "dept": "09" }, "geometry": { "type": "MultiPolygon", "coordinates": [ [ [ [ 1.805159, 42.950693 ], [ 1.804891, 42.952325 ], [ 1.798585, 42.960485 ], [ 1.796683, 42.96118 ], [ 1.798077, 42.963332 ], [ 1.797811, 42.973798 ], [ 1.802001, 42.982033 ], [ 1.806089, 42.984559 ], [ 1.811088, 42.984379 ], [ 1.81223, 42.985262 ], [ 1.816048, 42.982541 ], [ 1.82326, 42.982231 ], [ 1.824958, 42.979655 ], [ 1.839159, 42.974154 ], [ 1.843594, 42.973145 ], [ 1.842547, 42.96968 ], [ 1.837865, 42.966683 ], [ 1.8309, 42.965248 ], [ 1.827239, 42.965647 ], [ 1.826541, 42.964421 ], [ 1.827056, 42.955952 ], [ 1.819937, 42.953295 ], [ 1.817721, 42.949324 ], [ 1.819121, 42.947596 ], [ 1.814492, 42.950202 ], [ 1.805159, 42.950693 ] ] ] ] } },
{ "type": "Feature", "properties": { "codgeo": "09283", "libgeo": "Savignac-les-Ormeaux", "dept": "09" }, "geometry": { "type": "MultiPolygon", "coordinates": [ [ [ [ 1.748793, 42.675501 ], [ 1.753432, 42.675346 ], [ 1.767752, 42.683291 ], [ 1.781164, 42.703748 ], [ 1.782486, 42.709337 ], [ 1.788212, 42.717552 ], [ 1.79916, 42.724811 ], [ 1.806237, 42.735969 ], [ 1.812752, 42.734372 ], [ 1.817349, 42.734155 ], [ 1.826959, 42.735728 ], [ 1.826416, 42.733839 ], [ 1.827198, 42.732389 ], [ 1.830403, 42.729941 ], [ 1.833879, 42.728498 ], [ 1.830782, 42.726146 ], [ 1.827663, 42.717715 ], [ 1.823953, 42.711483 ], [ 1.819363, 42.706569 ], [ 1.81209, 42.701123 ], [ 1.795462, 42.702196 ], [ 1.782106, 42.674189 ], [ 1.777106, 42.661204 ], [ 1.773853, 42.650517 ], [ 1.774108, 42.641745 ], [ 1.772865, 42.639999 ], [ 1.767792, 42.639058 ], [ 1.763666, 42.633478 ], [ 1.754906, 42.629312 ], [ 1.752479, 42.628715 ], [ 1.749845, 42.630551 ], [ 1.745514, 42.630796 ], [ 1.739021, 42.627069 ], [ 1.737313, 42.627688 ], [ 1.736008, 42.630293 ], [ 1.737905, 42.642185 ], [ 1.744506, 42.67098 ], [ 1.748793, 42.675501 ] ] ] ] } },
{ "type": "Feature", "properties": { "codgeo": "09284", "libgeo": "Ségura", "dept": "09" }, "geometry": { "type": "MultiPolygon", "coordinates": [ [ [ [ 1.687982, 43.051715 ], [ 1.703767, 43.056267 ], [ 1.706883, 43.055942 ], [ 1.706219, 43.053499 ], [ 1.710029, 43.051207 ], [ 1.705195, 43.044059 ], [ 1.702091, 43.036331 ], [ 1.703461, 43.027866 ], [ 1.701427, 43.020074 ], [ 1.701608, 43.01638 ], [ 1.703734, 43.012964 ], [ 1.695785, 43.008573 ], [ 1.691823, 43.0075 ], [ 1.68795, 43.014045 ], [ 1.672827, 43.021701 ], [ 1.668678, 43.024698 ], [ 1.669365, 43.026131 ], [ 1.674132, 43.027525 ], [ 1.680364, 43.032952 ], [ 1.685604, 43.042847 ], [ 1.687982, 43.051715 ] ] ] ] } },
{ "type": "Feature", "properties": { "codgeo": "09285", "libgeo": "Seix", "dept": "09" }, "geometry": { "type": "MultiPolygon", "coordinates": [ [ [ [ 1.1876, 42.881262 ], [ 1.208301, 42.877393 ], [ 1.208287, 42.87545 ], [ 1.216257, 42.858174 ], [ 1.21778, 42.852903 ], [ 1.211834, 42.844756 ], [ 1.198217, 42.831705 ], [ 1.199317, 42.829453 ], [ 1.195762, 42.822963 ], [ 1.196924, 42.812105 ], [ 1.189971, 42.793512 ], [ 1.186077, 42.789486 ], [ 1.17308, 42.786597 ], [ 1.160108, 42.78047 ], [ 1.146665, 42.766866 ], [ 1.143734, 42.760405 ], [ 1.1362, 42.755739 ], [ 1.128949, 42.754606 ], [ 1.120389, 42.761991 ], [ 1.10348, 42.772721 ], [ 1.094141, 42.775023 ], [ 1.087315, 42.778951 ], [ 1.083644, 42.782193 ], [ 1.082946, 42.785407 ], [ 1.078681, 42.788315 ], [ 1.078914, 42.790388 ], [ 1.086772, 42.796767 ], [ 1.085545, 42.797849 ], [ 1.087738, 42.804217 ], [ 1.089161, 42.815165 ], [ 1.086825, 42.819555 ], [ 1.085676, 42.828608 ], [ 1.088126, 42.838788 ], [ 1.100682, 42.836432 ], [ 1.109321, 42.837042 ], [ 1.118911, 42.841705 ], [ 1.137781, 42.857692 ], [ 1.148456, 42.856342 ], [ 1.163034, 42.860095 ], [ 1.164752, 42.865433 ], [ 1.17147, 42.871194 ], [ 1.1813, 42.873409 ], [ 1.183562, 42.874675 ], [ 1.186049, 42.876695 ], [ 1.1876, 42.881262 ] ] ] ] } },
{ "type": "Feature", "properties": { "codgeo": "09289", "libgeo": "Lorp-Sentaraille", "dept": "09" }, "geometry": { "type": "MultiPolygon", "coordinates": [ [ [ [ 1.102811, 43.035546 ], [ 1.106875, 43.033329 ], [ 1.128363, 43.008698 ], [ 1.1214, 43.003125 ], [ 1.115552, 43.002073 ], [ 1.110355, 43.002955 ], [ 1.107176, 43.001863 ], [ 1.106882, 43.004109 ], [ 1.091172, 43.01382 ], [ 1.090654, 43.016376 ], [ 1.091479, 43.020795 ], [ 1.094519, 43.023521 ], [ 1.102811, 43.035546 ] ] ] ] } },
{ "type": "Feature", "properties": { "codgeo": "09290", "libgeo": "Sentein", "dept": "09" }, "geometry": { "type": "MultiPolygon", "coordinates": [ [ [ [ 0.959975, 42.805927 ], [ 0.954442, 42.803153 ], [ 0.947017, 42.801055 ], [ 0.938087, 42.795703 ], [ 0.934237, 42.791442 ], [ 0.922191, 42.791267 ], [ 0.906822, 42.798903 ], [ 0.899178, 42.804511 ], [ 0.883954, 42.813566 ], [ 0.870883, 42.815935 ], [ 0.859535, 42.822601 ], [ 0.858257, 42.823903 ], [ 0.85807, 42.825723 ], [ 0.860455, 42.832638 ], [ 0.859883, 42.838298 ], [ 0.870946, 42.846825 ], [ 0.885086, 42.85395 ], [ 0.891178, 42.858206 ], [ 0.896255, 42.862494 ], [ 0.897377, 42.86882 ], [ 0.904762, 42.872554 ], [ 0.915543, 42.875413 ], [ 0.920825, 42.87573 ], [ 0.925786, 42.874521 ], [ 0.945451, 42.876549 ], [ 0.959808, 42.882778 ], [ 0.963447, 42.87925 ], [ 0.964154, 42.87457 ], [ 0.963004, 42.865135 ], [ 0.963744, 42.8597 ], [ 0.965438, 42.856688 ], [ 0.964907, 42.852555 ], [ 0.960938, 42.844862 ], [ 0.960075, 42.839687 ], [ 0.963788, 42.834345 ], [ 0.963383, 42.82428 ], [ 0.960371, 42.816868 ], [ 0.959975, 42.805927 ] ] ] ] } },
{ "type": "Feature", "properties": { "codgeo": "09291", "libgeo": "Sentenac-d'Oust", "dept": "09" }, "geometry": { "type": "MultiPolygon", "coordinates": [ [ [ [ 1.114602, 42.869368 ], [ 1.119223, 42.868027 ], [ 1.131991, 42.867075 ], [ 1.133934, 42.872955 ], [ 1.133757, 42.879082 ], [ 1.147889, 42.884694 ], [ 1.152642, 42.888509 ], [ 1.156783, 42.89283 ], [ 1.156829, 42.89494 ], [ 1.158984, 42.896268 ], [ 1.160009, 42.895241 ], [ 1.167348, 42.893408 ], [ 1.172233, 42.891322 ], [ 1.179394, 42.887036 ], [ 1.186059, 42.881593 ], [ 1.1876, 42.881262 ], [ 1.186049, 42.876695 ], [ 1.183562, 42.874675 ], [ 1.1813, 42.873409 ], [ 1.17147, 42.871194 ], [ 1.164752, 42.865433 ], [ 1.163034, 42.860095 ], [ 1.148456, 42.856342 ], [ 1.137781, 42.857692 ], [ 1.118911, 42.841705 ], [ 1.109321, 42.837042 ], [ 1.100682, 42.836432 ], [ 1.088126, 42.838788 ], [ 1.095295, 42.842919 ], [ 1.107319, 42.860381 ], [ 1.114602, 42.869368 ] ] ] ] } },
{ "type": "Feature", "properties": { "codgeo": "09292", "libgeo": "Sentenac-de-Sérou", "dept": "09" }, "geometry": { "type": "MultiPolygon", "coordinates": [ [ [ [ 1.410353, 42.917717 ], [ 1.403565, 42.91614 ], [ 1.399241, 42.916141 ], [ 1.380363, 42.919405 ], [ 1.373747, 42.922954 ], [ 1.382577, 42.92479 ], [ 1.387747, 42.929162 ], [ 1.389302, 42.932016 ], [ 1.388638, 42.937005 ], [ 1.385937, 42.940453 ], [ 1.38344, 42.94211 ], [ 1.380164, 42.947034 ], [ 1.379189, 42.951492 ], [ 1.378097, 42.957157 ], [ 1.380695, 42.972948 ], [ 1.38386, 42.975814 ], [ 1.39695, 42.979766 ], [ 1.400709, 42.967205 ], [ 1.406447, 42.953986 ], [ 1.411142, 42.93989 ], [ 1.410353, 42.917717 ] ] ] ] } },
{ "type": "Feature", "properties": { "codgeo": "09293", "libgeo": "Serres-sur-Arget", "dept": "09" }, "geometry": { "type": "MultiPolygon", "coordinates": [ [ [ [ 1.482992, 42.949487 ], [ 1.489016, 42.952319 ], [ 1.485385, 42.958139 ], [ 1.481871, 42.95963 ], [ 1.475037, 42.960806 ], [ 1.46705, 42.964848 ], [ 1.463989, 42.967958 ], [ 1.462904, 42.970539 ], [ 1.466268, 42.970383 ], [ 1.472773, 42.971466 ], [ 1.481312, 42.976066 ], [ 1.488766, 42.984994 ], [ 1.498107, 42.992213 ], [ 1.504384, 42.992293 ], [ 1.512189, 42.991138 ], [ 1.527464, 42.986216 ], [ 1.531798, 42.982911 ], [ 1.54185, 42.972247 ], [ 1.541864, 42.971011 ], [ 1.531905, 42.961567 ], [ 1.507298, 42.951135 ], [ 1.502727, 42.948779 ], [ 1.502936, 42.947065 ], [ 1.482992, 42.949487 ] ] ] ] } },
{ "type": "Feature", "properties": { "codgeo": "09295", "libgeo": "Siguer", "dept": "09" }, "geometry": { "type": "MultiPolygon", "coordinates": [ [ [ [ 1.562831, 42.785907 ], [ 1.570814, 42.78243 ], [ 1.569076, 42.780208 ], [ 1.567157, 42.773532 ], [ 1.573058, 42.75472 ], [ 1.579212, 42.744072 ], [ 1.576124, 42.734803 ], [ 1.566756, 42.722773 ], [ 1.567986, 42.7196 ], [ 1.570531, 42.716666 ], [ 1.575255, 42.713785 ], [ 1.579376, 42.713451 ], [ 1.575126, 42.69693 ], [ 1.568056, 42.687808 ], [ 1.565438, 42.682377 ], [ 1.569375, 42.673201 ], [ 1.568252, 42.66703 ], [ 1.552789, 42.653928 ], [ 1.536671, 42.651018 ], [ 1.522171, 42.649321 ], [ 1.519586, 42.656492 ], [ 1.526186, 42.665824 ], [ 1.531606, 42.679529 ], [ 1.529048, 42.702294 ], [ 1.531297, 42.709497 ], [ 1.536052, 42.714697 ], [ 1.539476, 42.72683 ], [ 1.544047, 42.736429 ], [ 1.555261, 42.756755 ], [ 1.555796, 42.7632 ], [ 1.54933, 42.776112 ], [ 1.553039, 42.777667 ], [ 1.562831, 42.785907 ] ] ] ] } },
{ "type": "Feature", "properties": { "codgeo": "09296", "libgeo": "Aulos-Sinsat", "dept": "09" }, "geometry": { "type": "MultiPolygon", "coordinates": [ [ [ [ 1.674153, 42.786869 ], [ 1.673337, 42.787807 ], [ 1.660719, 42.790619 ], [ 1.652184, 42.784305 ], [ 1.649852, 42.784559 ], [ 1.649114, 42.790186 ], [ 1.651469, 42.798392 ], [ 1.642669, 42.80929 ], [ 1.661346, 42.81152 ], [ 1.670888, 42.810839 ], [ 1.670714, 42.804856 ], [ 1.679016, 42.790741 ], [ 1.678749, 42.787529 ], [ 1.674153, 42.786869 ] ] ] ] } },
{ "type": "Feature", "properties": { "codgeo": "09297", "libgeo": "Sor", "dept": "09" }, "geometry": { "type": "MultiPolygon", "coordinates": [ [ [ [ 1.002557, 42.91387 ], [ 1.00702, 42.924053 ], [ 1.014168, 42.925958 ], [ 1.017952, 42.923795 ], [ 1.018767, 42.917476 ], [ 1.012537, 42.915534 ], [ 1.005469, 42.915344 ], [ 1.002557, 42.91387 ] ] ] ] } },
{ "type": "Feature", "properties": { "codgeo": "09298", "libgeo": "Sorgeat", "dept": "09" }, "geometry": { "type": "MultiPolygon", "coordinates": [ [ [ [ 1.908989, 42.765249 ], [ 1.913929, 42.75796 ], [ 1.922093, 42.755249 ], [ 1.929817, 42.755318 ], [ 1.931976, 42.753296 ], [ 1.931653, 42.751163 ], [ 1.920871, 42.741385 ], [ 1.911513, 42.735041 ], [ 1.900817, 42.731669 ], [ 1.886091, 42.728384 ], [ 1.877305, 42.72722 ], [ 1.868937, 42.727364 ], [ 1.857136, 42.722687 ], [ 1.845046, 42.726972 ], [ 1.847513, 42.737728 ], [ 1.85212, 42.74004 ], [ 1.860073, 42.741965 ], [ 1.866269, 42.74672 ], [ 1.866629, 42.753421 ], [ 1.869663, 42.754144 ], [ 1.883874, 42.762761 ], [ 1.886896, 42.765985 ], [ 1.899515, 42.763433 ], [ 1.908989, 42.765249 ] ] ] ] } },
{ "type": "Feature", "properties": { "codgeo": "09299", "libgeo": "Soueix-Rogalle", "dept": "09" }, "geometry": { "type": "MultiPolygon", "coordinates": [ [ [ [ 1.191575, 42.914653 ], [ 1.193395, 42.9137 ], [ 1.196622, 42.913462 ], [ 1.202687, 42.915668 ], [ 1.211006, 42.910776 ], [ 1.220953, 42.899018 ], [ 1.228884, 42.89294 ], [ 1.223442, 42.890876 ], [ 1.216001, 42.889293 ], [ 1.21275, 42.887483 ], [ 1.209502, 42.882624 ], [ 1.208301, 42.877393 ], [ 1.186059, 42.881593 ], [ 1.179394, 42.887036 ], [ 1.172233, 42.891322 ], [ 1.167348, 42.893408 ], [ 1.160009, 42.895241 ], [ 1.158984, 42.896268 ], [ 1.158232, 42.898537 ], [ 1.159751, 42.900187 ], [ 1.168592, 42.906363 ], [ 1.178221, 42.907357 ], [ 1.187347, 42.913613 ], [ 1.191575, 42.914653 ] ] ] ] } },
{ "type": "Feature", "properties": { "codgeo": "09300", "libgeo": "Soula", "dept": "09" }, "geometry": { "type": "MultiPolygon", "coordinates": [ [ [ [ 1.680246, 42.928765 ], [ 1.675222, 42.929285 ], [ 1.672916, 42.930331 ], [ 1.670154, 42.929396 ], [ 1.668287, 42.933429 ], [ 1.661753, 42.933869 ], [ 1.659836, 42.940926 ], [ 1.660633, 42.952187 ], [ 1.678989, 42.947972 ], [ 1.686783, 42.952969 ], [ 1.700363, 42.951837 ], [ 1.699631, 42.954574 ], [ 1.709971, 42.952167 ], [ 1.715663, 42.948189 ], [ 1.725152, 42.936117 ], [ 1.721872, 42.931752 ], [ 1.719006, 42.931225 ], [ 1.713451, 42.932355 ], [ 1.706567, 42.932199 ], [ 1.680246, 42.928765 ] ] ] ] } },
{ "type": "Feature", "properties": { "codgeo": "09301", "libgeo": "Soulan", "dept": "09" }, "geometry": { "type": "MultiPolygon", "coordinates": [ [ [ [ 1.257946, 42.87049 ], [ 1.253651, 42.871933 ], [ 1.241532, 42.879846 ], [ 1.228884, 42.89294 ], [ 1.220953, 42.899018 ], [ 1.211006, 42.910776 ], [ 1.202687, 42.915668 ], [ 1.212944, 42.931477 ], [ 1.229012, 42.940642 ], [ 1.235437, 42.939371 ], [ 1.250858, 42.933964 ], [ 1.258717, 42.933911 ], [ 1.268284, 42.93686 ], [ 1.273172, 42.936976 ], [ 1.288112, 42.928847 ], [ 1.28666, 42.92505 ], [ 1.28422, 42.910487 ], [ 1.263842, 42.914493 ], [ 1.25778, 42.913988 ], [ 1.243169, 42.904617 ], [ 1.241283, 42.901935 ], [ 1.239731, 42.896215 ], [ 1.24377, 42.890465 ], [ 1.258673, 42.877491 ], [ 1.262018, 42.870142 ], [ 1.257946, 42.87049 ] ] ] ] } },
{ "type": "Feature", "properties": { "codgeo": "09303", "libgeo": "Surba", "dept": "09" }, "geometry": { "type": "MultiPolygon", "coordinates": [ [ [ [ 1.577527, 42.866498 ], [ 1.585675, 42.865297 ], [ 1.589556, 42.863564 ], [ 1.593925, 42.860891 ], [ 1.594273, 42.857517 ], [ 1.597513, 42.85581 ], [ 1.599833, 42.855599 ], [ 1.598264, 42.854212 ], [ 1.593631, 42.853736 ], [ 1.587245, 42.854561 ], [ 1.573916, 42.857899 ], [ 1.564955, 42.857407 ], [ 1.563635, 42.858533 ], [ 1.568293, 42.859022 ], [ 1.567946, 42.862898 ], [ 1.577527, 42.866498 ] ] ] ] } },
{ "type": "Feature", "properties": { "codgeo": "09304", "libgeo": "Suzan", "dept": "09" }, "geometry": { "type": "MultiPolygon", "coordinates": [ [ [ [ 1.421045, 43.029228 ], [ 1.421297, 43.031281 ], [ 1.427505, 43.034112 ], [ 1.436551, 43.036077 ], [ 1.441709, 43.035564 ], [ 1.446326, 43.033541 ], [ 1.447374, 43.027615 ], [ 1.443797, 43.025218 ], [ 1.433666, 43.022535 ], [ 1.430668, 43.022422 ], [ 1.42783, 43.023089 ], [ 1.424128, 43.025514 ], [ 1.421045, 43.029228 ] ] ] ] } },
{ "type": "Feature", "properties": { "codgeo": "09306", "libgeo": "Tarascon-sur-Ariège", "dept": "09" }, "geometry": { "type": "MultiPolygon", "coordinates": [ [ [ [ 1.590652, 42.828918 ], [ 1.598475, 42.834616 ], [ 1.600233, 42.837875 ], [ 1.597735, 42.847061 ], [ 1.589104, 42.852252 ], [ 1.58315, 42.851959 ], [ 1.580737, 42.848789 ], [ 1.57729, 42.840887 ], [ 1.572104, 42.84076 ], [ 1.565352, 42.841844 ], [ 1.563526, 42.841381 ], [ 1.563286, 42.845699 ], [ 1.560257, 42.848471 ], [ 1.560319, 42.849841 ], [ 1.561416, 42.853115 ], [ 1.564955, 42.857407 ], [ 1.573916, 42.857899 ], [ 1.587245, 42.854561 ], [ 1.593631, 42.853736 ], [ 1.598264, 42.854212 ], [ 1.60422, 42.862534 ], [ 1.606788, 42.859489 ], [ 1.61867, 42.856406 ], [ 1.622049, 42.853296 ], [ 1.627168, 42.845254 ], [ 1.61801, 42.841744 ], [ 1.612632, 42.837263 ], [ 1.608653, 42.832738 ], [ 1.60747, 42.828666 ], [ 1.603232, 42.825134 ], [ 1.602294, 42.826879 ], [ 1.598722, 42.828525 ], [ 1.590652, 42.828918 ] ] ] ] } },
{ "type": "Feature", "properties": { "codgeo": "09307", "libgeo": "Taurignan-Castet", "dept": "09" }, "geometry": { "type": "MultiPolygon", "coordinates": [ [ [ [ 1.078987, 43.071579 ], [ 1.087452, 43.077018 ], [ 1.096386, 43.072062 ], [ 1.112968, 43.069408 ], [ 1.1221, 43.0688 ], [ 1.122146, 43.070606 ], [ 1.126049, 43.07226 ], [ 1.124482, 43.057452 ], [ 1.111559, 43.059676 ], [ 1.106449, 43.058979 ], [ 1.10346, 43.055866 ], [ 1.102087, 43.052058 ], [ 1.102885, 43.048715 ], [ 1.102571, 43.039243 ], [ 1.099239, 43.036427 ], [ 1.095019, 43.037941 ], [ 1.088732, 43.038262 ], [ 1.096138, 43.044844 ], [ 1.095851, 43.048892 ], [ 1.086381, 43.063057 ], [ 1.078987, 43.071579 ] ] ] ] } },
{ "type": "Feature", "properties": { "codgeo": "09308", "libgeo": "Taurignan-Vieux", "dept": "09" }, "geometry": { "type": "MultiPolygon", "coordinates": [ [ [ [ 1.111559, 43.059676 ], [ 1.128601, 43.056243 ], [ 1.130272, 43.049329 ], [ 1.117049, 43.039922 ], [ 1.118732, 43.03443 ], [ 1.123129, 43.029694 ], [ 1.123838, 43.027039 ], [ 1.122006, 43.024275 ], [ 1.117354, 43.020714 ], [ 1.106875, 43.033329 ], [ 1.102811, 43.035546 ], [ 1.099239, 43.036427 ], [ 1.102571, 43.039243 ], [ 1.102885, 43.048715 ], [ 1.102087, 43.052058 ], [ 1.10346, 43.055866 ], [ 1.106449, 43.058979 ], [ 1.111559, 43.059676 ] ] ] ] } },
{ "type": "Feature", "properties": { "codgeo": "09310", "libgeo": "Thouars-sur-Arize", "dept": "09" }, "geometry": { "type": "MultiPolygon", "coordinates": [ [ [ [ 1.249657, 43.18329 ], [ 1.240894, 43.177236 ], [ 1.235006, 43.174884 ], [ 1.227741, 43.173777 ], [ 1.228388, 43.175319 ], [ 1.227656, 43.184044 ], [ 1.229489, 43.187016 ], [ 1.232108, 43.188172 ], [ 1.242868, 43.189435 ], [ 1.246869, 43.188366 ], [ 1.249657, 43.18329 ] ] ] ] } },
{ "type": "Feature", "properties": { "codgeo": "09311", "libgeo": "Tignac", "dept": "09" }, "geometry": { "type": "MultiPolygon", "coordinates": [ [ [ [ 1.779038, 42.75269 ], [ 1.794099, 42.757908 ], [ 1.796877, 42.759769 ], [ 1.810683, 42.753944 ], [ 1.81863, 42.754194 ], [ 1.82095, 42.753182 ], [ 1.821819, 42.751652 ], [ 1.821394, 42.749931 ], [ 1.808526, 42.74632 ], [ 1.804411, 42.741305 ], [ 1.806237, 42.735969 ], [ 1.805591, 42.735079 ], [ 1.779038, 42.75269 ] ] ] ] } },
{ "type": "Feature", "properties": { "codgeo": "09313", "libgeo": "Tourtouse", "dept": "09" }, "geometry": { "type": "MultiPolygon", "coordinates": [ [ [ [ 1.10721, 43.096326 ], [ 1.113653, 43.105846 ], [ 1.122355, 43.108702 ], [ 1.127192, 43.108556 ], [ 1.141145, 43.10519 ], [ 1.155429, 43.100295 ], [ 1.156908, 43.101278 ], [ 1.160544, 43.097636 ], [ 1.163055, 43.084609 ], [ 1.162136, 43.08241 ], [ 1.1543, 43.077413 ], [ 1.146069, 43.074252 ], [ 1.142762, 43.074123 ], [ 1.140684, 43.070435 ], [ 1.12619, 43.073292 ], [ 1.124601, 43.079025 ], [ 1.120417, 43.087997 ], [ 1.10721, 43.096326 ] ] ] ] } },
{ "type": "Feature", "properties": { "codgeo": "09318", "libgeo": "Unac", "dept": "09" }, "geometry": { "type": "MultiPolygon", "coordinates": [ [ [ [ 1.794099, 42.757908 ], [ 1.776239, 42.751749 ], [ 1.769712, 42.745441 ], [ 1.768252, 42.760477 ], [ 1.772337, 42.767253 ], [ 1.775003, 42.768794 ], [ 1.784532, 42.762898 ], [ 1.792003, 42.760457 ], [ 1.796877, 42.759769 ], [ 1.794099, 42.757908 ] ] ] ] } },
{ "type": "Feature", "properties": { "codgeo": "09320", "libgeo": "Urs", "dept": "09" }, "geometry": { "type": "MultiPolygon", "coordinates": [ [ [ [ 1.733186, 42.772688 ], [ 1.729011, 42.773539 ], [ 1.730629, 42.784089 ], [ 1.737377, 42.781199 ], [ 1.741692, 42.780287 ], [ 1.742925, 42.778636 ], [ 1.736666, 42.77398 ], [ 1.733186, 42.772688 ] ] ] ] } },
{ "type": "Feature", "properties": { "codgeo": "09321", "libgeo": "Ussat", "dept": "09" }, "geometry": { "type": "MultiPolygon", "coordinates": [ [ [ [ 1.627168, 42.845254 ], [ 1.642333, 42.841836 ], [ 1.641861, 42.840354 ], [ 1.626256, 42.827302 ], [ 1.618604, 42.823434 ], [ 1.613359, 42.822275 ], [ 1.608883, 42.823053 ], [ 1.603232, 42.825134 ], [ 1.60747, 42.828666 ], [ 1.608653, 42.832738 ], [ 1.612632, 42.837263 ], [ 1.61801, 42.841744 ], [ 1.627168, 42.845254 ] ] ] ] } },
{ "type": "Feature", "properties": { "codgeo": "09322", "libgeo": "Ustou", "dept": "09" }, "geometry": { "type": "MultiPolygon", "coordinates": [ [ [ [ 1.335251, 42.724053 ], [ 1.332983, 42.724784 ], [ 1.327584, 42.724332 ], [ 1.318456, 42.720076 ], [ 1.299892, 42.718565 ], [ 1.275469, 42.714916 ], [ 1.261536, 42.715196 ], [ 1.25001, 42.720228 ], [ 1.229338, 42.727801 ], [ 1.228359, 42.753719 ], [ 1.226379, 42.761286 ], [ 1.217744, 42.768285 ], [ 1.197458, 42.781265 ], [ 1.19, 42.788233 ], [ 1.190427, 42.791457 ], [ 1.220523, 42.799905 ], [ 1.219423, 42.804758 ], [ 1.213001, 42.817586 ], [ 1.205085, 42.82766 ], [ 1.198217, 42.831705 ], [ 1.211834, 42.844756 ], [ 1.218114, 42.844308 ], [ 1.237174, 42.835143 ], [ 1.246591, 42.831578 ], [ 1.250445, 42.831707 ], [ 1.265698, 42.826589 ], [ 1.276974, 42.820238 ], [ 1.290363, 42.809383 ], [ 1.308766, 42.800443 ], [ 1.31237, 42.795552 ], [ 1.313438, 42.789039 ], [ 1.310645, 42.78235 ], [ 1.309721, 42.772369 ], [ 1.312119, 42.764033 ], [ 1.31667, 42.75531 ], [ 1.32392, 42.749492 ], [ 1.328059, 42.743742 ], [ 1.335461, 42.735862 ], [ 1.337488, 42.732057 ], [ 1.337811, 42.728734 ], [ 1.33701, 42.725033 ], [ 1.335251, 42.724053 ] ] ] ] } },
{ "type": "Feature", "properties": { "codgeo": "09324", "libgeo": "Varilhes", "dept": "09" }, "geometry": { "type": "MultiPolygon", "coordinates": [ [ [ [ 1.66374, 43.064246 ], [ 1.667082, 43.057243 ], [ 1.66228, 43.056933 ], [ 1.654123, 43.050615 ], [ 1.651339, 43.047495 ], [ 1.642467, 43.047554 ], [ 1.637973, 43.045988 ], [ 1.628819, 43.036283 ], [ 1.622661, 43.038038 ], [ 1.619689, 43.03786 ], [ 1.61612, 43.036425 ], [ 1.612876, 43.036425 ], [ 1.612678, 43.037217 ], [ 1.604831, 43.041754 ], [ 1.601631, 43.042528 ], [ 1.611732, 43.052781 ], [ 1.620568, 43.054731 ], [ 1.624924, 43.058294 ], [ 1.626274, 43.062079 ], [ 1.620127, 43.06832 ], [ 1.621454, 43.069317 ], [ 1.62389, 43.069419 ], [ 1.629176, 43.073335 ], [ 1.629257, 43.074265 ], [ 1.637043, 43.074097 ], [ 1.649233, 43.070303 ], [ 1.66374, 43.064246 ] ] ] ] } },
{ "type": "Feature", "properties": { "codgeo": "09325", "libgeo": "Vaychis", "dept": "09" }, "geometry": { "type": "MultiPolygon", "coordinates": [ [ [ [ 1.840488, 42.756195 ], [ 1.834004, 42.743191 ], [ 1.826959, 42.735728 ], [ 1.817349, 42.734155 ], [ 1.812752, 42.734372 ], [ 1.806237, 42.735969 ], [ 1.804411, 42.741305 ], [ 1.808526, 42.74632 ], [ 1.821394, 42.749931 ], [ 1.821819, 42.751652 ], [ 1.83744, 42.754921 ], [ 1.840488, 42.756195 ] ] ] ] } },
{ "type": "Feature", "properties": { "codgeo": "09326", "libgeo": "Vèbre", "dept": "09" }, "geometry": { "type": "MultiPolygon", "coordinates": [ [ [ [ 1.713742, 42.786225 ], [ 1.720554, 42.784345 ], [ 1.725847, 42.785364 ], [ 1.730629, 42.784089 ], [ 1.728818, 42.772508 ], [ 1.730772, 42.7705 ], [ 1.730361, 42.768917 ], [ 1.72377, 42.759094 ], [ 1.707013, 42.752543 ], [ 1.702886, 42.74986 ], [ 1.709683, 42.767106 ], [ 1.711529, 42.782227 ], [ 1.71217, 42.785002 ], [ 1.713742, 42.786225 ] ] ] ] } },
{ "type": "Feature", "properties": { "codgeo": "09327", "libgeo": "Ventenac", "dept": "09" }, "geometry": { "type": "MultiPolygon", "coordinates": [ [ [ [ 1.691823, 43.0075 ], [ 1.695785, 43.008573 ], [ 1.703734, 43.012964 ], [ 1.708752, 43.01417 ], [ 1.721499, 43.022449 ], [ 1.731583, 43.024445 ], [ 1.735044, 43.024408 ], [ 1.738219, 43.023461 ], [ 1.743847, 43.019452 ], [ 1.744147, 43.017432 ], [ 1.747553, 43.016088 ], [ 1.748533, 43.010057 ], [ 1.745639, 43.007106 ], [ 1.743241, 43.000953 ], [ 1.747397, 42.994253 ], [ 1.753546, 42.988366 ], [ 1.756057, 42.987276 ], [ 1.756649, 42.982064 ], [ 1.755267, 42.980447 ], [ 1.738846, 42.978597 ], [ 1.723865, 42.975682 ], [ 1.721931, 42.972339 ], [ 1.696461, 42.976698 ], [ 1.698009, 42.980624 ], [ 1.700384, 42.9938 ], [ 1.694429, 43.005336 ], [ 1.691823, 43.0075 ] ] ] ] } },
{ "type": "Feature", "properties": { "codgeo": "09328", "libgeo": "Verdun", "dept": "09" }, "geometry": { "type": "MultiPolygon", "coordinates": [ [ [ [ 1.694238, 42.782285 ], [ 1.692993, 42.786783 ], [ 1.685833, 42.790215 ], [ 1.679016, 42.790741 ], [ 1.670714, 42.804856 ], [ 1.670888, 42.810839 ], [ 1.671619, 42.816287 ], [ 1.674702, 42.819773 ], [ 1.681179, 42.819948 ], [ 1.691948, 42.824737 ], [ 1.696735, 42.825419 ], [ 1.708258, 42.821594 ], [ 1.713947, 42.82102 ], [ 1.71523, 42.820233 ], [ 1.717597, 42.815657 ], [ 1.717561, 42.813357 ], [ 1.702055, 42.800036 ], [ 1.70717, 42.789495 ], [ 1.705363, 42.787544 ], [ 1.698325, 42.783235 ], [ 1.694238, 42.782285 ] ] ] ] } },
{ "type": "Feature", "properties": { "codgeo": "09329", "libgeo": "Vernajoul", "dept": "09" }, "geometry": { "type": "MultiPolygon", "coordinates": [ [ [ [ 1.592374, 42.977308 ], [ 1.588613, 42.978684 ], [ 1.576646, 42.985576 ], [ 1.574258, 42.990064 ], [ 1.573907, 42.992944 ], [ 1.569399, 42.995652 ], [ 1.576165, 43.003131 ], [ 1.574955, 43.007712 ], [ 1.57771, 43.013183 ], [ 1.580384, 43.012722 ], [ 1.579516, 43.0099 ], [ 1.584489, 43.004985 ], [ 1.606973, 43.001261 ], [ 1.609923, 43.002481 ], [ 1.612812, 43.0025 ], [ 1.615001, 42.986273 ], [ 1.613603, 42.984157 ], [ 1.604822, 42.976915 ], [ 1.592374, 42.977308 ] ] ] ] } },
{ "type": "Feature", "properties": { "codgeo": "09330", "libgeo": "Vernaux", "dept": "09" }, "geometry": { "type": "MultiPolygon", "coordinates": [ [ [ [ 1.748217, 42.772888 ], [ 1.750718, 42.772578 ], [ 1.758675, 42.774976 ], [ 1.766523, 42.778434 ], [ 1.778235, 42.78136 ], [ 1.78103, 42.783434 ], [ 1.784101, 42.787152 ], [ 1.78732, 42.799188 ], [ 1.788402, 42.813592 ], [ 1.794653, 42.811864 ], [ 1.800606, 42.8092 ], [ 1.801419, 42.807041 ], [ 1.792396, 42.784311 ], [ 1.78512, 42.775233 ], [ 1.772337, 42.767253 ], [ 1.761862, 42.768763 ], [ 1.759398, 42.768073 ], [ 1.747797, 42.772158 ], [ 1.748217, 42.772888 ] ] ] ] } },
{ "type": "Feature", "properties": { "codgeo": "09332", "libgeo": "Verniolle", "dept": "09" }, "geometry": { "type": "MultiPolygon", "coordinates": [ [ [ [ 1.629257, 43.074265 ], [ 1.630012, 43.079532 ], [ 1.638374, 43.089848 ], [ 1.637873, 43.091846 ], [ 1.646761, 43.093904 ], [ 1.648894, 43.091465 ], [ 1.659303, 43.09356 ], [ 1.669299, 43.092631 ], [ 1.685234, 43.093316 ], [ 1.693332, 43.09296 ], [ 1.692908, 43.08063 ], [ 1.69177, 43.078853 ], [ 1.679057, 43.072193 ], [ 1.665186, 43.06621 ], [ 1.66374, 43.064246 ], [ 1.649233, 43.070303 ], [ 1.637043, 43.074097 ], [ 1.629257, 43.074265 ] ] ] ] } },
{ "type": "Feature", "properties": { "codgeo": "09334", "libgeo": "Val-de-Sos", "dept": "09" }, "geometry": { "type": "MultiPolygon", "coordinates": [ [ [ [ 1.498138, 42.811156 ], [ 1.499583, 42.799831 ], [ 1.496705, 42.787207 ], [ 1.491863, 42.778932 ], [ 1.494534, 42.775619 ], [ 1.499168, 42.778326 ], [ 1.52239, 42.780912 ], [ 1.533055, 42.783429 ], [ 1.533768, 42.779966 ], [ 1.540153, 42.772316 ], [ 1.532388, 42.764382 ], [ 1.531304, 42.753884 ], [ 1.532574, 42.750093 ], [ 1.533738, 42.739206 ], [ 1.529227, 42.735653 ], [ 1.522741, 42.723833 ], [ 1.519171, 42.720631 ], [ 1.516433, 42.719532 ], [ 1.510298, 42.721829 ], [ 1.501845, 42.728562 ], [ 1.487999, 42.747627 ], [ 1.485776, 42.753381 ], [ 1.485384, 42.757728 ], [ 1.493171, 42.759452 ], [ 1.494328, 42.760414 ], [ 1.494887, 42.763929 ], [ 1.47151, 42.77585 ], [ 1.441952, 42.783177 ], [ 1.429298, 42.78821 ], [ 1.424834, 42.791547 ], [ 1.417353, 42.792341 ], [ 1.407551, 42.790775 ], [ 1.406405, 42.793848 ], [ 1.40999, 42.804699 ], [ 1.417052, 42.82046 ], [ 1.421392, 42.824859 ], [ 1.430246, 42.828456 ], [ 1.439965, 42.830325 ], [ 1.444793, 42.82842 ], [ 1.460652, 42.816633 ], [ 1.466029, 42.816763 ], [ 1.479358, 42.821281 ], [ 1.480291, 42.820157 ], [ 1.490653, 42.817447 ], [ 1.498138, 42.811156 ] ] ] ] } },
{ "type": "Feature", "properties": { "codgeo": "09335", "libgeo": "Villeneuve", "dept": "09" }, "geometry": { "type": "MultiPolygon", "coordinates": [ [ [ [ 0.984905, 42.962691 ], [ 0.989249, 42.96221 ], [ 0.995283, 42.960271 ], [ 0.999148, 42.957591 ], [ 0.994253, 42.950769 ], [ 0.99043, 42.938612 ], [ 0.984098, 42.93218 ], [ 0.981985, 42.932799 ], [ 0.979242, 42.934967 ], [ 0.976163, 42.938485 ], [ 0.970261, 42.950796 ], [ 0.97337, 42.956319 ], [ 0.984905, 42.962691 ] ] ] ] } },
{ "type": "Feature", "properties": { "codgeo": "09336", "libgeo": "Villeneuve-d'Olmes", "dept": "09" }, "geometry": { "type": "MultiPolygon", "coordinates": [ [ [ [ 1.834091, 42.919064 ], [ 1.842376, 42.915475 ], [ 1.842532, 42.910627 ], [ 1.828163, 42.901803 ], [ 1.821359, 42.898951 ], [ 1.81324, 42.89801 ], [ 1.812989, 42.897409 ], [ 1.799522, 42.915658 ], [ 1.796069, 42.918871 ], [ 1.796138, 42.920297 ], [ 1.804845, 42.918726 ], [ 1.814776, 42.918507 ], [ 1.829423, 42.920024 ], [ 1.834765, 42.921409 ], [ 1.834091, 42.919064 ] ] ] ] } },
{ "type": "Feature", "properties": { "codgeo": "09340", "libgeo": "Vira", "dept": "09" }, "geometry": { "type": "MultiPolygon", "coordinates": [ [ [ [ 1.771622, 43.054449 ], [ 1.771015, 43.045908 ], [ 1.76635, 43.035864 ], [ 1.75667, 43.033173 ], [ 1.752045, 43.034342 ], [ 1.750747, 43.035502 ], [ 1.749028, 43.040844 ], [ 1.746575, 43.044144 ], [ 1.740317, 43.04697 ], [ 1.738934, 43.046495 ], [ 1.743172, 43.0504 ], [ 1.750588, 43.063089 ], [ 1.755012, 43.062365 ], [ 1.771622, 43.054449 ] ] ] ] } },
{ "type": "Feature", "properties": { "codgeo": "11003", "libgeo": "Ajac", "dept": "11" }, "geometry": { "type": "MultiPolygon", "coordinates": [ [ [ [ 2.117271, 43.036584 ], [ 2.113506, 43.038871 ], [ 2.115169, 43.04335 ], [ 2.122933, 43.045434 ], [ 2.125247, 43.055018 ], [ 2.136529, 43.053738 ], [ 2.151149, 43.053682 ], [ 2.160141, 43.051482 ], [ 2.161073, 43.051779 ], [ 2.15295, 43.043702 ], [ 2.145497, 43.038451 ], [ 2.145348, 43.037435 ], [ 2.139133, 43.034305 ], [ 2.12941, 43.034923 ], [ 2.119191, 43.03687 ], [ 2.117271, 43.036584 ] ] ] ] } },
{ "type": "Feature", "properties": { "codgeo": "11006", "libgeo": "Albas", "dept": "11" }, "geometry": { "type": "MultiPolygon", "coordinates": [ [ [ [ 2.701918, 42.982214 ], [ 2.688692, 42.990375 ], [ 2.686298, 42.995184 ], [ 2.689863, 43.007821 ], [ 2.706861, 43.027029 ], [ 2.710381, 43.025109 ], [ 2.714876, 43.023908 ], [ 2.74737, 43.023419 ], [ 2.773982, 43.015731 ], [ 2.77924, 43.010382 ], [ 2.778093, 43.004449 ], [ 2.756977, 43.002414 ], [ 2.750092, 42.999961 ], [ 2.739867, 42.992077 ], [ 2.727682, 42.985501 ], [ 2.710271, 42.985563 ], [ 2.701918, 42.982214 ] ] ] ] } },
{ "type": "Feature", "properties": { "codgeo": "11007", "libgeo": "Albières", "dept": "11" }, "geometry": { "type": "MultiPolygon", "coordinates": [ [ [ [ 2.488881, 42.955283 ], [ 2.485651, 42.946732 ], [ 2.480368, 42.940914 ], [ 2.47375, 42.935992 ], [ 2.468217, 42.934299 ], [ 2.450376, 42.932219 ], [ 2.442228, 42.93332 ], [ 2.432506, 42.93354 ], [ 2.42021, 42.931574 ], [ 2.412313, 42.93464 ], [ 2.40756, 42.938202 ], [ 2.405149, 42.944273 ], [ 2.40939, 42.95012 ], [ 2.412296, 42.957103 ], [ 2.422509, 42.958299 ], [ 2.43949, 42.958377 ], [ 2.459142, 42.961727 ], [ 2.488881, 42.955283 ] ] ] ] } },
{ "type": "Feature", "properties": { "codgeo": "11008", "libgeo": "Alet-les-Bains", "dept": "11" }, "geometry": { "type": "MultiPolygon", "coordinates": [ [ [ [ 2.2522, 43.023097 ], [ 2.260985, 43.022253 ], [ 2.266485, 43.02054 ], [ 2.273497, 43.015609 ], [ 2.281316, 43.013053 ], [ 2.298086, 43.01142 ], [ 2.298491, 43.008253 ], [ 2.291665, 43.001076 ], [ 2.285346, 42.998288 ], [ 2.279494, 42.996906 ], [ 2.276992, 42.994001 ], [ 2.281258, 42.986944 ], [ 2.289736, 42.984907 ], [ 2.288575, 42.981083 ], [ 2.285538, 42.976946 ], [ 2.281162, 42.975874 ], [ 2.280206, 42.974599 ], [ 2.272365, 42.970821 ], [ 2.261469, 42.969832 ], [ 2.258835, 42.970296 ], [ 2.254845, 42.968855 ], [ 2.251781, 42.965711 ], [ 2.249714, 42.959439 ], [ 2.242615, 42.960584 ], [ 2.237418, 42.973697 ], [ 2.225268, 42.985722 ], [ 2.235817, 43.000673 ], [ 2.237244, 43.005378 ], [ 2.23675, 43.009278 ], [ 2.235426, 43.011169 ], [ 2.231091, 43.013371 ], [ 2.229612, 43.015012 ], [ 2.231643, 43.017148 ], [ 2.247846, 43.020114 ], [ 2.2522, 43.023097 ] ] ] ] } },
{ "type": "Feature", "properties": { "codgeo": "11010", "libgeo": "Antugnac", "dept": "11" }, "geometry": { "type": "MultiPolygon", "coordinates": [ [ [ [ 2.204997, 42.948761 ], [ 2.194083, 42.95387 ], [ 2.197186, 42.963841 ], [ 2.192133, 42.96935 ], [ 2.193783, 42.9706 ], [ 2.208045, 42.969982 ], [ 2.213395, 42.971414 ], [ 2.219474, 42.97515 ], [ 2.224043, 42.979148 ], [ 2.229143, 42.981225 ], [ 2.237418, 42.973697 ], [ 2.242615, 42.960584 ], [ 2.234281, 42.954893 ], [ 2.230732, 42.951343 ], [ 2.226621, 42.944246 ], [ 2.223537, 42.945912 ], [ 2.204997, 42.948761 ] ] ] ] } },
{ "type": "Feature", "properties": { "codgeo": "11015", "libgeo": "Arques", "dept": "11" }, "geometry": { "type": "MultiPolygon", "coordinates": [ [ [ [ 2.385829, 42.971895 ], [ 2.397745, 42.967961 ], [ 2.406382, 42.96411 ], [ 2.412296, 42.957103 ], [ 2.40939, 42.95012 ], [ 2.405149, 42.944273 ], [ 2.40756, 42.938202 ], [ 2.412313, 42.93464 ], [ 2.42021, 42.931574 ], [ 2.418998, 42.924468 ], [ 2.409397, 42.91706 ], [ 2.408048, 42.920568 ], [ 2.395015, 42.923718 ], [ 2.395466, 42.929525 ], [ 2.391284, 42.932616 ], [ 2.385559, 42.933946 ], [ 2.374499, 42.934413 ], [ 2.357096, 42.937702 ], [ 2.354694, 42.943392 ], [ 2.356147, 42.959348 ], [ 2.362504, 42.965391 ], [ 2.385829, 42.971895 ] ] ] ] } },
{ "type": "Feature", "properties": { "codgeo": "11016", "libgeo": "Arquettes-en-Val", "dept": "11" }, "geometry": { "type": "MultiPolygon", "coordinates": [ [ [ [ 2.481077, 43.095511 ], [ 2.473913, 43.098854 ], [ 2.464034, 43.101144 ], [ 2.460955, 43.100788 ], [ 2.465276, 43.104015 ], [ 2.481182, 43.10954 ], [ 2.486475, 43.112813 ], [ 2.495856, 43.120192 ], [ 2.49593, 43.122661 ], [ 2.49483, 43.123307 ], [ 2.505601, 43.120536 ], [ 2.508107, 43.117245 ], [ 2.526579, 43.106762 ], [ 2.511606, 43.097089 ], [ 2.50188, 43.088829 ], [ 2.481077, 43.095511 ] ] ] ] } },
{ "type": "Feature", "properties": { "codgeo": "11017", "libgeo": "Artigues", "dept": "11" }, "geometry": { "type": "MultiPolygon", "coordinates": [ [ [ [ 2.203161, 42.771327 ], [ 2.207301, 42.779607 ], [ 2.189792, 42.790746 ], [ 2.187488, 42.793144 ], [ 2.186074, 42.796308 ], [ 2.193236, 42.799828 ], [ 2.206351, 42.804732 ], [ 2.212864, 42.805604 ], [ 2.217891, 42.807695 ], [ 2.22049, 42.802462 ], [ 2.220502, 42.799867 ], [ 2.218562, 42.795353 ], [ 2.222281, 42.784362 ], [ 2.213748, 42.772074 ], [ 2.203161, 42.771327 ] ] ] ] } },
{ "type": "Feature", "properties": { "codgeo": "11019", "libgeo": "Aunat", "dept": "11" }, "geometry": { "type": "MultiPolygon", "coordinates": [ [ [ [ 2.100815, 42.812384 ], [ 2.106977, 42.807168 ], [ 2.113655, 42.7952 ], [ 2.113103, 42.782955 ], [ 2.11416, 42.776982 ], [ 2.122261, 42.776444 ], [ 2.125336, 42.777091 ], [ 2.128724, 42.771758 ], [ 2.107692, 42.768831 ], [ 2.103819, 42.766504 ], [ 2.099225, 42.773856 ], [ 2.09944, 42.774938 ], [ 2.088162, 42.780101 ], [ 2.075018, 42.778143 ], [ 2.083625, 42.787456 ], [ 2.087014, 42.794864 ], [ 2.088038, 42.798138 ], [ 2.085786, 42.801519 ], [ 2.087872, 42.811074 ], [ 2.097536, 42.813474 ], [ 2.100815, 42.812384 ] ] ] ] } },
{ "type": "Feature", "properties": { "codgeo": "11020", "libgeo": "Auriac", "dept": "11" }, "geometry": { "type": "MultiPolygon", "coordinates": [ [ [ [ 2.488881, 42.955283 ], [ 2.49548, 42.955176 ], [ 2.502102, 42.952644 ], [ 2.503327, 42.950489 ], [ 2.527267, 42.939216 ], [ 2.522606, 42.934679 ], [ 2.5211, 42.925905 ], [ 2.521535, 42.924378 ], [ 2.528732, 42.919884 ], [ 2.519813, 42.910554 ], [ 2.520994, 42.907905 ], [ 2.503179, 42.907199 ], [ 2.487626, 42.901863 ], [ 2.475898, 42.895146 ], [ 2.476235, 42.901997 ], [ 2.474412, 42.904261 ], [ 2.469691, 42.916024 ], [ 2.464723, 42.922464 ], [ 2.454371, 42.932612 ], [ 2.468217, 42.934299 ], [ 2.47375, 42.935992 ], [ 2.480368, 42.940914 ], [ 2.485651, 42.946732 ], [ 2.488881, 42.955283 ] ] ] ] } },
{ "type": "Feature", "properties": { "codgeo": "11021", "libgeo": "Axat", "dept": "11" }, "geometry": { "type": "MultiPolygon", "coordinates": [ [ [ [ 2.230498, 42.778995 ], [ 2.228057, 42.774709 ], [ 2.217311, 42.776727 ], [ 2.222281, 42.784362 ], [ 2.218562, 42.795353 ], [ 2.220502, 42.799867 ], [ 2.22049, 42.802462 ], [ 2.217891, 42.807695 ], [ 2.224743, 42.810832 ], [ 2.247155, 42.811063 ], [ 2.252205, 42.813499 ], [ 2.256201, 42.816962 ], [ 2.263427, 42.816955 ], [ 2.267783, 42.811717 ], [ 2.268499, 42.808765 ], [ 2.263156, 42.798494 ], [ 2.260435, 42.78729 ], [ 2.25845, 42.787855 ], [ 2.245703, 42.787852 ], [ 2.236694, 42.78353 ], [ 2.230498, 42.778995 ] ] ] ] } },
{ "type": "Feature", "properties": { "codgeo": "11028", "libgeo": "Belcaire", "dept": "11" }, "geometry": { "type": "MultiPolygon", "coordinates": [ [ [ [ 1.960178, 42.861285 ], [ 1.963506, 42.858942 ], [ 1.971704, 42.848231 ], [ 1.977164, 42.845591 ], [ 1.98246, 42.837858 ], [ 1.984513, 42.832173 ], [ 1.984203, 42.827678 ], [ 1.980455, 42.822126 ], [ 1.978757, 42.816769 ], [ 1.979993, 42.810591 ], [ 1.966887, 42.802743 ], [ 1.940269, 42.797608 ], [ 1.935277, 42.801148 ], [ 1.922428, 42.817871 ], [ 1.91939, 42.824404 ], [ 1.91501, 42.827675 ], [ 1.91245, 42.827827 ], [ 1.911529, 42.83489 ], [ 1.907892, 42.842424 ], [ 1.904145, 42.844071 ], [ 1.896876, 42.843053 ], [ 1.890172, 42.848298 ], [ 1.889063, 42.852647 ], [ 1.916064, 42.854002 ], [ 1.947772, 42.856785 ], [ 1.960178, 42.861285 ] ] ] ] } },
{ "type": "Feature", "properties": { "codgeo": "11029", "libgeo": "Belcastel-et-Buc", "dept": "11" }, "geometry": { "type": "MultiPolygon", "coordinates": [ [ [ [ 2.389279, 43.03462 ], [ 2.384506, 43.027341 ], [ 2.379357, 43.016701 ], [ 2.377806, 43.017669 ], [ 2.365461, 43.017381 ], [ 2.361846, 43.015168 ], [ 2.353702, 43.006555 ], [ 2.352441, 43.010598 ], [ 2.349987, 43.012365 ], [ 2.344397, 43.014253 ], [ 2.339812, 43.014859 ], [ 2.327283, 43.015229 ], [ 2.322341, 43.01881 ], [ 2.319228, 43.022458 ], [ 2.31627, 43.034153 ], [ 2.318913, 43.041554 ], [ 2.320373, 43.042949 ], [ 2.325494, 43.041286 ], [ 2.343224, 43.043259 ], [ 2.371235, 43.036461 ], [ 2.386429, 43.035362 ], [ 2.388382, 43.036396 ], [ 2.389279, 43.03462 ] ] ] ] } },
{ "type": "Feature", "properties": { "codgeo": "11031", "libgeo": "Belfort-sur-Rebenty", "dept": "11" }, "geometry": { "type": "MultiPolygon", "coordinates": [ [ [ [ 2.046345, 42.844402 ], [ 2.050473, 42.843831 ], [ 2.060702, 42.840491 ], [ 2.06433, 42.837551 ], [ 2.066068, 42.829383 ], [ 2.067644, 42.828253 ], [ 2.054569, 42.818471 ], [ 2.052848, 42.818434 ], [ 2.051212, 42.820132 ], [ 2.045954, 42.820301 ], [ 2.043292, 42.819836 ], [ 2.04273, 42.816942 ], [ 2.035455, 42.816708 ], [ 2.032097, 42.818361 ], [ 2.031687, 42.819476 ], [ 2.038591, 42.829175 ], [ 2.041836, 42.840608 ], [ 2.046345, 42.844402 ] ] ] ] } },
{ "type": "Feature", "properties": { "codgeo": "11035", "libgeo": "Belvianes-et-Cavirac", "dept": "11" }, "geometry": { "type": "MultiPolygon", "coordinates": [ [ [ [ 2.188231, 42.843779 ], [ 2.17449, 42.843777 ], [ 2.175011, 42.84602 ], [ 2.178927, 42.853917 ], [ 2.185722, 42.860986 ], [ 2.191677, 42.862232 ], [ 2.200173, 42.862194 ], [ 2.217994, 42.857813 ], [ 2.223754, 42.853992 ], [ 2.228018, 42.852634 ], [ 2.230923, 42.853845 ], [ 2.235406, 42.851834 ], [ 2.244219, 42.845736 ], [ 2.244047, 42.840265 ], [ 2.249551, 42.840558 ], [ 2.253225, 42.836201 ], [ 2.251956, 42.835202 ], [ 2.246585, 42.833958 ], [ 2.240621, 42.833362 ], [ 2.217362, 42.837999 ], [ 2.204385, 42.836824 ], [ 2.188231, 42.843779 ] ] ] ] } },
{ "type": "Feature", "properties": { "codgeo": "11036", "libgeo": "Belvis", "dept": "11" }, "geometry": { "type": "MultiPolygon", "coordinates": [ [ [ [ 2.06483, 42.879328 ], [ 2.073642, 42.880922 ], [ 2.080371, 42.879663 ], [ 2.083775, 42.876397 ], [ 2.091743, 42.872525 ], [ 2.103398, 42.863619 ], [ 2.107711, 42.857685 ], [ 2.104658, 42.852413 ], [ 2.127785, 42.847288 ], [ 2.116738, 42.84123 ], [ 2.109647, 42.841689 ], [ 2.104203, 42.837711 ], [ 2.092757, 42.836297 ], [ 2.085174, 42.833254 ], [ 2.064335, 42.836441 ], [ 2.06433, 42.837551 ], [ 2.060702, 42.840491 ], [ 2.050473, 42.843831 ], [ 2.046345, 42.844402 ], [ 2.038881, 42.854863 ], [ 2.033668, 42.871097 ], [ 2.037355, 42.872577 ], [ 2.048738, 42.873745 ], [ 2.059938, 42.880798 ], [ 2.06483, 42.879328 ] ] ] ] } },
{ "type": "Feature", "properties": { "codgeo": "11038", "libgeo": "Bessède-de-Sault", "dept": "11" }, "geometry": { "type": "MultiPolygon", "coordinates": [ [ [ [ 2.098723, 42.818751 ], [ 2.101244, 42.818593 ], [ 2.107007, 42.819923 ], [ 2.111638, 42.818998 ], [ 2.116595, 42.816875 ], [ 2.116024, 42.809523 ], [ 2.119181, 42.804267 ], [ 2.126729, 42.802661 ], [ 2.132053, 42.804199 ], [ 2.139298, 42.801557 ], [ 2.14389, 42.798954 ], [ 2.146549, 42.793832 ], [ 2.147695, 42.788538 ], [ 2.147078, 42.786673 ], [ 2.148148, 42.784379 ], [ 2.158792, 42.778352 ], [ 2.170727, 42.774471 ], [ 2.181803, 42.774353 ], [ 2.18509, 42.764792 ], [ 2.176313, 42.765997 ], [ 2.15861, 42.764857 ], [ 2.146408, 42.762674 ], [ 2.141031, 42.762772 ], [ 2.134247, 42.770935 ], [ 2.13125, 42.772277 ], [ 2.128724, 42.771758 ], [ 2.125336, 42.777091 ], [ 2.122261, 42.776444 ], [ 2.11416, 42.776982 ], [ 2.113103, 42.782955 ], [ 2.113655, 42.7952 ], [ 2.106977, 42.807168 ], [ 2.100815, 42.812384 ], [ 2.102639, 42.813729 ], [ 2.102584, 42.815697 ], [ 2.100845, 42.817507 ], [ 2.098667, 42.818035 ], [ 2.098723, 42.818751 ] ] ] ] } },
{ "type": "Feature", "properties": { "codgeo": "11039", "libgeo": "La Bezole", "dept": "11" }, "geometry": { "type": "MultiPolygon", "coordinates": [ [ [ [ 2.099879, 43.008118 ], [ 2.082105, 43.020507 ], [ 2.078777, 43.03054 ], [ 2.075133, 43.034104 ], [ 2.07372, 43.03894 ], [ 2.088681, 43.039423 ], [ 2.097494, 43.041422 ], [ 2.113723, 43.03943 ], [ 2.113506, 43.038871 ], [ 2.117271, 43.036584 ], [ 2.11457, 43.031276 ], [ 2.105697, 43.022354 ], [ 2.101912, 43.021994 ], [ 2.097262, 43.019449 ], [ 2.095867, 43.016391 ], [ 2.096802, 43.012582 ], [ 2.099383, 43.009958 ], [ 2.099879, 43.008118 ] ] ] ] } },
{ "type": "Feature", "properties": { "codgeo": "11044", "libgeo": "Bouisse", "dept": "11" }, "geometry": { "type": "MultiPolygon", "coordinates": [ [ [ [ 2.414637, 42.990299 ], [ 2.426446, 42.999535 ], [ 2.42771, 43.001458 ], [ 2.43137, 43.00774 ], [ 2.433648, 43.022619 ], [ 2.445535, 43.022628 ], [ 2.452079, 43.020422 ], [ 2.455093, 43.006378 ], [ 2.466022, 42.997273 ], [ 2.463595, 42.97896 ], [ 2.460042, 42.969964 ], [ 2.459142, 42.961727 ], [ 2.43949, 42.958377 ], [ 2.422509, 42.958299 ], [ 2.412296, 42.957103 ], [ 2.406382, 42.96411 ], [ 2.397745, 42.967961 ], [ 2.385829, 42.971895 ], [ 2.394299, 42.979808 ], [ 2.403218, 42.983618 ], [ 2.414637, 42.990299 ] ] ] ] } },
{ "type": "Feature", "properties": { "codgeo": "11045", "libgeo": "Bouriège", "dept": "11" }, "geometry": { "type": "MultiPolygon", "coordinates": [ [ [ [ 2.150288, 42.978774 ], [ 2.151996, 42.980112 ], [ 2.153904, 42.990491 ], [ 2.150571, 42.995795 ], [ 2.148913, 42.997678 ], [ 2.14412, 43.000379 ], [ 2.133096, 43.001598 ], [ 2.130251, 43.003995 ], [ 2.136165, 43.006117 ], [ 2.144538, 43.014018 ], [ 2.144204, 43.015217 ], [ 2.172763, 43.009967 ], [ 2.177493, 43.007777 ], [ 2.18184, 42.99631 ], [ 2.184457, 42.992616 ], [ 2.184611, 42.985117 ], [ 2.157139, 42.9723 ], [ 2.152605, 42.972172 ], [ 2.150288, 42.978774 ] ] ] ] } },
{ "type": "Feature", "properties": { "codgeo": "11046", "libgeo": "Bourigeole", "dept": "11" }, "geometry": { "type": "MultiPolygon", "coordinates": [ [ [ [ 2.133096, 43.001598 ], [ 2.14412, 43.000379 ], [ 2.148913, 42.997678 ], [ 2.150571, 42.995795 ], [ 2.153904, 42.990491 ], [ 2.151996, 42.980112 ], [ 2.150288, 42.978774 ], [ 2.131153, 42.979607 ], [ 2.120081, 42.976006 ], [ 2.100998, 42.974314 ], [ 2.091308, 42.971131 ], [ 2.08607, 42.973477 ], [ 2.090166, 42.982731 ], [ 2.091891, 42.984755 ], [ 2.109074, 42.98618 ], [ 2.113938, 42.987396 ], [ 2.133096, 43.001598 ] ] ] ] } },
{ "type": "Feature", "properties": { "codgeo": "11047", "libgeo": "Le Bousquet", "dept": "11" }, "geometry": { "type": "MultiPolygon", "coordinates": [ [ [ [ 2.176214, 42.648901 ], [ 2.179694, 42.689787 ], [ 2.1767, 42.699643 ], [ 2.162039, 42.719668 ], [ 2.151357, 42.731729 ], [ 2.145578, 42.745063 ], [ 2.140597, 42.75401 ], [ 2.141031, 42.762772 ], [ 2.146408, 42.762674 ], [ 2.15861, 42.764857 ], [ 2.176313, 42.765997 ], [ 2.18509, 42.764792 ], [ 2.186366, 42.760677 ], [ 2.185636, 42.751923 ], [ 2.179805, 42.745961 ], [ 2.177583, 42.741196 ], [ 2.176604, 42.727436 ], [ 2.179212, 42.718806 ], [ 2.183589, 42.713675 ], [ 2.186639, 42.711929 ], [ 2.211405, 42.700593 ], [ 2.213509, 42.701124 ], [ 2.211544, 42.693987 ], [ 2.201037, 42.687696 ], [ 2.195076, 42.685918 ], [ 2.192162, 42.659054 ], [ 2.19118, 42.65757 ], [ 2.191188, 42.654149 ], [ 2.192363, 42.651762 ], [ 2.176214, 42.648901 ] ] ] ] } },
{ "type": "Feature", "properties": { "codgeo": "11055", "libgeo": "Bugarach", "dept": "11" }, "geometry": { "type": "MultiPolygon", "coordinates": [ [ [ [ 2.313259, 42.900614 ], [ 2.322895, 42.900119 ], [ 2.340086, 42.894957 ], [ 2.385474, 42.889493 ], [ 2.401014, 42.890963 ], [ 2.412739, 42.894895 ], [ 2.409053, 42.888233 ], [ 2.396319, 42.880185 ], [ 2.386621, 42.871815 ], [ 2.382173, 42.859691 ], [ 2.38216, 42.848745 ], [ 2.370867, 42.84631 ], [ 2.368827, 42.851801 ], [ 2.353966, 42.861175 ], [ 2.34486, 42.86385 ], [ 2.32866, 42.862693 ], [ 2.326208, 42.865795 ], [ 2.316649, 42.873612 ], [ 2.30779, 42.879452 ], [ 2.300884, 42.888415 ], [ 2.30096, 42.890752 ], [ 2.298028, 42.898975 ], [ 2.313259, 42.900614 ] ] ] ] } },
{ "type": "Feature", "properties": { "codgeo": "11060", "libgeo": "Cailla", "dept": "11" }, "geometry": { "type": "MultiPolygon", "coordinates": [ [ [ [ 2.193236, 42.799828 ], [ 2.184032, 42.795803 ], [ 2.17923, 42.797166 ], [ 2.173824, 42.802244 ], [ 2.172937, 42.807552 ], [ 2.177824, 42.813858 ], [ 2.18528, 42.820634 ], [ 2.185136, 42.8218 ], [ 2.192779, 42.821907 ], [ 2.197972, 42.820645 ], [ 2.205016, 42.820287 ], [ 2.216966, 42.820767 ], [ 2.222425, 42.819576 ], [ 2.228677, 42.810859 ], [ 2.224743, 42.810832 ], [ 2.212864, 42.805604 ], [ 2.206351, 42.804732 ], [ 2.193236, 42.799828 ] ] ] ] } },
{ "type": "Feature", "properties": { "codgeo": "11062", "libgeo": "Campagna-de-Sault", "dept": "11" }, "geometry": { "type": "MultiPolygon", "coordinates": [ [ [ [ 2.045003, 42.773837 ], [ 2.052807, 42.772557 ], [ 2.059822, 42.770402 ], [ 2.080717, 42.757972 ], [ 2.0849, 42.7518 ], [ 2.061076, 42.755668 ], [ 2.056131, 42.755917 ], [ 2.050906, 42.75225 ], [ 2.03148, 42.746579 ], [ 2.030654, 42.741468 ], [ 2.025275, 42.738904 ], [ 2.019993, 42.739905 ], [ 2.017455, 42.760053 ], [ 2.020498, 42.765878 ], [ 2.024156, 42.769548 ], [ 2.029337, 42.767661 ], [ 2.035422, 42.769173 ], [ 2.045003, 42.773837 ] ] ] ] } },
{ "type": "Feature", "properties": { "codgeo": "11063", "libgeo": "Campagne-sur-Aude", "dept": "11" }, "geometry": { "type": "MultiPolygon", "coordinates": [ [ [ [ 2.203967, 42.906939 ], [ 2.187784, 42.900942 ], [ 2.186043, 42.898151 ], [ 2.184397, 42.89813 ], [ 2.18307, 42.908967 ], [ 2.183714, 42.917186 ], [ 2.185932, 42.920262 ], [ 2.196176, 42.923759 ], [ 2.210006, 42.926211 ], [ 2.215572, 42.925672 ], [ 2.219944, 42.922746 ], [ 2.225704, 42.915539 ], [ 2.221479, 42.909902 ], [ 2.203967, 42.906939 ] ] ] ] } },
{ "type": "Feature", "properties": { "codgeo": "11065", "libgeo": "Camps-sur-l'Agly", "dept": "11" }, "geometry": { "type": "MultiPolygon", "coordinates": [ [ [ [ 2.38216, 42.848745 ], [ 2.382173, 42.859691 ], [ 2.386621, 42.871815 ], [ 2.396319, 42.880185 ], [ 2.409053, 42.888233 ], [ 2.412739, 42.894895 ], [ 2.424442, 42.893754 ], [ 2.433105, 42.888843 ], [ 2.438754, 42.886461 ], [ 2.441958, 42.88604 ], [ 2.446747, 42.87422 ], [ 2.449705, 42.853667 ], [ 2.456854, 42.8374 ], [ 2.442786, 42.837341 ], [ 2.428848, 42.840014 ], [ 2.416049, 42.841034 ], [ 2.401357, 42.843865 ], [ 2.38216, 42.848745 ] ] ] ] } },
{ "type": "Feature", "properties": { "codgeo": "11066", "libgeo": "Camurac", "dept": "11" }, "geometry": { "type": "MultiPolygon", "coordinates": [ [ [ [ 1.94929, 42.78563 ], [ 1.94624, 42.784868 ], [ 1.93646, 42.778001 ], [ 1.928788, 42.774979 ], [ 1.923397, 42.777633 ], [ 1.910769, 42.790851 ], [ 1.906151, 42.798139 ], [ 1.901109, 42.800625 ], [ 1.903402, 42.802095 ], [ 1.91245, 42.827827 ], [ 1.91501, 42.827675 ], [ 1.91939, 42.824404 ], [ 1.922428, 42.817871 ], [ 1.935277, 42.801148 ], [ 1.940269, 42.797608 ], [ 1.949078, 42.79914 ], [ 1.946815, 42.792213 ], [ 1.94929, 42.78563 ] ] ] ] } },
{ "type": "Feature", "properties": { "codgeo": "11071", "libgeo": "Cascastel-des-Corbières", "dept": "11" }, "geometry": { "type": "MultiPolygon", "coordinates": [ [ [ [ 2.778093, 43.004449 ], [ 2.788135, 42.993819 ], [ 2.7857, 42.993828 ], [ 2.771408, 42.98918 ], [ 2.762827, 42.978963 ], [ 2.761262, 42.972038 ], [ 2.742288, 42.955253 ], [ 2.726794, 42.951666 ], [ 2.725478, 42.957787 ], [ 2.726756, 42.966065 ], [ 2.71835, 42.976229 ], [ 2.715923, 42.98558 ], [ 2.727682, 42.985501 ], [ 2.739867, 42.992077 ], [ 2.750092, 42.999961 ], [ 2.756977, 43.002414 ], [ 2.778093, 43.004449 ] ] ] ] } },
{ "type": "Feature", "properties": { "codgeo": "11073", "libgeo": "Cassaignes", "dept": "11" }, "geometry": { "type": "MultiPolygon", "coordinates": [ [ [ [ 2.293785, 42.956785 ], [ 2.305412, 42.955607 ], [ 2.311778, 42.952109 ], [ 2.311511, 42.948342 ], [ 2.315011, 42.941142 ], [ 2.299612, 42.939253 ], [ 2.274152, 42.947164 ], [ 2.274179, 42.951271 ], [ 2.285795, 42.953661 ], [ 2.293785, 42.956785 ] ] ] ] } },
{ "type": "Feature", "properties": { "codgeo": "11078", "libgeo": "Castelreng", "dept": "11" }, "geometry": { "type": "MultiPolygon", "coordinates": [ [ [ [ 2.130251, 43.003995 ], [ 2.114547, 43.007341 ], [ 2.109398, 43.007398 ], [ 2.103695, 43.005962 ], [ 2.099879, 43.008118 ], [ 2.099383, 43.009958 ], [ 2.096802, 43.012582 ], [ 2.095867, 43.016391 ], [ 2.097262, 43.019449 ], [ 2.101912, 43.021994 ], [ 2.105697, 43.022354 ], [ 2.11457, 43.031276 ], [ 2.117271, 43.036584 ], [ 2.119191, 43.03687 ], [ 2.12941, 43.034923 ], [ 2.139133, 43.034305 ], [ 2.145348, 43.037435 ], [ 2.147062, 43.037539 ], [ 2.1532, 43.02711 ], [ 2.156792, 43.025639 ], [ 2.156912, 43.024634 ], [ 2.144933, 43.017571 ], [ 2.144538, 43.014018 ], [ 2.136165, 43.006117 ], [ 2.130251, 43.003995 ] ] ] ] } },
{ "type": "Feature", "properties": { "codgeo": "11080", "libgeo": "Val de Lambronne", "dept": "11" }, "geometry": { "type": "MultiPolygon", "coordinates": [ [ [ [ 1.979924, 43.08814 ], [ 1.988103, 43.081778 ], [ 1.995921, 43.088151 ], [ 2.002399, 43.087745 ], [ 2.007859, 43.083901 ], [ 2.023366, 43.078577 ], [ 2.030468, 43.074437 ], [ 2.018304, 43.071225 ], [ 2.00948, 43.067831 ], [ 2.005793, 43.063277 ], [ 2.006018, 43.060084 ], [ 2.004048, 43.056417 ], [ 1.997913, 43.068662 ], [ 1.995366, 43.071568 ], [ 1.984713, 43.059004 ], [ 1.979747, 43.062431 ], [ 1.970287, 43.062414 ], [ 1.96339, 43.064372 ], [ 1.961176, 43.066697 ], [ 1.963369, 43.068547 ], [ 1.962711, 43.069642 ], [ 1.953977, 43.080708 ], [ 1.949719, 43.081192 ], [ 1.950807, 43.083398 ], [ 1.95577, 43.085446 ], [ 1.966089, 43.085748 ], [ 1.979924, 43.08814 ] ] ] ] } },
{ "type": "Feature", "properties": { "codgeo": "11082", "libgeo": "Caunette-sur-Lauquet", "dept": "11" }, "geometry": { "type": "MultiPolygon", "coordinates": [ [ [ [ 2.389279, 43.03462 ], [ 2.38785, 43.036844 ], [ 2.416641, 43.032785 ], [ 2.434682, 43.034794 ], [ 2.438179, 43.032042 ], [ 2.44496, 43.029912 ], [ 2.455686, 43.030927 ], [ 2.452079, 43.020422 ], [ 2.445535, 43.022628 ], [ 2.433648, 43.022619 ], [ 2.431003, 43.022194 ], [ 2.426041, 43.019538 ], [ 2.423379, 43.018958 ], [ 2.416897, 43.019692 ], [ 2.403118, 43.030045 ], [ 2.389279, 43.03462 ] ] ] ] } },
{ "type": "Feature", "properties": { "codgeo": "11083", "libgeo": "Caunettes-en-Val", "dept": "11" }, "geometry": { "type": "MultiPolygon", "coordinates": [ [ [ [ 2.569773, 43.081803 ], [ 2.572536, 43.083011 ], [ 2.579095, 43.078433 ], [ 2.583507, 43.066705 ], [ 2.581474, 43.066213 ], [ 2.577502, 43.06275 ], [ 2.575011, 43.05582 ], [ 2.575531, 43.048309 ], [ 2.565173, 43.049545 ], [ 2.554917, 43.048568 ], [ 2.545061, 43.053404 ], [ 2.542207, 43.063767 ], [ 2.54789, 43.073386 ], [ 2.567743, 43.079778 ], [ 2.569773, 43.081803 ] ] ] ] } },
{ "type": "Feature", "properties": { "codgeo": "11090", "libgeo": "Cépie", "dept": "11" }, "geometry": { "type": "MultiPolygon", "coordinates": [ [ [ [ 2.25209, 43.120861 ], [ 2.253934, 43.113162 ], [ 2.259653, 43.102919 ], [ 2.249302, 43.0978 ], [ 2.238299, 43.097597 ], [ 2.22557, 43.093176 ], [ 2.223788, 43.093979 ], [ 2.2217, 43.098067 ], [ 2.219908, 43.109861 ], [ 2.228289, 43.119555 ], [ 2.236558, 43.121597 ], [ 2.25209, 43.120861 ] ] ] ] } },
{ "type": "Feature", "properties": { "codgeo": "11091", "libgeo": "Chalabre", "dept": "11" }, "geometry": { "type": "MultiPolygon", "coordinates": [ [ [ [ 2.014936, 42.955979 ], [ 2.012932, 42.955611 ], [ 2.009171, 42.957237 ], [ 2.005164, 42.961599 ], [ 2.006256, 42.962331 ], [ 2.005983, 42.963109 ], [ 2.002264, 42.96374 ], [ 2.001661, 42.961509 ], [ 1.995005, 42.96205 ], [ 1.988688, 42.965211 ], [ 1.986323, 42.970224 ], [ 1.98498, 42.980942 ], [ 1.987869, 42.993536 ], [ 1.98712, 42.995536 ], [ 1.993157, 42.998343 ], [ 2.016308, 43.000556 ], [ 2.025914, 43.00366 ], [ 2.03297, 43.006974 ], [ 2.03942, 43.002356 ], [ 2.044047, 43.001232 ], [ 2.046229, 43.001474 ], [ 2.054059, 42.998744 ], [ 2.054249, 42.998127 ], [ 2.036714, 42.9983 ], [ 2.031142, 42.997249 ], [ 2.022625, 42.992066 ], [ 2.016, 42.982709 ], [ 2.027556, 42.977021 ], [ 2.042951, 42.965804 ], [ 2.044447, 42.962326 ], [ 2.039878, 42.962276 ], [ 2.032462, 42.965519 ], [ 2.027588, 42.965572 ], [ 2.020333, 42.964486 ], [ 2.014936, 42.955979 ] ] ] ] } },
{ "type": "Feature", "properties": { "codgeo": "11093", "libgeo": "Le Clat", "dept": "11" }, "geometry": { "type": "MultiPolygon", "coordinates": [ [ [ [ 2.139298, 42.801557 ], [ 2.150873, 42.803078 ], [ 2.15785, 42.800998 ], [ 2.161452, 42.801121 ], [ 2.172657, 42.803329 ], [ 2.173542, 42.804272 ], [ 2.173824, 42.802244 ], [ 2.17923, 42.797166 ], [ 2.184032, 42.795803 ], [ 2.186074, 42.796308 ], [ 2.187488, 42.793144 ], [ 2.189792, 42.790746 ], [ 2.207301, 42.779607 ], [ 2.203161, 42.771327 ], [ 2.181803, 42.774353 ], [ 2.170727, 42.774471 ], [ 2.158792, 42.778352 ], [ 2.148148, 42.784379 ], [ 2.147078, 42.786673 ], [ 2.147695, 42.788538 ], [ 2.146549, 42.793832 ], [ 2.14389, 42.798954 ], [ 2.139298, 42.801557 ] ] ] ] } },
{ "type": "Feature", "properties": { "codgeo": "11094", "libgeo": "Clermont-sur-Lauquet", "dept": "11" }, "geometry": { "type": "MultiPolygon", "coordinates": [ [ [ [ 2.455686, 43.030927 ], [ 2.44496, 43.029912 ], [ 2.438179, 43.032042 ], [ 2.434682, 43.034794 ], [ 2.416641, 43.032785 ], [ 2.38785, 43.036844 ], [ 2.391417, 43.04274 ], [ 2.396134, 43.055307 ], [ 2.402655, 43.059474 ], [ 2.409214, 43.062068 ], [ 2.423841, 43.06612 ], [ 2.430881, 43.066967 ], [ 2.445279, 43.060447 ], [ 2.443651, 43.058116 ], [ 2.449867, 43.053291 ], [ 2.460177, 43.05202 ], [ 2.465646, 43.050583 ], [ 2.471433, 43.046452 ], [ 2.470286, 43.034755 ], [ 2.466144, 43.030859 ], [ 2.455686, 43.030927 ] ] ] ] } },
{ "type": "Feature", "properties": { "codgeo": "11096", "libgeo": "Comus", "dept": "11" }, "geometry": { "type": "MultiPolygon", "coordinates": [ [ [ [ 1.875297, 42.845304 ], [ 1.879823, 42.849878 ], [ 1.886653, 42.852479 ], [ 1.889063, 42.852647 ], [ 1.890172, 42.848298 ], [ 1.896876, 42.843053 ], [ 1.904145, 42.844071 ], [ 1.907892, 42.842424 ], [ 1.911529, 42.83489 ], [ 1.91245, 42.827827 ], [ 1.903402, 42.802095 ], [ 1.901109, 42.800625 ], [ 1.898705, 42.803306 ], [ 1.898981, 42.804497 ], [ 1.897462, 42.807182 ], [ 1.89377, 42.809589 ], [ 1.862701, 42.817861 ], [ 1.85956, 42.821301 ], [ 1.859862, 42.826798 ], [ 1.866693, 42.832385 ], [ 1.875814, 42.844401 ], [ 1.875297, 42.845304 ] ] ] ] } },
{ "type": "Feature", "properties": { "codgeo": "11100", "libgeo": "Corbières", "dept": "11" }, "geometry": { "type": "MultiPolygon", "coordinates": [ [ [ [ 1.997913, 43.068662 ], [ 2.008973, 43.04497 ], [ 2.012552, 43.043426 ], [ 2.026962, 43.041311 ], [ 2.027492, 43.037792 ], [ 2.024957, 43.024645 ], [ 2.023543, 43.024757 ], [ 2.020871, 43.029669 ], [ 2.018229, 43.031676 ], [ 2.014812, 43.033642 ], [ 2.005637, 43.036212 ], [ 1.995997, 43.03593 ], [ 1.992287, 43.034354 ], [ 1.98732, 43.030033 ], [ 1.985899, 43.030289 ], [ 1.9796, 43.03802 ], [ 1.975261, 43.040325 ], [ 1.975126, 43.042435 ], [ 1.981115, 43.044482 ], [ 1.985471, 43.055819 ], [ 1.984713, 43.059004 ], [ 1.995366, 43.071568 ], [ 1.997913, 43.068662 ] ] ] ] } },
{ "type": "Feature", "properties": { "codgeo": "11101", "libgeo": "Coudons", "dept": "11" }, "geometry": { "type": "MultiPolygon", "coordinates": [ [ [ [ 2.103398, 42.863619 ], [ 2.090502, 42.874028 ], [ 2.091716, 42.876962 ], [ 2.096497, 42.879444 ], [ 2.099876, 42.879809 ], [ 2.103082, 42.879612 ], [ 2.12874, 42.873751 ], [ 2.134003, 42.873896 ], [ 2.132004, 42.865835 ], [ 2.140647, 42.863103 ], [ 2.146624, 42.85931 ], [ 2.152726, 42.854169 ], [ 2.153228, 42.850299 ], [ 2.142687, 42.855544 ], [ 2.127785, 42.847288 ], [ 2.104658, 42.852413 ], [ 2.107711, 42.857685 ], [ 2.103398, 42.863619 ] ] ] ] } },
{ "type": "Feature", "properties": { "codgeo": "11103", "libgeo": "Couiza", "dept": "11" }, "geometry": { "type": "MultiPolygon", "coordinates": [ [ [ [ 2.242292, 42.932635 ], [ 2.23693, 42.93356 ], [ 2.235086, 42.93612 ], [ 2.236738, 42.938379 ], [ 2.235111, 42.939282 ], [ 2.245689, 42.939696 ], [ 2.251131, 42.942312 ], [ 2.252787, 42.945174 ], [ 2.252694, 42.947803 ], [ 2.250482, 42.953607 ], [ 2.253537, 42.955748 ], [ 2.257956, 42.956235 ], [ 2.258194, 42.954654 ], [ 2.263506, 42.951296 ], [ 2.270403, 42.950727 ], [ 2.271283, 42.945616 ], [ 2.269812, 42.942494 ], [ 2.272514, 42.939844 ], [ 2.270169, 42.936316 ], [ 2.270456, 42.932897 ], [ 2.284715, 42.926676 ], [ 2.295069, 42.929087 ], [ 2.303282, 42.928258 ], [ 2.302551, 42.924929 ], [ 2.305364, 42.921277 ], [ 2.305491, 42.912818 ], [ 2.302387, 42.91146 ], [ 2.296106, 42.913635 ], [ 2.282568, 42.926619 ], [ 2.268674, 42.93268 ], [ 2.258866, 42.933813 ], [ 2.242292, 42.932635 ] ] ] ] } },
{ "type": "Feature", "properties": { "codgeo": "11104", "libgeo": "Counozouls", "dept": "11" }, "geometry": { "type": "MultiPolygon", "coordinates": [ [ [ [ 2.213509, 42.701124 ], [ 2.21549, 42.703504 ], [ 2.214501, 42.717907 ], [ 2.21762, 42.730989 ], [ 2.223981, 42.742399 ], [ 2.242123, 42.735483 ], [ 2.253848, 42.729466 ], [ 2.26063, 42.71987 ], [ 2.264714, 42.709255 ], [ 2.264533, 42.70624 ], [ 2.246493, 42.681336 ], [ 2.238656, 42.676209 ], [ 2.221639, 42.673126 ], [ 2.192162, 42.659054 ], [ 2.195076, 42.685918 ], [ 2.201037, 42.687696 ], [ 2.211544, 42.693987 ], [ 2.213509, 42.701124 ] ] ] ] } },
{ "type": "Feature", "properties": { "codgeo": "11105", "libgeo": "Cournanel", "dept": "11" }, "geometry": { "type": "MultiPolygon", "coordinates": [ [ [ [ 2.219719, 43.03639 ], [ 2.242531, 43.045261 ], [ 2.251999, 43.035618 ], [ 2.251505, 43.024345 ], [ 2.2522, 43.023097 ], [ 2.247846, 43.020114 ], [ 2.231643, 43.017148 ], [ 2.230242, 43.015703 ], [ 2.229253, 43.017575 ], [ 2.222918, 43.022836 ], [ 2.219719, 43.03639 ] ] ] ] } },
{ "type": "Feature", "properties": { "codgeo": "11107", "libgeo": "Courtauly", "dept": "11" }, "geometry": { "type": "MultiPolygon", "coordinates": [ [ [ [ 2.059207, 43.050957 ], [ 2.064268, 43.04332 ], [ 2.06954, 43.039851 ], [ 2.07372, 43.03894 ], [ 2.075133, 43.034104 ], [ 2.053344, 43.035671 ], [ 2.048577, 43.035114 ], [ 2.041666, 43.033193 ], [ 2.02411, 43.023034 ], [ 2.027492, 43.037792 ], [ 2.024814, 43.047071 ], [ 2.028485, 43.05171 ], [ 2.033011, 43.054283 ], [ 2.059207, 43.050957 ] ] ] ] } },
{ "type": "Feature", "properties": { "codgeo": "11109", "libgeo": "Coustaussa", "dept": "11" }, "geometry": { "type": "MultiPolygon", "coordinates": [ [ [ [ 2.274179, 42.951271 ], [ 2.274152, 42.947164 ], [ 2.299612, 42.939253 ], [ 2.298218, 42.938816 ], [ 2.305397, 42.930173 ], [ 2.303282, 42.928258 ], [ 2.295069, 42.929087 ], [ 2.284715, 42.926676 ], [ 2.270456, 42.932897 ], [ 2.270169, 42.936316 ], [ 2.272514, 42.939844 ], [ 2.269812, 42.942494 ], [ 2.271283, 42.945616 ], [ 2.270403, 42.950727 ], [ 2.274179, 42.951271 ] ] ] ] } },
{ "type": "Feature", "properties": { "codgeo": "11110", "libgeo": "Coustouge", "dept": "11" }, "geometry": { "type": "MultiPolygon", "coordinates": [ [ [ [ 2.761639, 43.068991 ], [ 2.765195, 43.058434 ], [ 2.764148, 43.05369 ], [ 2.760537, 43.043843 ], [ 2.756428, 43.039027 ], [ 2.754352, 43.037964 ], [ 2.751556, 43.039458 ], [ 2.74338, 43.040942 ], [ 2.735588, 43.044594 ], [ 2.721457, 43.057625 ], [ 2.71946, 43.061279 ], [ 2.719192, 43.070729 ], [ 2.727014, 43.071287 ], [ 2.748906, 43.06878 ], [ 2.761639, 43.068991 ] ] ] ] } },
{ "type": "Feature", "properties": { "codgeo": "11112", "libgeo": "Cubières-sur-Cinoble", "dept": "11" }, "geometry": { "type": "MultiPolygon", "coordinates": [ [ [ [ 2.474655, 42.839415 ], [ 2.456854, 42.8374 ], [ 2.449705, 42.853667 ], [ 2.446747, 42.87422 ], [ 2.441958, 42.88604 ], [ 2.46581, 42.890643 ], [ 2.476521, 42.869402 ], [ 2.500432, 42.850556 ], [ 2.493776, 42.846924 ], [ 2.481923, 42.844703 ], [ 2.476438, 42.841541 ], [ 2.474655, 42.839415 ] ] ] ] } },
{ "type": "Feature", "properties": { "codgeo": "11113", "libgeo": "Cucugnan", "dept": "11" }, "geometry": { "type": "MultiPolygon", "coordinates": [ [ [ [ 2.638401, 42.834145 ], [ 2.628281, 42.836633 ], [ 2.606486, 42.836048 ], [ 2.596782, 42.836982 ], [ 2.572414, 42.843471 ], [ 2.577773, 42.853836 ], [ 2.5854, 42.857511 ], [ 2.596266, 42.859021 ], [ 2.599848, 42.863931 ], [ 2.599537, 42.880255 ], [ 2.6088, 42.884014 ], [ 2.608177, 42.881536 ], [ 2.610226, 42.87848 ], [ 2.614733, 42.875529 ], [ 2.61873, 42.874045 ], [ 2.617768, 42.856322 ], [ 2.649554, 42.840012 ], [ 2.665128, 42.83664 ], [ 2.638401, 42.834145 ] ] ] ] } },
{ "type": "Feature", "properties": { "codgeo": "11117", "libgeo": "Davejean", "dept": "11" }, "geometry": { "type": "MultiPolygon", "coordinates": [ [ [ [ 2.637392, 42.968523 ], [ 2.632464, 42.957087 ], [ 2.626477, 42.948139 ], [ 2.607885, 42.941845 ], [ 2.601691, 42.937585 ], [ 2.581802, 42.945507 ], [ 2.587163, 42.964892 ], [ 2.585308, 42.977445 ], [ 2.586306, 42.981808 ], [ 2.595981, 42.977726 ], [ 2.610417, 42.973252 ], [ 2.61806, 42.972796 ], [ 2.632594, 42.970219 ], [ 2.637392, 42.968523 ] ] ] ] } },
{ "type": "Feature", "properties": { "codgeo": "11118", "libgeo": "Dernacueillette", "dept": "11" }, "geometry": { "type": "MultiPolygon", "coordinates": [ [ [ [ 2.581802, 42.945507 ], [ 2.612487, 42.933324 ], [ 2.621499, 42.927567 ], [ 2.623979, 42.919096 ], [ 2.619057, 42.918597 ], [ 2.616349, 42.917202 ], [ 2.593458, 42.912988 ], [ 2.590216, 42.919153 ], [ 2.586946, 42.928754 ], [ 2.569417, 42.933658 ], [ 2.581802, 42.945507 ] ] ] ] } },
{ "type": "Feature", "properties": { "codgeo": "11119", "libgeo": "La Digne-d'Amont", "dept": "11" }, "geometry": { "type": "MultiPolygon", "coordinates": [ [ [ [ 2.178552, 43.035126 ], [ 2.158791, 43.028027 ], [ 2.156792, 43.025639 ], [ 2.1532, 43.02711 ], [ 2.147885, 43.036619 ], [ 2.147062, 43.037539 ], [ 2.145348, 43.037435 ], [ 2.145497, 43.038451 ], [ 2.15295, 43.043702 ], [ 2.161073, 43.051779 ], [ 2.170347, 43.042625 ], [ 2.172404, 43.038627 ], [ 2.178552, 43.035126 ] ] ] ] } },
{ "type": "Feature", "properties": { "codgeo": "11120", "libgeo": "La Digne-d'Aval", "dept": "11" }, "geometry": { "type": "MultiPolygon", "coordinates": [ [ [ [ 2.19069, 43.037136 ], [ 2.178552, 43.035126 ], [ 2.172404, 43.038627 ], [ 2.170347, 43.042625 ], [ 2.161073, 43.051779 ], [ 2.162392, 43.053855 ], [ 2.18041, 43.05588 ], [ 2.18767, 43.053501 ], [ 2.19092, 43.050506 ], [ 2.187871, 43.044252 ], [ 2.19069, 43.037136 ] ] ] ] } },
{ "type": "Feature", "properties": { "codgeo": "11123", "libgeo": "Duilhac-sous-Peyrepertuse", "dept": "11" }, "geometry": { "type": "MultiPolygon", "coordinates": [ [ [ [ 2.59368, 42.898136 ], [ 2.602786, 42.893523 ], [ 2.608923, 42.884194 ], [ 2.599537, 42.880255 ], [ 2.599848, 42.863931 ], [ 2.596266, 42.859021 ], [ 2.5854, 42.857511 ], [ 2.577773, 42.853836 ], [ 2.572414, 42.843471 ], [ 2.565623, 42.843831 ], [ 2.55862, 42.845687 ], [ 2.519797, 42.844235 ], [ 2.515798, 42.845348 ], [ 2.51891, 42.847467 ], [ 2.519592, 42.850664 ], [ 2.524512, 42.858219 ], [ 2.532787, 42.865048 ], [ 2.553429, 42.869913 ], [ 2.565916, 42.871683 ], [ 2.572575, 42.88445 ], [ 2.580615, 42.891052 ], [ 2.59368, 42.898136 ] ] ] ] } },
{ "type": "Feature", "properties": { "codgeo": "11124", "libgeo": "Durban-Corbières", "dept": "11" }, "geometry": { "type": "MultiPolygon", "coordinates": [ [ [ [ 2.773982, 43.015731 ], [ 2.806737, 43.030299 ], [ 2.818693, 43.029438 ], [ 2.818804, 43.019223 ], [ 2.824087, 43.012668 ], [ 2.845319, 43.000604 ], [ 2.847329, 42.998303 ], [ 2.846465, 42.997454 ], [ 2.845728, 42.990118 ], [ 2.849127, 42.978855 ], [ 2.839564, 42.972504 ], [ 2.835544, 42.975165 ], [ 2.803108, 42.964649 ], [ 2.798886, 42.973397 ], [ 2.796906, 42.979891 ], [ 2.797794, 42.983848 ], [ 2.778093, 43.004449 ], [ 2.77924, 43.010382 ], [ 2.773982, 43.015731 ] ] ] ] } },
{ "type": "Feature", "properties": { "codgeo": "11125", "libgeo": "Embres-et-Castelmaure", "dept": "11" }, "geometry": { "type": "MultiPolygon", "coordinates": [ [ [ [ 2.810046, 42.898531 ], [ 2.79902, 42.91066 ], [ 2.793354, 42.914331 ], [ 2.774087, 42.918229 ], [ 2.761082, 42.923186 ], [ 2.756727, 42.930902 ], [ 2.774152, 42.928898 ], [ 2.796296, 42.955451 ], [ 2.798694, 42.957066 ], [ 2.811885, 42.955069 ], [ 2.831479, 42.94959 ], [ 2.85605, 42.950058 ], [ 2.860222, 42.93668 ], [ 2.871601, 42.921955 ], [ 2.867293, 42.918643 ], [ 2.855665, 42.915454 ], [ 2.834666, 42.912399 ], [ 2.814013, 42.899569 ], [ 2.810046, 42.898531 ] ] ] ] } },
{ "type": "Feature", "properties": { "codgeo": "11127", "libgeo": "Escouloubre", "dept": "11" }, "geometry": { "type": "MultiPolygon", "coordinates": [ [ [ [ 2.132638, 42.715097 ], [ 2.098887, 42.73337 ], [ 2.091832, 42.734944 ], [ 2.089117, 42.737127 ], [ 2.087636, 42.739305 ], [ 2.084962, 42.748675 ], [ 2.088268, 42.758947 ], [ 2.091631, 42.763616 ], [ 2.103819, 42.766504 ], [ 2.107692, 42.768831 ], [ 2.13125, 42.772277 ], [ 2.134247, 42.770935 ], [ 2.141031, 42.762772 ], [ 2.140597, 42.75401 ], [ 2.145578, 42.745063 ], [ 2.151357, 42.731729 ], [ 2.162039, 42.719668 ], [ 2.1767, 42.699643 ], [ 2.179694, 42.689787 ], [ 2.176144, 42.652591 ], [ 2.165229, 42.665761 ], [ 2.168015, 42.673743 ], [ 2.170855, 42.67476 ], [ 2.175862, 42.681957 ], [ 2.171337, 42.69111 ], [ 2.167804, 42.696158 ], [ 2.160386, 42.701138 ], [ 2.140606, 42.705759 ], [ 2.132638, 42.715097 ] ] ] ] } },
{ "type": "Feature", "properties": { "codgeo": "11128", "libgeo": "Escueillens-et-Saint-Just-de-Bélengard", "dept": "11" }, "geometry": { "type": "MultiPolygon", "coordinates": [ [ [ [ 1.991178, 43.120666 ], [ 2.001632, 43.121088 ], [ 2.00908, 43.120607 ], [ 2.021132, 43.116754 ], [ 2.033806, 43.114252 ], [ 2.034953, 43.112233 ], [ 2.03105, 43.104233 ], [ 2.028093, 43.102348 ], [ 2.038485, 43.096666 ], [ 2.045072, 43.093723 ], [ 2.048833, 43.092883 ], [ 2.053642, 43.088259 ], [ 2.041194, 43.073915 ], [ 2.035324, 43.075165 ], [ 2.030468, 43.074437 ], [ 2.023366, 43.078577 ], [ 2.02067, 43.081326 ], [ 2.025344, 43.092815 ], [ 2.021639, 43.097609 ], [ 2.004459, 43.10547 ], [ 2.000257, 43.108251 ], [ 1.982614, 43.110073 ], [ 1.982765, 43.111242 ], [ 1.98076, 43.11173 ], [ 1.981056, 43.113199 ], [ 1.989738, 43.118668 ], [ 1.991178, 43.120666 ] ] ] ] } },
{ "type": "Feature", "properties": { "codgeo": "11129", "libgeo": "Espéraza", "dept": "11" }, "geometry": { "type": "MultiPolygon", "coordinates": [ [ [ [ 2.229944, 42.91111 ], [ 2.219944, 42.922746 ], [ 2.215572, 42.925672 ], [ 2.210006, 42.926211 ], [ 2.196176, 42.923759 ], [ 2.196041, 42.927095 ], [ 2.19864, 42.934032 ], [ 2.196261, 42.944544 ], [ 2.200697, 42.950323 ], [ 2.204997, 42.948761 ], [ 2.223537, 42.945912 ], [ 2.234334, 42.938759 ], [ 2.235111, 42.939282 ], [ 2.236738, 42.938379 ], [ 2.235086, 42.93612 ], [ 2.23693, 42.93356 ], [ 2.242292, 42.932635 ], [ 2.241563, 42.929026 ], [ 2.245148, 42.914626 ], [ 2.244325, 42.912419 ], [ 2.238433, 42.909082 ], [ 2.229944, 42.91111 ] ] ] ] } },
{ "type": "Feature", "properties": { "codgeo": "11130", "libgeo": "Espezel", "dept": "11" }, "geometry": { "type": "MultiPolygon", "coordinates": [ [ [ [ 2.033668, 42.871097 ], [ 2.038881, 42.854863 ], [ 2.046345, 42.844402 ], [ 2.041836, 42.840608 ], [ 2.038591, 42.829175 ], [ 2.031687, 42.819476 ], [ 2.032097, 42.818361 ], [ 2.035455, 42.816708 ], [ 2.038778, 42.816488 ], [ 2.034267, 42.809624 ], [ 2.028081, 42.809018 ], [ 2.024686, 42.810761 ], [ 2.008042, 42.811542 ], [ 2.010944, 42.820085 ], [ 2.016606, 42.829185 ], [ 2.018418, 42.834317 ], [ 2.018474, 42.8423 ], [ 2.017493, 42.847144 ], [ 2.013576, 42.848908 ], [ 2.010555, 42.852695 ], [ 2.010004, 42.856442 ], [ 2.016611, 42.868487 ], [ 2.01578, 42.875095 ], [ 2.013427, 42.882095 ], [ 2.033668, 42.871097 ] ] ] ] } },
{ "type": "Feature", "properties": { "codgeo": "11131", "libgeo": "Val-du-Faby", "dept": "11" }, "geometry": { "type": "MultiPolygon", "coordinates": [ [ [ [ 2.127565, 42.948501 ], [ 2.133187, 42.952644 ], [ 2.151076, 42.954814 ], [ 2.154682, 42.955895 ], [ 2.16514, 42.946128 ], [ 2.168085, 42.945003 ], [ 2.171089, 42.946701 ], [ 2.18747, 42.952348 ], [ 2.194083, 42.95387 ], [ 2.200697, 42.950323 ], [ 2.196261, 42.944544 ], [ 2.19864, 42.934032 ], [ 2.196041, 42.927095 ], [ 2.196176, 42.923759 ], [ 2.185932, 42.920262 ], [ 2.183714, 42.917186 ], [ 2.18307, 42.908967 ], [ 2.184397, 42.89813 ], [ 2.183193, 42.897198 ], [ 2.180751, 42.896469 ], [ 2.172059, 42.899038 ], [ 2.161857, 42.906244 ], [ 2.154565, 42.913347 ], [ 2.139168, 42.92012 ], [ 2.130346, 42.923031 ], [ 2.121708, 42.922296 ], [ 2.119451, 42.921213 ], [ 2.115688, 42.915813 ], [ 2.1148, 42.916127 ], [ 2.114162, 42.920583 ], [ 2.116382, 42.924855 ], [ 2.121667, 42.927491 ], [ 2.131323, 42.93492 ], [ 2.134419, 42.945879 ], [ 2.127565, 42.948501 ] ] ] ] } },
{ "type": "Feature", "properties": { "codgeo": "11133", "libgeo": "Fajac-en-Val", "dept": "11" }, "geometry": { "type": "MultiPolygon", "coordinates": [ [ [ [ 2.4848, 43.133793 ], [ 2.484457, 43.129431 ], [ 2.495123, 43.124866 ], [ 2.495856, 43.120192 ], [ 2.481182, 43.10954 ], [ 2.465276, 43.104015 ], [ 2.46001, 43.100328 ], [ 2.45582, 43.100917 ], [ 2.451071, 43.099802 ], [ 2.439675, 43.113672 ], [ 2.43986, 43.129084 ], [ 2.445852, 43.140803 ], [ 2.448513, 43.139802 ], [ 2.457323, 43.138895 ], [ 2.469852, 43.138914 ], [ 2.4848, 43.133793 ] ] ] ] } },
{ "type": "Feature", "properties": { "codgeo": "11135", "libgeo": "La Fajolle", "dept": "11" }, "geometry": { "type": "MultiPolygon", "coordinates": [ [ [ [ 1.998511, 42.735944 ], [ 1.991361, 42.734825 ], [ 1.959418, 42.736803 ], [ 1.946901, 42.741782 ], [ 1.943637, 42.746334 ], [ 1.931653, 42.751163 ], [ 1.931976, 42.753296 ], [ 1.929817, 42.755318 ], [ 1.933835, 42.760549 ], [ 1.942805, 42.765763 ], [ 1.961097, 42.774428 ], [ 1.975489, 42.773265 ], [ 1.978757, 42.770884 ], [ 1.984342, 42.760725 ], [ 1.993937, 42.749229 ], [ 1.998511, 42.735944 ] ] ] ] } },
{ "type": "Feature", "properties": { "codgeo": "11137", "libgeo": "Félines-Termenès", "dept": "11" }, "geometry": { "type": "MultiPolygon", "coordinates": [ [ [ [ 2.586306, 42.981808 ], [ 2.589702, 42.992896 ], [ 2.600644, 43.000985 ], [ 2.618497, 42.996902 ], [ 2.643207, 42.985182 ], [ 2.641904, 42.982258 ], [ 2.642259, 42.979832 ], [ 2.637392, 42.968523 ], [ 2.632594, 42.970219 ], [ 2.61806, 42.972796 ], [ 2.610417, 42.973252 ], [ 2.595981, 42.977726 ], [ 2.586306, 42.981808 ] ] ] ] } },
{ "type": "Feature", "properties": { "codgeo": "11142", "libgeo": "Festes-et-Saint-André", "dept": "11" }, "geometry": { "type": "MultiPolygon", "coordinates": [ [ [ [ 2.127565, 42.948501 ], [ 2.117085, 42.9483 ], [ 2.107938, 42.945487 ], [ 2.08292, 42.942871 ], [ 2.081085, 42.946015 ], [ 2.079524, 42.954191 ], [ 2.081845, 42.964741 ], [ 2.080417, 42.97326 ], [ 2.081281, 42.973795 ], [ 2.08607, 42.973477 ], [ 2.091308, 42.971131 ], [ 2.100998, 42.974314 ], [ 2.120081, 42.976006 ], [ 2.131153, 42.979607 ], [ 2.150288, 42.978774 ], [ 2.155732, 42.959002 ], [ 2.154682, 42.955895 ], [ 2.151076, 42.954814 ], [ 2.133187, 42.952644 ], [ 2.127565, 42.948501 ] ] ] ] } },
{ "type": "Feature", "properties": { "codgeo": "11147", "libgeo": "Fontanès-de-Sault", "dept": "11" }, "geometry": { "type": "MultiPolygon", "coordinates": [ [ [ [ 2.067464, 42.776834 ], [ 2.088162, 42.780101 ], [ 2.09944, 42.774938 ], [ 2.099225, 42.773856 ], [ 2.103819, 42.766504 ], [ 2.091631, 42.763616 ], [ 2.088268, 42.758947 ], [ 2.08639, 42.752184 ], [ 2.0849, 42.7518 ], [ 2.080717, 42.757972 ], [ 2.059822, 42.770402 ], [ 2.067464, 42.776834 ] ] ] ] } },
{ "type": "Feature", "properties": { "codgeo": "11152", "libgeo": "Fontjoncouse", "dept": "11" }, "geometry": { "type": "MultiPolygon", "coordinates": [ [ [ [ 2.832677, 43.066458 ], [ 2.833952, 43.056508 ], [ 2.837704, 43.051226 ], [ 2.831852, 43.040185 ], [ 2.818693, 43.029438 ], [ 2.806737, 43.030299 ], [ 2.773982, 43.015731 ], [ 2.751279, 43.02226 ], [ 2.754177, 43.027806 ], [ 2.754352, 43.037964 ], [ 2.756428, 43.039027 ], [ 2.760537, 43.043843 ], [ 2.764148, 43.05369 ], [ 2.765195, 43.058434 ], [ 2.761639, 43.068991 ], [ 2.800808, 43.06502 ], [ 2.832677, 43.066458 ] ] ] ] } },
{ "type": "Feature", "properties": { "codgeo": "11155", "libgeo": "Fourtou", "dept": "11" }, "geometry": { "type": "MultiPolygon", "coordinates": [ [ [ [ 2.454371, 42.932612 ], [ 2.464723, 42.922464 ], [ 2.469691, 42.916024 ], [ 2.474412, 42.904261 ], [ 2.476235, 42.901997 ], [ 2.475898, 42.895146 ], [ 2.46581, 42.890643 ], [ 2.441958, 42.88604 ], [ 2.438754, 42.886461 ], [ 2.433105, 42.888843 ], [ 2.424442, 42.893754 ], [ 2.412739, 42.894895 ], [ 2.411229, 42.913 ], [ 2.409397, 42.91706 ], [ 2.418998, 42.924468 ], [ 2.42021, 42.931574 ], [ 2.432506, 42.93354 ], [ 2.442228, 42.93332 ], [ 2.450376, 42.932219 ], [ 2.454371, 42.932612 ] ] ] ] } },
{ "type": "Feature", "properties": { "codgeo": "11157", "libgeo": "Fraissé-des-Corbières", "dept": "11" }, "geometry": { "type": "MultiPolygon", "coordinates": [ [ [ [ 2.85605, 42.950058 ], [ 2.839564, 42.972504 ], [ 2.849127, 42.978855 ], [ 2.848707, 42.979756 ], [ 2.856373, 42.980527 ], [ 2.868055, 42.984207 ], [ 2.877668, 42.988305 ], [ 2.884352, 42.98862 ], [ 2.902555, 42.958809 ], [ 2.895041, 42.955806 ], [ 2.878483, 42.942417 ], [ 2.87804, 42.933505 ], [ 2.871601, 42.921955 ], [ 2.860222, 42.93668 ], [ 2.85605, 42.950058 ] ] ] ] } },
{ "type": "Feature", "properties": { "codgeo": "11158", "libgeo": "Gaja-et-Villedieu", "dept": "11" }, "geometry": { "type": "MultiPolygon", "coordinates": [ [ [ [ 2.211009, 43.078424 ], [ 2.202202, 43.074164 ], [ 2.1915, 43.063182 ], [ 2.173734, 43.07045 ], [ 2.168848, 43.07075 ], [ 2.164674, 43.075705 ], [ 2.159557, 43.07836 ], [ 2.157396, 43.081074 ], [ 2.158636, 43.085014 ], [ 2.159984, 43.08571 ], [ 2.179586, 43.087995 ], [ 2.18636, 43.090972 ], [ 2.191421, 43.094019 ], [ 2.192556, 43.095667 ], [ 2.203581, 43.092627 ], [ 2.211009, 43.078424 ] ] ] ] } },
{ "type": "Feature", "properties": { "codgeo": "11160", "libgeo": "Galinagues", "dept": "11" }, "geometry": { "type": "MultiPolygon", "coordinates": [ [ [ [ 2.038778, 42.816488 ], [ 2.04273, 42.816942 ], [ 2.043292, 42.819836 ], [ 2.051212, 42.820132 ], [ 2.054121, 42.816009 ], [ 2.061489, 42.809928 ], [ 2.061535, 42.808389 ], [ 2.052077, 42.788403 ], [ 2.048263, 42.789107 ], [ 2.047839, 42.793025 ], [ 2.034267, 42.809624 ], [ 2.038778, 42.816488 ] ] ] ] } },
{ "type": "Feature", "properties": { "codgeo": "11161", "libgeo": "Gardie", "dept": "11" }, "geometry": { "type": "MultiPolygon", "coordinates": [ [ [ [ 2.280309, 43.084569 ], [ 2.298291, 43.081664 ], [ 2.30613, 43.083884 ], [ 2.314413, 43.081876 ], [ 2.317209, 43.080359 ], [ 2.317123, 43.075889 ], [ 2.312363, 43.071304 ], [ 2.314132, 43.066273 ], [ 2.311389, 43.064112 ], [ 2.302408, 43.065691 ], [ 2.286609, 43.066769 ], [ 2.2852, 43.064835 ], [ 2.282987, 43.064734 ], [ 2.280329, 43.065707 ], [ 2.284373, 43.079709 ], [ 2.283481, 43.08198 ], [ 2.280309, 43.084569 ] ] ] ] } },
{ "type": "Feature", "properties": { "codgeo": "11163", "libgeo": "Gincla", "dept": "11" }, "geometry": { "type": "MultiPolygon", "coordinates": [ [ [ [ 2.352644, 42.74968 ], [ 2.343677, 42.752116 ], [ 2.33551, 42.752039 ], [ 2.317663, 42.756418 ], [ 2.310728, 42.757364 ], [ 2.306902, 42.757112 ], [ 2.309101, 42.76024 ], [ 2.308204, 42.765535 ], [ 2.315843, 42.769008 ], [ 2.324729, 42.768931 ], [ 2.327614, 42.770235 ], [ 2.329804, 42.773453 ], [ 2.330048, 42.775833 ], [ 2.328037, 42.781912 ], [ 2.336884, 42.781739 ], [ 2.342456, 42.780269 ], [ 2.344411, 42.780704 ], [ 2.348892, 42.769923 ], [ 2.350539, 42.757384 ], [ 2.352644, 42.74968 ] ] ] ] } },
{ "type": "Feature", "properties": { "codgeo": "11165", "libgeo": "Ginoles", "dept": "11" }, "geometry": { "type": "MultiPolygon", "coordinates": [ [ [ [ 2.153228, 42.850299 ], [ 2.152726, 42.854169 ], [ 2.146624, 42.85931 ], [ 2.140647, 42.863103 ], [ 2.132004, 42.865835 ], [ 2.131788, 42.86703 ], [ 2.144687, 42.872969 ], [ 2.157619, 42.876462 ], [ 2.170338, 42.875662 ], [ 2.174703, 42.872297 ], [ 2.175813, 42.867423 ], [ 2.175256, 42.864751 ], [ 2.168998, 42.854915 ], [ 2.165989, 42.85244 ], [ 2.162882, 42.851338 ], [ 2.153228, 42.850299 ] ] ] ] } },
{ "type": "Feature", "properties": { "codgeo": "11168", "libgeo": "Granès", "dept": "11" }, "geometry": { "type": "MultiPolygon", "coordinates": [ [ [ [ 2.249387, 42.879759 ], [ 2.239736, 42.890591 ], [ 2.236109, 42.896701 ], [ 2.23829, 42.897995 ], [ 2.240627, 42.903176 ], [ 2.238433, 42.909082 ], [ 2.244325, 42.912419 ], [ 2.245148, 42.914626 ], [ 2.247705, 42.914011 ], [ 2.254492, 42.905866 ], [ 2.260169, 42.900711 ], [ 2.265843, 42.89851 ], [ 2.272551, 42.89706 ], [ 2.275841, 42.891681 ], [ 2.271655, 42.889628 ], [ 2.261227, 42.87832 ], [ 2.253435, 42.878576 ], [ 2.249387, 42.879759 ] ] ] ] } },
{ "type": "Feature", "properties": { "codgeo": "11169", "libgeo": "Greffeil", "dept": "11" }, "geometry": { "type": "MultiPolygon", "coordinates": [ [ [ [ 2.367593, 43.075107 ], [ 2.365782, 43.079595 ], [ 2.370541, 43.08798 ], [ 2.377731, 43.093819 ], [ 2.382529, 43.09517 ], [ 2.39092, 43.093599 ], [ 2.398534, 43.088648 ], [ 2.399761, 43.08631 ], [ 2.406242, 43.084943 ], [ 2.414933, 43.084265 ], [ 2.422285, 43.078653 ], [ 2.426769, 43.073997 ], [ 2.430881, 43.066967 ], [ 2.423841, 43.06612 ], [ 2.409214, 43.062068 ], [ 2.402655, 43.059474 ], [ 2.396134, 43.055307 ], [ 2.396385, 43.054397 ], [ 2.37882, 43.060164 ], [ 2.371202, 43.064263 ], [ 2.367287, 43.068017 ], [ 2.366002, 43.071726 ], [ 2.367593, 43.075107 ] ] ] ] } },
{ "type": "Feature", "properties": { "codgeo": "11176", "libgeo": "Jonquières", "dept": "11" }, "geometry": { "type": "MultiPolygon", "coordinates": [ [ [ [ 2.754352, 43.037964 ], [ 2.754177, 43.027806 ], [ 2.751279, 43.02226 ], [ 2.74737, 43.023419 ], [ 2.714876, 43.023908 ], [ 2.710381, 43.025109 ], [ 2.706861, 43.027029 ], [ 2.702484, 43.038042 ], [ 2.699554, 43.048331 ], [ 2.699997, 43.050494 ], [ 2.695873, 43.05924 ], [ 2.705151, 43.061635 ], [ 2.71946, 43.061279 ], [ 2.721457, 43.057625 ], [ 2.735588, 43.044594 ], [ 2.74338, 43.040942 ], [ 2.751556, 43.039458 ], [ 2.754352, 43.037964 ] ] ] ] } },
{ "type": "Feature", "properties": { "codgeo": "11177", "libgeo": "Joucou", "dept": "11" }, "geometry": { "type": "MultiPolygon", "coordinates": [ [ [ [ 2.064335, 42.836441 ], [ 2.085174, 42.833254 ], [ 2.092757, 42.836297 ], [ 2.104203, 42.837711 ], [ 2.106132, 42.832259 ], [ 2.098997, 42.829101 ], [ 2.096402, 42.824163 ], [ 2.098667, 42.818035 ], [ 2.100845, 42.817507 ], [ 2.102584, 42.815697 ], [ 2.102639, 42.813729 ], [ 2.100815, 42.812384 ], [ 2.097536, 42.813474 ], [ 2.087872, 42.811074 ], [ 2.075165, 42.815225 ], [ 2.069571, 42.819477 ], [ 2.06705, 42.823739 ], [ 2.064096, 42.825734 ], [ 2.067644, 42.828253 ], [ 2.066068, 42.829383 ], [ 2.064335, 42.836441 ] ] ] ] } },
{ "type": "Feature", "properties": { "codgeo": "11179", "libgeo": "Labastide-en-Val", "dept": "11" }, "geometry": { "type": "MultiPolygon", "coordinates": [ [ [ [ 2.486203, 43.049125 ], [ 2.484472, 43.048868 ], [ 2.484726, 43.040212 ], [ 2.476804, 43.033491 ], [ 2.466144, 43.030859 ], [ 2.470286, 43.034755 ], [ 2.471433, 43.046452 ], [ 2.465646, 43.050583 ], [ 2.460177, 43.05202 ], [ 2.449867, 43.053291 ], [ 2.443651, 43.058116 ], [ 2.445279, 43.060447 ], [ 2.459604, 43.068213 ], [ 2.464705, 43.072341 ], [ 2.467727, 43.079567 ], [ 2.467944, 43.082475 ], [ 2.46374, 43.088965 ], [ 2.463626, 43.094141 ], [ 2.464729, 43.096845 ], [ 2.460955, 43.100788 ], [ 2.464034, 43.101144 ], [ 2.473913, 43.098854 ], [ 2.481077, 43.095511 ], [ 2.482972, 43.081109 ], [ 2.481522, 43.066899 ], [ 2.483751, 43.054359 ], [ 2.486203, 43.049125 ] ] ] ] } },
{ "type": "Feature", "properties": { "codgeo": "11183", "libgeo": "Ladern-sur-Lauquet", "dept": "11" }, "geometry": { "type": "MultiPolygon", "coordinates": [ [ [ [ 2.363376, 43.126911 ], [ 2.365237, 43.122444 ], [ 2.378282, 43.115192 ], [ 2.391645, 43.104595 ], [ 2.402578, 43.106108 ], [ 2.415476, 43.113201 ], [ 2.423934, 43.116291 ], [ 2.431568, 43.114494 ], [ 2.439675, 43.113672 ], [ 2.451071, 43.099802 ], [ 2.439729, 43.094931 ], [ 2.425569, 43.090285 ], [ 2.417964, 43.086778 ], [ 2.414933, 43.084265 ], [ 2.406242, 43.084943 ], [ 2.399761, 43.08631 ], [ 2.398534, 43.088648 ], [ 2.39092, 43.093599 ], [ 2.382529, 43.09517 ], [ 2.377731, 43.093819 ], [ 2.370541, 43.08798 ], [ 2.365782, 43.079595 ], [ 2.366326, 43.077256 ], [ 2.353995, 43.080333 ], [ 2.351505, 43.085595 ], [ 2.339018, 43.094052 ], [ 2.336681, 43.097805 ], [ 2.334611, 43.10906 ], [ 2.339584, 43.110467 ], [ 2.352206, 43.122491 ], [ 2.358407, 43.125928 ], [ 2.363376, 43.126911 ] ] ] ] } },
{ "type": "Feature", "properties": { "codgeo": "11185", "libgeo": "Lagrasse", "dept": "11" }, "geometry": { "type": "MultiPolygon", "coordinates": [ [ [ [ 2.627191, 43.147015 ], [ 2.631816, 43.130037 ], [ 2.641569, 43.122044 ], [ 2.617478, 43.117474 ], [ 2.616799, 43.10696 ], [ 2.620646, 43.101222 ], [ 2.625746, 43.096337 ], [ 2.633859, 43.090738 ], [ 2.638204, 43.088861 ], [ 2.643117, 43.077443 ], [ 2.640807, 43.069256 ], [ 2.636484, 43.062746 ], [ 2.63096, 43.06303 ], [ 2.616767, 43.067663 ], [ 2.583507, 43.066705 ], [ 2.579095, 43.078433 ], [ 2.572536, 43.083011 ], [ 2.569773, 43.081803 ], [ 2.555437, 43.08912 ], [ 2.543183, 43.097248 ], [ 2.546993, 43.099576 ], [ 2.550441, 43.098871 ], [ 2.556945, 43.093579 ], [ 2.560206, 43.093835 ], [ 2.569906, 43.099484 ], [ 2.607695, 43.126558 ], [ 2.613506, 43.138453 ], [ 2.616058, 43.146191 ], [ 2.627191, 43.147015 ] ] ] ] } },
{ "type": "Feature", "properties": { "codgeo": "11186", "libgeo": "Lairière", "dept": "11" }, "geometry": { "type": "MultiPolygon", "coordinates": [ [ [ [ 2.455093, 43.006378 ], [ 2.452079, 43.020422 ], [ 2.455686, 43.030927 ], [ 2.466144, 43.030859 ], [ 2.476804, 43.033491 ], [ 2.484726, 43.040212 ], [ 2.484472, 43.048868 ], [ 2.490119, 43.048905 ], [ 2.492144, 43.049666 ], [ 2.498783, 43.044872 ], [ 2.492882, 43.039439 ], [ 2.491379, 43.034801 ], [ 2.495542, 43.033509 ], [ 2.509825, 43.034627 ], [ 2.507435, 43.030337 ], [ 2.508515, 43.021557 ], [ 2.503477, 43.012212 ], [ 2.501341, 43.01038 ], [ 2.50235, 43.008746 ], [ 2.48858, 43.00671 ], [ 2.455093, 43.006378 ] ] ] ] } },
{ "type": "Feature", "properties": { "codgeo": "11187", "libgeo": "Lanet", "dept": "11" }, "geometry": { "type": "MultiPolygon", "coordinates": [ [ [ [ 2.478095, 42.979416 ], [ 2.481037, 42.975692 ], [ 2.514414, 42.972858 ], [ 2.51018, 42.961724 ], [ 2.503327, 42.950489 ], [ 2.502102, 42.952644 ], [ 2.49548, 42.955176 ], [ 2.488881, 42.955283 ], [ 2.459142, 42.961727 ], [ 2.460042, 42.969964 ], [ 2.463595, 42.97896 ], [ 2.478095, 42.979416 ] ] ] ] } },
{ "type": "Feature", "properties": { "codgeo": "11191", "libgeo": "Laroque-de-Fa", "dept": "11" }, "geometry": { "type": "MultiPolygon", "coordinates": [ [ [ [ 2.581802, 42.945507 ], [ 2.569417, 42.933658 ], [ 2.542271, 42.919077 ], [ 2.536025, 42.918864 ], [ 2.528732, 42.919884 ], [ 2.521535, 42.924378 ], [ 2.522606, 42.934679 ], [ 2.527267, 42.939216 ], [ 2.548956, 42.956099 ], [ 2.559741, 42.974851 ], [ 2.55823, 42.979625 ], [ 2.564849, 42.97979 ], [ 2.569882, 42.981356 ], [ 2.588362, 42.990221 ], [ 2.585308, 42.977445 ], [ 2.587163, 42.964892 ], [ 2.581802, 42.945507 ] ] ] ] } },
{ "type": "Feature", "properties": { "codgeo": "11206", "libgeo": "Limoux", "dept": "11" }, "geometry": { "type": "MultiPolygon", "coordinates": [ [ [ [ 2.278524, 43.060007 ], [ 2.27489, 43.055955 ], [ 2.271482, 43.045123 ], [ 2.265163, 43.034189 ], [ 2.265569, 43.029022 ], [ 2.270602, 43.026134 ], [ 2.273041, 43.025629 ], [ 2.279296, 43.027482 ], [ 2.288259, 43.026781 ], [ 2.296171, 43.025011 ], [ 2.30446, 43.019438 ], [ 2.309956, 43.017592 ], [ 2.302316, 43.011816 ], [ 2.298086, 43.01142 ], [ 2.281316, 43.013053 ], [ 2.273497, 43.015609 ], [ 2.266485, 43.02054 ], [ 2.260985, 43.022253 ], [ 2.2522, 43.023097 ], [ 2.251505, 43.024345 ], [ 2.251999, 43.035618 ], [ 2.242531, 43.045261 ], [ 2.219719, 43.03639 ], [ 2.219228, 43.0385 ], [ 2.214765, 43.045268 ], [ 2.207012, 43.041428 ], [ 2.19069, 43.037136 ], [ 2.187871, 43.044252 ], [ 2.19092, 43.050506 ], [ 2.18767, 43.053501 ], [ 2.18041, 43.05588 ], [ 2.182486, 43.058709 ], [ 2.188781, 43.062885 ], [ 2.1915, 43.063182 ], [ 2.202202, 43.074164 ], [ 2.218279, 43.081666 ], [ 2.224914, 43.079554 ], [ 2.227997, 43.080306 ], [ 2.227849, 43.075297 ], [ 2.231282, 43.074128 ], [ 2.24654, 43.071725 ], [ 2.259083, 43.071369 ], [ 2.278524, 43.060007 ] ] ] ] } },
{ "type": "Feature", "properties": { "codgeo": "11207", "libgeo": "Loupia", "dept": "11" }, "geometry": { "type": "MultiPolygon", "coordinates": [ [ [ [ 2.125247, 43.055018 ], [ 2.104401, 43.060724 ], [ 2.098833, 43.064817 ], [ 2.100029, 43.068967 ], [ 2.10542, 43.069111 ], [ 2.10673, 43.069643 ], [ 2.107088, 43.071155 ], [ 2.124251, 43.068757 ], [ 2.125227, 43.069711 ], [ 2.126988, 43.068814 ], [ 2.128047, 43.06572 ], [ 2.129649, 43.06432 ], [ 2.138263, 43.0602 ], [ 2.14216, 43.060352 ], [ 2.149121, 43.063626 ], [ 2.151865, 43.057972 ], [ 2.152149, 43.055337 ], [ 2.151149, 43.053682 ], [ 2.136529, 43.053738 ], [ 2.125247, 43.055018 ] ] ] ] } },
{ "type": "Feature", "properties": { "codgeo": "11209", "libgeo": "Luc-sur-Aude", "dept": "11" }, "geometry": { "type": "MultiPolygon", "coordinates": [ [ [ [ 2.257956, 42.956235 ], [ 2.25917, 42.957058 ], [ 2.258835, 42.970296 ], [ 2.261469, 42.969832 ], [ 2.272365, 42.970821 ], [ 2.280206, 42.974599 ], [ 2.281162, 42.975874 ], [ 2.285538, 42.976946 ], [ 2.294046, 42.972749 ], [ 2.301497, 42.972746 ], [ 2.315456, 42.969624 ], [ 2.293751, 42.960106 ], [ 2.293785, 42.956785 ], [ 2.285795, 42.953661 ], [ 2.270403, 42.950727 ], [ 2.263506, 42.951296 ], [ 2.258194, 42.954654 ], [ 2.257956, 42.956235 ] ] ] ] } },
{ "type": "Feature", "properties": { "codgeo": "11211", "libgeo": "Magrie", "dept": "11" }, "geometry": { "type": "MultiPolygon", "coordinates": [ [ [ [ 2.19069, 43.037136 ], [ 2.207012, 43.041428 ], [ 2.214765, 43.045268 ], [ 2.219228, 43.0385 ], [ 2.222918, 43.022836 ], [ 2.229253, 43.017575 ], [ 2.230242, 43.015703 ], [ 2.229612, 43.015012 ], [ 2.231091, 43.013371 ], [ 2.235426, 43.011169 ], [ 2.234171, 43.010466 ], [ 2.22594, 43.011712 ], [ 2.217815, 43.011199 ], [ 2.208368, 43.008924 ], [ 2.191319, 43.012359 ], [ 2.184332, 43.019519 ], [ 2.178707, 43.035374 ], [ 2.19069, 43.037136 ] ] ] ] } },
{ "type": "Feature", "properties": { "codgeo": "11213", "libgeo": "Maisons", "dept": "11" }, "geometry": { "type": "MultiPolygon", "coordinates": [ [ [ [ 2.601691, 42.937585 ], [ 2.607885, 42.941845 ], [ 2.626477, 42.948139 ], [ 2.663893, 42.932922 ], [ 2.676397, 42.916111 ], [ 2.679505, 42.910282 ], [ 2.659974, 42.915207 ], [ 2.646828, 42.916131 ], [ 2.644424, 42.914876 ], [ 2.627323, 42.919338 ], [ 2.623979, 42.919096 ], [ 2.621499, 42.927567 ], [ 2.612487, 42.933324 ], [ 2.601691, 42.937585 ] ] ] ] } },
{ "type": "Feature", "properties": { "codgeo": "11214", "libgeo": "Malras", "dept": "11" }, "geometry": { "type": "MultiPolygon", "coordinates": [ [ [ [ 2.1915, 43.063182 ], [ 2.188781, 43.062885 ], [ 2.182486, 43.058709 ], [ 2.18041, 43.05588 ], [ 2.162392, 43.053855 ], [ 2.160141, 43.051482 ], [ 2.151149, 43.053682 ], [ 2.152149, 43.055337 ], [ 2.151865, 43.057972 ], [ 2.149121, 43.063626 ], [ 2.152792, 43.065502 ], [ 2.162196, 43.067899 ], [ 2.168848, 43.07075 ], [ 2.173734, 43.07045 ], [ 2.1915, 43.063182 ] ] ] ] } },
{ "type": "Feature", "properties": { "codgeo": "11219", "libgeo": "Marsa", "dept": "11" }, "geometry": { "type": "MultiPolygon", "coordinates": [ [ [ [ 2.139298, 42.801557 ], [ 2.132053, 42.804199 ], [ 2.126729, 42.802661 ], [ 2.120892, 42.803538 ], [ 2.119181, 42.804267 ], [ 2.116024, 42.809523 ], [ 2.116595, 42.816875 ], [ 2.111638, 42.818998 ], [ 2.107007, 42.819923 ], [ 2.101244, 42.818593 ], [ 2.098723, 42.818751 ], [ 2.096402, 42.824163 ], [ 2.098997, 42.829101 ], [ 2.106132, 42.832259 ], [ 2.104203, 42.837711 ], [ 2.109647, 42.841689 ], [ 2.116738, 42.84123 ], [ 2.144218, 42.834742 ], [ 2.156115, 42.829571 ], [ 2.185136, 42.8218 ], [ 2.18528, 42.820634 ], [ 2.177824, 42.813858 ], [ 2.172937, 42.807552 ], [ 2.173542, 42.804272 ], [ 2.172657, 42.803329 ], [ 2.161452, 42.801121 ], [ 2.15785, 42.800998 ], [ 2.150873, 42.803078 ], [ 2.139298, 42.801557 ] ] ] ] } },
{ "type": "Feature", "properties": { "codgeo": "11224", "libgeo": "Massac", "dept": "11" }, "geometry": { "type": "MultiPolygon", "coordinates": [ [ [ [ 2.520994, 42.907905 ], [ 2.519813, 42.910554 ], [ 2.528732, 42.919884 ], [ 2.536025, 42.918864 ], [ 2.542271, 42.919077 ], [ 2.569417, 42.933658 ], [ 2.586946, 42.928754 ], [ 2.590216, 42.919153 ], [ 2.593458, 42.912988 ], [ 2.567947, 42.90935 ], [ 2.549746, 42.901241 ], [ 2.537932, 42.901533 ], [ 2.533036, 42.902351 ], [ 2.523131, 42.907722 ], [ 2.520994, 42.907905 ] ] ] ] } },
{ "type": "Feature", "properties": { "codgeo": "11227", "libgeo": "Mayronnes", "dept": "11" }, "geometry": { "type": "MultiPolygon", "coordinates": [ [ [ [ 2.498783, 43.044872 ], [ 2.501426, 43.044966 ], [ 2.50709, 43.046649 ], [ 2.510836, 43.049509 ], [ 2.51531, 43.05908 ], [ 2.517399, 43.060838 ], [ 2.525133, 43.061768 ], [ 2.530729, 43.064552 ], [ 2.542207, 43.063767 ], [ 2.545061, 43.053404 ], [ 2.554917, 43.048568 ], [ 2.565173, 43.049545 ], [ 2.553482, 43.034795 ], [ 2.526278, 43.033324 ], [ 2.516597, 43.033613 ], [ 2.509825, 43.034627 ], [ 2.495542, 43.033509 ], [ 2.491379, 43.034801 ], [ 2.492882, 43.039439 ], [ 2.498783, 43.044872 ] ] ] ] } },
{ "type": "Feature", "properties": { "codgeo": "11229", "libgeo": "Mazuby", "dept": "11" }, "geometry": { "type": "MultiPolygon", "coordinates": [ [ [ [ 2.034267, 42.809624 ], [ 2.047839, 42.793025 ], [ 2.04816, 42.784308 ], [ 2.045003, 42.773837 ], [ 2.035422, 42.769173 ], [ 2.029337, 42.767661 ], [ 2.02337, 42.769914 ], [ 2.018627, 42.794947 ], [ 2.020098, 42.800494 ], [ 2.023671, 42.807679 ], [ 2.028081, 42.809018 ], [ 2.034267, 42.809624 ] ] ] ] } },
{ "type": "Feature", "properties": { "codgeo": "11230", "libgeo": "Mérial", "dept": "11" }, "geometry": { "type": "MultiPolygon", "coordinates": [ [ [ [ 2.003696, 42.733456 ], [ 2.002557, 42.735079 ], [ 1.998511, 42.735944 ], [ 1.993937, 42.749229 ], [ 1.984342, 42.760725 ], [ 1.978757, 42.770884 ], [ 1.975489, 42.773265 ], [ 1.961097, 42.774428 ], [ 1.942805, 42.765763 ], [ 1.933835, 42.760549 ], [ 1.929817, 42.755318 ], [ 1.922093, 42.755249 ], [ 1.913929, 42.75796 ], [ 1.908989, 42.765249 ], [ 1.908231, 42.767544 ], [ 1.909379, 42.769276 ], [ 1.917997, 42.769986 ], [ 1.92352, 42.771557 ], [ 1.928788, 42.774979 ], [ 1.93646, 42.778001 ], [ 1.94624, 42.784868 ], [ 1.980631, 42.796626 ], [ 1.986891, 42.797604 ], [ 1.988638, 42.796913 ], [ 1.990031, 42.789922 ], [ 1.986647, 42.784246 ], [ 1.988119, 42.773876 ], [ 1.992676, 42.766615 ], [ 2.003794, 42.757589 ], [ 2.005228, 42.753752 ], [ 2.005756, 42.741906 ], [ 2.003696, 42.733456 ] ] ] ] } },
{ "type": "Feature", "properties": { "codgeo": "11235", "libgeo": "Missègre", "dept": "11" }, "geometry": { "type": "MultiPolygon", "coordinates": [ [ [ [ 2.353702, 43.006555 ], [ 2.361846, 43.015168 ], [ 2.365461, 43.017381 ], [ 2.377806, 43.017669 ], [ 2.379357, 43.016701 ], [ 2.383019, 43.009594 ], [ 2.394408, 43.000086 ], [ 2.394925, 42.994256 ], [ 2.392022, 42.994776 ], [ 2.387347, 42.992767 ], [ 2.376715, 42.990315 ], [ 2.360446, 42.989639 ], [ 2.355325, 42.992596 ], [ 2.353702, 43.006555 ] ] ] ] } },
{ "type": "Feature", "properties": { "codgeo": "11240", "libgeo": "Montazels", "dept": "11" }, "geometry": { "type": "MultiPolygon", "coordinates": [ [ [ [ 2.257956, 42.956235 ], [ 2.253537, 42.955748 ], [ 2.250482, 42.953607 ], [ 2.252694, 42.947803 ], [ 2.252787, 42.945174 ], [ 2.251131, 42.942312 ], [ 2.245689, 42.939696 ], [ 2.235111, 42.939282 ], [ 2.234334, 42.938759 ], [ 2.226621, 42.944246 ], [ 2.230732, 42.951343 ], [ 2.234281, 42.954893 ], [ 2.242615, 42.960584 ], [ 2.249714, 42.959439 ], [ 2.251781, 42.965711 ], [ 2.254845, 42.968855 ], [ 2.258835, 42.970296 ], [ 2.25917, 42.957058 ], [ 2.257956, 42.956235 ] ] ] ] } },
{ "type": "Feature", "properties": { "codgeo": "11244", "libgeo": "Montfort-sur-Boulzane", "dept": "11" }, "geometry": { "type": "MultiPolygon", "coordinates": [ [ [ [ 2.352644, 42.74968 ], [ 2.356403, 42.741831 ], [ 2.357575, 42.734144 ], [ 2.355871, 42.728175 ], [ 2.354132, 42.726636 ], [ 2.349071, 42.724589 ], [ 2.320853, 42.70916 ], [ 2.322891, 42.708145 ], [ 2.320139, 42.706703 ], [ 2.303367, 42.704365 ], [ 2.297102, 42.700989 ], [ 2.290538, 42.700236 ], [ 2.271911, 42.704018 ], [ 2.264714, 42.709255 ], [ 2.268373, 42.716078 ], [ 2.270479, 42.724499 ], [ 2.269257, 42.728567 ], [ 2.265065, 42.733868 ], [ 2.264659, 42.739184 ], [ 2.283258, 42.749305 ], [ 2.299876, 42.756315 ], [ 2.310728, 42.757364 ], [ 2.317663, 42.756418 ], [ 2.33551, 42.752039 ], [ 2.343677, 42.752116 ], [ 2.352644, 42.74968 ] ] ] ] } },
{ "type": "Feature", "properties": { "codgeo": "11245", "libgeo": "Montgaillard", "dept": "11" }, "geometry": { "type": "MultiPolygon", "coordinates": [ [ [ [ 2.582715, 42.911123 ], [ 2.627323, 42.919338 ], [ 2.644424, 42.914876 ], [ 2.646828, 42.916131 ], [ 2.659974, 42.915207 ], [ 2.679505, 42.910282 ], [ 2.663081, 42.895117 ], [ 2.652506, 42.898032 ], [ 2.628125, 42.893951 ], [ 2.618817, 42.886745 ], [ 2.608923, 42.884194 ], [ 2.602786, 42.893523 ], [ 2.59368, 42.898136 ], [ 2.582715, 42.911123 ] ] ] ] } },
{ "type": "Feature", "properties": { "codgeo": "11247", "libgeo": "Monthaut", "dept": "11" }, "geometry": { "type": "MultiPolygon", "coordinates": [ [ [ [ 2.046855, 43.064934 ], [ 2.041084, 43.065242 ], [ 2.037765, 43.074276 ], [ 2.041194, 43.073915 ], [ 2.043221, 43.075416 ], [ 2.053642, 43.088259 ], [ 2.052884, 43.08948 ], [ 2.061981, 43.097842 ], [ 2.061099, 43.104051 ], [ 2.064758, 43.105112 ], [ 2.066734, 43.103375 ], [ 2.066366, 43.102064 ], [ 2.073797, 43.090968 ], [ 2.081329, 43.084986 ], [ 2.072622, 43.075205 ], [ 2.064577, 43.072022 ], [ 2.054924, 43.0698 ], [ 2.051905, 43.068629 ], [ 2.046855, 43.064934 ] ] ] ] } },
{ "type": "Feature", "properties": { "codgeo": "11249", "libgeo": "Montjardin", "dept": "11" }, "geometry": { "type": "MultiPolygon", "coordinates": [ [ [ [ 2.054249, 42.998127 ], [ 2.056474, 43.000531 ], [ 2.058026, 43.000956 ], [ 2.065331, 42.999921 ], [ 2.066993, 42.997084 ], [ 2.06551, 42.986799 ], [ 2.071054, 42.979449 ], [ 2.08065, 42.971732 ], [ 2.081845, 42.964741 ], [ 2.07814, 42.965039 ], [ 2.06634, 42.962109 ], [ 2.056434, 42.960761 ], [ 2.044447, 42.962326 ], [ 2.042951, 42.965804 ], [ 2.027556, 42.977021 ], [ 2.016, 42.982709 ], [ 2.022625, 42.992066 ], [ 2.031142, 42.997249 ], [ 2.036714, 42.9983 ], [ 2.054249, 42.998127 ] ] ] ] } },
{ "type": "Feature", "properties": { "codgeo": "11250", "libgeo": "Montjoi", "dept": "11" }, "geometry": { "type": "MultiPolygon", "coordinates": [ [ [ [ 2.463595, 42.97896 ], [ 2.466022, 42.997273 ], [ 2.455093, 43.006378 ], [ 2.48858, 43.00671 ], [ 2.50235, 43.008746 ], [ 2.502756, 43.00797 ], [ 2.501191, 43.008182 ], [ 2.500917, 43.007099 ], [ 2.50276, 43.002524 ], [ 2.478095, 42.979416 ], [ 2.463595, 42.97896 ] ] ] ] } },
{ "type": "Feature", "properties": { "codgeo": "11251", "libgeo": "Val-de-Dagne", "dept": "11" }, "geometry": { "type": "MultiPolygon", "coordinates": [ [ [ [ 2.495074, 43.159542 ], [ 2.504288, 43.157753 ], [ 2.507477, 43.16494 ], [ 2.520218, 43.162049 ], [ 2.534341, 43.153695 ], [ 2.537561, 43.162421 ], [ 2.553483, 43.16302 ], [ 2.568287, 43.157544 ], [ 2.616058, 43.146191 ], [ 2.613506, 43.138453 ], [ 2.607695, 43.126558 ], [ 2.569906, 43.099484 ], [ 2.560206, 43.093835 ], [ 2.556945, 43.093579 ], [ 2.550441, 43.098871 ], [ 2.545844, 43.106065 ], [ 2.543466, 43.107866 ], [ 2.532655, 43.110634 ], [ 2.526579, 43.106762 ], [ 2.508107, 43.117245 ], [ 2.505601, 43.120536 ], [ 2.49483, 43.123307 ], [ 2.495123, 43.124866 ], [ 2.484457, 43.129431 ], [ 2.4848, 43.133793 ], [ 2.489252, 43.143104 ], [ 2.495074, 43.159542 ] ] ] ] } },
{ "type": "Feature", "properties": { "codgeo": "11260", "libgeo": "Mouthoumet", "dept": "11" }, "geometry": { "type": "MultiPolygon", "coordinates": [ [ [ [ 2.55823, 42.979625 ], [ 2.559741, 42.974851 ], [ 2.548956, 42.956099 ], [ 2.527267, 42.939216 ], [ 2.503327, 42.950489 ], [ 2.51018, 42.961724 ], [ 2.514414, 42.972858 ], [ 2.534691, 42.986911 ], [ 2.55823, 42.979625 ] ] ] ] } },
{ "type": "Feature", "properties": { "codgeo": "11263", "libgeo": "Nébias", "dept": "11" }, "geometry": { "type": "MultiPolygon", "coordinates": [ [ [ [ 2.117166, 42.912768 ], [ 2.125612, 42.910891 ], [ 2.132619, 42.905386 ], [ 2.129078, 42.885432 ], [ 2.130387, 42.873978 ], [ 2.12874, 42.873751 ], [ 2.103082, 42.879612 ], [ 2.099876, 42.879809 ], [ 2.096497, 42.879444 ], [ 2.091716, 42.876962 ], [ 2.090502, 42.874028 ], [ 2.091743, 42.872525 ], [ 2.083775, 42.876397 ], [ 2.080371, 42.879663 ], [ 2.078665, 42.880171 ], [ 2.073642, 42.880922 ], [ 2.06483, 42.879328 ], [ 2.065249, 42.88126 ], [ 2.062557, 42.882466 ], [ 2.060899, 42.884223 ], [ 2.06348, 42.886407 ], [ 2.071398, 42.890725 ], [ 2.078306, 42.891071 ], [ 2.089331, 42.88924 ], [ 2.092445, 42.894341 ], [ 2.09473, 42.900963 ], [ 2.097806, 42.905169 ], [ 2.104997, 42.904844 ], [ 2.114183, 42.905492 ], [ 2.117366, 42.911616 ], [ 2.117166, 42.912768 ] ] ] ] } },
{ "type": "Feature", "properties": { "codgeo": "11265", "libgeo": "Niort-de-Sault", "dept": "11" }, "geometry": { "type": "MultiPolygon", "coordinates": [ [ [ [ 2.008042, 42.811542 ], [ 2.024686, 42.810761 ], [ 2.028081, 42.809018 ], [ 2.023671, 42.807679 ], [ 2.020098, 42.800494 ], [ 2.018627, 42.794947 ], [ 2.02337, 42.769914 ], [ 2.024156, 42.769548 ], [ 2.020498, 42.765878 ], [ 2.017455, 42.760053 ], [ 2.019993, 42.739905 ], [ 2.014265, 42.738922 ], [ 2.007721, 42.734024 ], [ 2.003696, 42.733456 ], [ 2.005756, 42.741906 ], [ 2.005228, 42.753752 ], [ 2.003794, 42.757589 ], [ 1.992676, 42.766615 ], [ 1.988119, 42.773876 ], [ 1.986647, 42.784246 ], [ 1.990031, 42.789922 ], [ 1.988638, 42.796913 ], [ 1.986891, 42.797604 ], [ 1.983803, 42.797499 ], [ 1.980631, 42.796626 ], [ 1.94929, 42.78563 ], [ 1.946815, 42.792213 ], [ 1.949078, 42.79914 ], [ 1.966887, 42.802743 ], [ 1.979993, 42.810591 ], [ 1.993191, 42.810053 ], [ 2.008042, 42.811542 ] ] ] ] } },
{ "type": "Feature", "properties": { "codgeo": "11270", "libgeo": "Padern", "dept": "11" }, "geometry": { "type": "MultiPolygon", "coordinates": [ [ [ [ 2.665128, 42.83664 ], [ 2.649554, 42.840012 ], [ 2.617768, 42.856322 ], [ 2.61873, 42.874045 ], [ 2.614733, 42.875529 ], [ 2.610226, 42.87848 ], [ 2.608177, 42.881536 ], [ 2.6088, 42.884014 ], [ 2.618817, 42.886745 ], [ 2.628125, 42.893951 ], [ 2.652506, 42.898032 ], [ 2.663081, 42.895117 ], [ 2.675753, 42.893032 ], [ 2.683528, 42.886143 ], [ 2.682832, 42.882229 ], [ 2.680981, 42.878956 ], [ 2.68677, 42.872419 ], [ 2.690416, 42.863964 ], [ 2.689388, 42.861602 ], [ 2.685784, 42.858147 ], [ 2.67966, 42.85418 ], [ 2.665128, 42.83664 ] ] ] ] } },
{ "type": "Feature", "properties": { "codgeo": "11271", "libgeo": "Palairac", "dept": "11" }, "geometry": { "type": "MultiPolygon", "coordinates": [ [ [ [ 2.626477, 42.948139 ], [ 2.632464, 42.957087 ], [ 2.642259, 42.979832 ], [ 2.641904, 42.982258 ], [ 2.656517, 42.985189 ], [ 2.666303, 42.982599 ], [ 2.675581, 42.96818 ], [ 2.677764, 42.966627 ], [ 2.681148, 42.965621 ], [ 2.683455, 42.949906 ], [ 2.688372, 42.94359 ], [ 2.686042, 42.943567 ], [ 2.683537, 42.942326 ], [ 2.669644, 42.931548 ], [ 2.663893, 42.932922 ], [ 2.626477, 42.948139 ] ] ] ] } },
{ "type": "Feature", "properties": { "codgeo": "11274", "libgeo": "Pauligne", "dept": "11" }, "geometry": { "type": "MultiPolygon", "coordinates": [ [ [ [ 2.152792, 43.065502 ], [ 2.14216, 43.060352 ], [ 2.138263, 43.0602 ], [ 2.129649, 43.06432 ], [ 2.128047, 43.06572 ], [ 2.126988, 43.068814 ], [ 2.125227, 43.069711 ], [ 2.130868, 43.077732 ], [ 2.135967, 43.077888 ], [ 2.140272, 43.076498 ], [ 2.151202, 43.077001 ], [ 2.144601, 43.081453 ], [ 2.138114, 43.08433 ], [ 2.138244, 43.086105 ], [ 2.142986, 43.090857 ], [ 2.146714, 43.091699 ], [ 2.145747, 43.09282 ], [ 2.154102, 43.088699 ], [ 2.158636, 43.085014 ], [ 2.157396, 43.081074 ], [ 2.159557, 43.07836 ], [ 2.164674, 43.075705 ], [ 2.168848, 43.07075 ], [ 2.162196, 43.067899 ], [ 2.152792, 43.065502 ] ] ] ] } },
{ "type": "Feature", "properties": { "codgeo": "11276", "libgeo": "Paziols", "dept": "11" }, "geometry": { "type": "MultiPolygon", "coordinates": [ [ [ [ 2.754281, 42.851741 ], [ 2.744188, 42.840221 ], [ 2.735775, 42.835671 ], [ 2.727469, 42.834425 ], [ 2.714851, 42.834435 ], [ 2.706781, 42.833256 ], [ 2.695746, 42.830456 ], [ 2.68088, 42.830663 ], [ 2.665128, 42.83664 ], [ 2.67966, 42.85418 ], [ 2.685784, 42.858147 ], [ 2.689388, 42.861602 ], [ 2.690416, 42.863964 ], [ 2.68677, 42.872419 ], [ 2.680981, 42.878956 ], [ 2.699735, 42.87417 ], [ 2.714535, 42.872188 ], [ 2.724255, 42.871928 ], [ 2.743582, 42.879914 ], [ 2.758678, 42.876621 ], [ 2.761774, 42.87336 ], [ 2.754281, 42.851741 ] ] ] ] } },
{ "type": "Feature", "properties": { "codgeo": "11282", "libgeo": "Peyrefitte-du-Razès", "dept": "11" }, "geometry": { "type": "MultiPolygon", "coordinates": [ [ [ [ 2.004048, 43.056417 ], [ 2.006018, 43.060084 ], [ 2.005793, 43.063277 ], [ 2.00948, 43.067831 ], [ 2.018304, 43.071225 ], [ 2.030468, 43.074437 ], [ 2.035324, 43.075165 ], [ 2.037765, 43.074276 ], [ 2.041084, 43.065242 ], [ 2.044528, 43.064613 ], [ 2.041923, 43.059541 ], [ 2.028485, 43.05171 ], [ 2.024814, 43.047071 ], [ 2.026962, 43.041311 ], [ 2.012552, 43.043426 ], [ 2.008973, 43.04497 ], [ 2.004048, 43.056417 ] ] ] ] } },
{ "type": "Feature", "properties": { "codgeo": "11287", "libgeo": "Peyrolles", "dept": "11" }, "geometry": { "type": "MultiPolygon", "coordinates": [ [ [ [ 2.357096, 42.937702 ], [ 2.350881, 42.938922 ], [ 2.345043, 42.938299 ], [ 2.344059, 42.947541 ], [ 2.331204, 42.953722 ], [ 2.326774, 42.955268 ], [ 2.314285, 42.953107 ], [ 2.311778, 42.952109 ], [ 2.305412, 42.955607 ], [ 2.293785, 42.956785 ], [ 2.293751, 42.960106 ], [ 2.325138, 42.973227 ], [ 2.329706, 42.977747 ], [ 2.338072, 42.979849 ], [ 2.362028, 42.982717 ], [ 2.378236, 42.972838 ], [ 2.379114, 42.969888 ], [ 2.362504, 42.965391 ], [ 2.356147, 42.959348 ], [ 2.354694, 42.943392 ], [ 2.357096, 42.937702 ] ] ] ] } },
{ "type": "Feature", "properties": { "codgeo": "11289", "libgeo": "Pieusse", "dept": "11" }, "geometry": { "type": "MultiPolygon", "coordinates": [ [ [ [ 2.27776, 43.088846 ], [ 2.280309, 43.084569 ], [ 2.283481, 43.08198 ], [ 2.284373, 43.079709 ], [ 2.278524, 43.060007 ], [ 2.259083, 43.071369 ], [ 2.24654, 43.071725 ], [ 2.231282, 43.074128 ], [ 2.227849, 43.075297 ], [ 2.227997, 43.080306 ], [ 2.224914, 43.079554 ], [ 2.219874, 43.08086 ], [ 2.226552, 43.089824 ], [ 2.22557, 43.093176 ], [ 2.238299, 43.097597 ], [ 2.249302, 43.0978 ], [ 2.258717, 43.102395 ], [ 2.275127, 43.08909 ], [ 2.27776, 43.088846 ] ] ] ] } },
{ "type": "Feature", "properties": { "codgeo": "11293", "libgeo": "Pomas", "dept": "11" }, "geometry": { "type": "MultiPolygon", "coordinates": [ [ [ [ 2.26089, 43.118586 ], [ 2.275678, 43.115884 ], [ 2.280523, 43.115961 ], [ 2.290048, 43.117662 ], [ 2.301599, 43.12094 ], [ 2.303144, 43.122231 ], [ 2.307541, 43.120846 ], [ 2.309051, 43.12111 ], [ 2.311766, 43.115752 ], [ 2.304934, 43.105902 ], [ 2.295927, 43.097861 ], [ 2.288804, 43.092927 ], [ 2.27776, 43.088846 ], [ 2.275127, 43.08909 ], [ 2.258717, 43.102395 ], [ 2.259653, 43.102919 ], [ 2.253934, 43.113162 ], [ 2.25209, 43.120861 ], [ 2.258646, 43.11778 ], [ 2.26089, 43.118586 ] ] ] ] } },
{ "type": "Feature", "properties": { "codgeo": "11294", "libgeo": "Pomy", "dept": "11" }, "geometry": { "type": "MultiPolygon", "coordinates": [ [ [ [ 2.033011, 43.054283 ], [ 2.041923, 43.059541 ], [ 2.044528, 43.064613 ], [ 2.046855, 43.064934 ], [ 2.051905, 43.068629 ], [ 2.064577, 43.072022 ], [ 2.072622, 43.075205 ], [ 2.07722, 43.067015 ], [ 2.07569, 43.060174 ], [ 2.073448, 43.055146 ], [ 2.068021, 43.047682 ], [ 2.064142, 43.044312 ], [ 2.059207, 43.050957 ], [ 2.033011, 43.054283 ] ] ] ] } },
{ "type": "Feature", "properties": { "codgeo": "11302", "libgeo": "Puilaurens", "dept": "11" }, "geometry": { "type": "MultiPolygon", "coordinates": [ [ [ [ 2.285451, 42.843072 ], [ 2.285277, 42.841139 ], [ 2.288221, 42.84049 ], [ 2.305148, 42.841115 ], [ 2.313447, 42.840138 ], [ 2.318818, 42.839003 ], [ 2.325156, 42.83539 ], [ 2.323683, 42.833942 ], [ 2.32239, 42.823718 ], [ 2.329293, 42.82305 ], [ 2.332333, 42.819979 ], [ 2.333774, 42.812374 ], [ 2.333441, 42.801916 ], [ 2.344028, 42.801328 ], [ 2.343077, 42.793411 ], [ 2.344411, 42.780704 ], [ 2.342456, 42.780269 ], [ 2.336884, 42.781739 ], [ 2.328037, 42.781912 ], [ 2.317501, 42.789495 ], [ 2.30256, 42.791492 ], [ 2.291736, 42.790477 ], [ 2.282343, 42.788446 ], [ 2.261009, 42.789102 ], [ 2.263156, 42.798494 ], [ 2.268499, 42.808765 ], [ 2.267783, 42.811717 ], [ 2.265262, 42.814381 ], [ 2.268481, 42.816283 ], [ 2.268982, 42.81795 ], [ 2.265876, 42.830725 ], [ 2.259977, 42.83474 ], [ 2.253225, 42.836201 ], [ 2.249551, 42.840558 ], [ 2.244047, 42.840265 ], [ 2.243948, 42.842164 ], [ 2.285451, 42.843072 ] ] ] ] } },
{ "type": "Feature", "properties": { "codgeo": "11303", "libgeo": "Puivert", "dept": "11" }, "geometry": { "type": "MultiPolygon", "coordinates": [ [ [ [ 2.033668, 42.871097 ], [ 2.013427, 42.882095 ], [ 2.011044, 42.88561 ], [ 2.012539, 42.899677 ], [ 2.020564, 42.910562 ], [ 2.025646, 42.915432 ], [ 2.030167, 42.92366 ], [ 2.03171, 42.931984 ], [ 2.028316, 42.936066 ], [ 2.028555, 42.937579 ], [ 2.039942, 42.938214 ], [ 2.057218, 42.938036 ], [ 2.072659, 42.942471 ], [ 2.081085, 42.946015 ], [ 2.08292, 42.942871 ], [ 2.077238, 42.939299 ], [ 2.075942, 42.933306 ], [ 2.089737, 42.932832 ], [ 2.105211, 42.930915 ], [ 2.106907, 42.928807 ], [ 2.113313, 42.925136 ], [ 2.116382, 42.924855 ], [ 2.114162, 42.920583 ], [ 2.1148, 42.916127 ], [ 2.117201, 42.914882 ], [ 2.117366, 42.911616 ], [ 2.114183, 42.905492 ], [ 2.104997, 42.904844 ], [ 2.097806, 42.905169 ], [ 2.09473, 42.900963 ], [ 2.092445, 42.894341 ], [ 2.089331, 42.88924 ], [ 2.078306, 42.891071 ], [ 2.071398, 42.890725 ], [ 2.060899, 42.884223 ], [ 2.062557, 42.882466 ], [ 2.065249, 42.88126 ], [ 2.06483, 42.879328 ], [ 2.059938, 42.880798 ], [ 2.048738, 42.873745 ], [ 2.037355, 42.872577 ], [ 2.033668, 42.871097 ] ] ] ] } },
{ "type": "Feature", "properties": { "codgeo": "11304", "libgeo": "Quillan", "dept": "11" }, "geometry": { "type": "MultiPolygon", "coordinates": [ [ [ [ 2.203967, 42.906939 ], [ 2.202464, 42.902703 ], [ 2.209119, 42.889703 ], [ 2.216617, 42.879802 ], [ 2.229247, 42.877462 ], [ 2.230474, 42.86909 ], [ 2.227272, 42.859282 ], [ 2.229537, 42.854497 ], [ 2.230923, 42.853845 ], [ 2.228018, 42.852634 ], [ 2.223754, 42.853992 ], [ 2.217994, 42.857813 ], [ 2.200173, 42.862194 ], [ 2.191677, 42.862232 ], [ 2.185722, 42.860986 ], [ 2.178927, 42.853917 ], [ 2.175011, 42.84602 ], [ 2.17449, 42.843777 ], [ 2.175387, 42.843403 ], [ 2.162809, 42.844773 ], [ 2.158072, 42.846885 ], [ 2.153228, 42.850299 ], [ 2.162882, 42.851338 ], [ 2.165989, 42.85244 ], [ 2.168998, 42.854915 ], [ 2.175256, 42.864751 ], [ 2.175813, 42.867423 ], [ 2.174703, 42.872297 ], [ 2.170338, 42.875662 ], [ 2.157619, 42.876462 ], [ 2.144687, 42.872969 ], [ 2.132695, 42.867465 ], [ 2.134003, 42.873896 ], [ 2.130387, 42.873978 ], [ 2.129078, 42.885432 ], [ 2.132619, 42.905386 ], [ 2.125612, 42.910891 ], [ 2.117166, 42.912768 ], [ 2.117201, 42.914882 ], [ 2.115688, 42.915813 ], [ 2.119451, 42.921213 ], [ 2.121708, 42.922296 ], [ 2.130346, 42.923031 ], [ 2.139168, 42.92012 ], [ 2.154565, 42.913347 ], [ 2.161857, 42.906244 ], [ 2.172059, 42.899038 ], [ 2.180751, 42.896469 ], [ 2.184397, 42.89813 ], [ 2.186043, 42.898151 ], [ 2.187784, 42.900942 ], [ 2.203967, 42.906939 ] ] ] ] } },
{ "type": "Feature", "properties": { "codgeo": "11305", "libgeo": "Quintillan", "dept": "11" }, "geometry": { "type": "MultiPolygon", "coordinates": [ [ [ [ 2.725478, 42.957787 ], [ 2.727105, 42.95087 ], [ 2.715561, 42.935765 ], [ 2.709293, 42.933216 ], [ 2.697136, 42.936792 ], [ 2.689336, 42.94193 ], [ 2.683455, 42.949906 ], [ 2.681148, 42.965621 ], [ 2.677764, 42.966627 ], [ 2.675581, 42.96818 ], [ 2.666485, 42.982419 ], [ 2.684588, 42.975247 ], [ 2.69089, 42.97361 ], [ 2.701918, 42.982214 ], [ 2.710271, 42.985563 ], [ 2.715923, 42.98558 ], [ 2.71835, 42.976229 ], [ 2.726756, 42.966065 ], [ 2.725478, 42.957787 ] ] ] ] } },
{ "type": "Feature", "properties": { "codgeo": "11306", "libgeo": "Quirbajou", "dept": "11" }, "geometry": { "type": "MultiPolygon", "coordinates": [ [ [ [ 2.116738, 42.84123 ], [ 2.142687, 42.855544 ], [ 2.162809, 42.844773 ], [ 2.175387, 42.843403 ], [ 2.188231, 42.843779 ], [ 2.204385, 42.836824 ], [ 2.209802, 42.829621 ], [ 2.215401, 42.824465 ], [ 2.216966, 42.820767 ], [ 2.205016, 42.820287 ], [ 2.197972, 42.820645 ], [ 2.192779, 42.821907 ], [ 2.185136, 42.8218 ], [ 2.156115, 42.829571 ], [ 2.144218, 42.834742 ], [ 2.116738, 42.84123 ] ] ] ] } },
{ "type": "Feature", "properties": { "codgeo": "11309", "libgeo": "Rennes-le-Château", "dept": "11" }, "geometry": { "type": "MultiPolygon", "coordinates": [ [ [ [ 2.305491, 42.912818 ], [ 2.310299, 42.910938 ], [ 2.31512, 42.904281 ], [ 2.313259, 42.900614 ], [ 2.281731, 42.896831 ], [ 2.272551, 42.89706 ], [ 2.265843, 42.89851 ], [ 2.260169, 42.900711 ], [ 2.254492, 42.905866 ], [ 2.247705, 42.914011 ], [ 2.245148, 42.914626 ], [ 2.241563, 42.929026 ], [ 2.242292, 42.932635 ], [ 2.258866, 42.933813 ], [ 2.268674, 42.93268 ], [ 2.282568, 42.926619 ], [ 2.296106, 42.913635 ], [ 2.302387, 42.91146 ], [ 2.305491, 42.912818 ] ] ] ] } },
{ "type": "Feature", "properties": { "codgeo": "11310", "libgeo": "Rennes-les-Bains", "dept": "11" }, "geometry": { "type": "MultiPolygon", "coordinates": [ [ [ [ 2.298218, 42.938816 ], [ 2.315011, 42.941142 ], [ 2.324082, 42.938178 ], [ 2.330189, 42.934789 ], [ 2.333532, 42.9341 ], [ 2.34311, 42.936323 ], [ 2.345043, 42.938299 ], [ 2.350881, 42.938922 ], [ 2.374499, 42.934413 ], [ 2.385559, 42.933946 ], [ 2.391284, 42.932616 ], [ 2.395466, 42.929525 ], [ 2.395015, 42.923718 ], [ 2.389916, 42.92079 ], [ 2.388594, 42.91752 ], [ 2.374445, 42.918003 ], [ 2.363872, 42.919589 ], [ 2.354243, 42.917512 ], [ 2.349991, 42.909907 ], [ 2.339268, 42.906111 ], [ 2.316241, 42.904856 ], [ 2.31512, 42.904281 ], [ 2.310299, 42.910938 ], [ 2.305491, 42.912818 ], [ 2.305364, 42.921277 ], [ 2.302551, 42.924929 ], [ 2.303282, 42.928258 ], [ 2.305397, 42.930173 ], [ 2.298218, 42.938816 ] ] ] ] } },
{ "type": "Feature", "properties": { "codgeo": "11311", "libgeo": "Ribaute", "dept": "11" }, "geometry": { "type": "MultiPolygon", "coordinates": [ [ [ [ 2.638204, 43.088861 ], [ 2.633859, 43.090738 ], [ 2.625746, 43.096337 ], [ 2.620646, 43.101222 ], [ 2.616799, 43.10696 ], [ 2.617478, 43.117474 ], [ 2.641569, 43.122044 ], [ 2.666944, 43.111933 ], [ 2.670416, 43.106726 ], [ 2.655526, 43.100945 ], [ 2.645751, 43.093868 ], [ 2.63801, 43.089574 ], [ 2.638204, 43.088861 ] ] ] ] } },
{ "type": "Feature", "properties": { "codgeo": "11314", "libgeo": "Rieux-en-Val", "dept": "11" }, "geometry": { "type": "MultiPolygon", "coordinates": [ [ [ [ 2.518992, 43.080455 ], [ 2.520652, 43.08216 ], [ 2.535662, 43.088215 ], [ 2.543183, 43.097248 ], [ 2.555437, 43.08912 ], [ 2.569773, 43.081803 ], [ 2.567743, 43.079778 ], [ 2.54789, 43.073386 ], [ 2.542207, 43.063767 ], [ 2.523413, 43.065751 ], [ 2.518992, 43.080455 ] ] ] ] } },
{ "type": "Feature", "properties": { "codgeo": "11316", "libgeo": "Rivel", "dept": "11" }, "geometry": { "type": "MultiPolygon", "coordinates": [ [ [ [ 1.988395, 42.953659 ], [ 1.996417, 42.953537 ], [ 2.00147, 42.956641 ], [ 2.001735, 42.95849 ], [ 2.005164, 42.961599 ], [ 2.009171, 42.957237 ], [ 2.012932, 42.955611 ], [ 2.014936, 42.955979 ], [ 2.019411, 42.951868 ], [ 2.022521, 42.94474 ], [ 2.026597, 42.938453 ], [ 2.028555, 42.937579 ], [ 2.028316, 42.936066 ], [ 2.03171, 42.931984 ], [ 2.030167, 42.92366 ], [ 2.025646, 42.915432 ], [ 2.020564, 42.910562 ], [ 2.012539, 42.899677 ], [ 2.011044, 42.88561 ], [ 2.013427, 42.882095 ], [ 2.006649, 42.881836 ], [ 1.990135, 42.876866 ], [ 1.981925, 42.877198 ], [ 1.981001, 42.87864 ], [ 1.982986, 42.88827 ], [ 1.987548, 42.898458 ], [ 1.992055, 42.905173 ], [ 1.990292, 42.910181 ], [ 1.989299, 42.910223 ], [ 1.987211, 42.918692 ], [ 1.982963, 42.919824 ], [ 1.981369, 42.922845 ], [ 1.980686, 42.929849 ], [ 1.982491, 42.938272 ], [ 1.988395, 42.953659 ] ] ] ] } },
{ "type": "Feature", "properties": { "codgeo": "11317", "libgeo": "Rodome", "dept": "11" }, "geometry": { "type": "MultiPolygon", "coordinates": [ [ [ [ 2.048263, 42.789107 ], [ 2.052077, 42.788403 ], [ 2.061535, 42.808389 ], [ 2.061489, 42.809928 ], [ 2.054121, 42.816009 ], [ 2.052848, 42.818434 ], [ 2.054569, 42.818471 ], [ 2.064096, 42.825734 ], [ 2.06705, 42.823739 ], [ 2.069571, 42.819477 ], [ 2.075165, 42.815225 ], [ 2.087872, 42.811074 ], [ 2.085786, 42.801519 ], [ 2.088038, 42.798138 ], [ 2.087014, 42.794864 ], [ 2.083625, 42.787456 ], [ 2.075018, 42.778143 ], [ 2.067464, 42.776834 ], [ 2.059822, 42.770402 ], [ 2.052807, 42.772557 ], [ 2.045003, 42.773837 ], [ 2.04816, 42.784308 ], [ 2.048263, 42.789107 ] ] ] ] } },
{ "type": "Feature", "properties": { "codgeo": "11320", "libgeo": "Roquefeuil", "dept": "11" }, "geometry": { "type": "MultiPolygon", "coordinates": [ [ [ [ 2.013427, 42.882095 ], [ 2.01578, 42.875095 ], [ 2.016611, 42.868487 ], [ 2.010004, 42.856442 ], [ 2.010555, 42.852695 ], [ 2.013576, 42.848908 ], [ 2.017493, 42.847144 ], [ 2.018474, 42.8423 ], [ 2.018418, 42.834317 ], [ 2.016606, 42.829185 ], [ 2.010944, 42.820085 ], [ 2.008042, 42.811542 ], [ 1.993191, 42.810053 ], [ 1.979993, 42.810591 ], [ 1.978757, 42.816769 ], [ 1.980455, 42.822126 ], [ 1.984203, 42.827678 ], [ 1.984513, 42.832173 ], [ 1.98246, 42.837858 ], [ 1.977164, 42.845591 ], [ 1.971704, 42.848231 ], [ 1.963506, 42.858942 ], [ 1.960178, 42.861285 ], [ 1.986886, 42.870928 ], [ 1.981925, 42.877198 ], [ 1.990135, 42.876866 ], [ 2.006649, 42.881836 ], [ 2.013427, 42.882095 ] ] ] ] } },
{ "type": "Feature", "properties": { "codgeo": "11321", "libgeo": "Roquefort-de-Sault", "dept": "11" }, "geometry": { "type": "MultiPolygon", "coordinates": [ [ [ [ 2.213509, 42.701124 ], [ 2.211405, 42.700593 ], [ 2.186639, 42.711929 ], [ 2.183589, 42.713675 ], [ 2.179212, 42.718806 ], [ 2.176604, 42.727436 ], [ 2.177583, 42.741196 ], [ 2.179805, 42.745961 ], [ 2.185636, 42.751923 ], [ 2.186366, 42.760677 ], [ 2.181803, 42.774353 ], [ 2.203161, 42.771327 ], [ 2.212137, 42.772086 ], [ 2.211015, 42.771249 ], [ 2.218375, 42.760407 ], [ 2.219403, 42.747384 ], [ 2.223981, 42.742399 ], [ 2.21762, 42.730989 ], [ 2.214501, 42.717907 ], [ 2.21549, 42.703504 ], [ 2.213509, 42.701124 ] ] ] ] } },
{ "type": "Feature", "properties": { "codgeo": "11323", "libgeo": "Roquetaillade-et-Conilhac", "dept": "11" }, "geometry": { "type": "MultiPolygon", "coordinates": [ [ [ [ 2.184611, 42.985117 ], [ 2.184457, 42.992616 ], [ 2.18184, 42.99631 ], [ 2.177493, 43.007777 ], [ 2.189161, 43.01085 ], [ 2.191319, 43.012359 ], [ 2.208368, 43.008924 ], [ 2.217815, 43.011199 ], [ 2.22594, 43.011712 ], [ 2.234171, 43.010466 ], [ 2.235426, 43.011169 ], [ 2.23675, 43.009278 ], [ 2.237244, 43.005378 ], [ 2.235817, 43.000673 ], [ 2.225268, 42.985722 ], [ 2.228785, 42.982877 ], [ 2.229143, 42.981225 ], [ 2.224043, 42.979148 ], [ 2.219474, 42.97515 ], [ 2.213395, 42.971414 ], [ 2.208045, 42.969982 ], [ 2.193783, 42.9706 ], [ 2.18729, 42.977431 ], [ 2.186163, 42.984002 ], [ 2.184611, 42.985117 ] ] ] ] } },
{ "type": "Feature", "properties": { "codgeo": "11326", "libgeo": "Rouffiac-des-Corbières", "dept": "11" }, "geometry": { "type": "MultiPolygon", "coordinates": [ [ [ [ 2.528936, 42.904155 ], [ 2.533036, 42.902351 ], [ 2.537932, 42.901533 ], [ 2.549746, 42.901241 ], [ 2.567947, 42.90935 ], [ 2.582715, 42.911123 ], [ 2.59368, 42.898136 ], [ 2.580615, 42.891052 ], [ 2.572575, 42.88445 ], [ 2.565916, 42.871683 ], [ 2.553429, 42.869913 ], [ 2.532787, 42.865048 ], [ 2.526042, 42.878335 ], [ 2.525379, 42.881301 ], [ 2.527019, 42.891376 ], [ 2.528428, 42.893503 ], [ 2.528936, 42.904155 ] ] ] ] } },
{ "type": "Feature", "properties": { "codgeo": "11333", "libgeo": "Saint-Benoît", "dept": "11" }, "geometry": { "type": "MultiPolygon", "coordinates": [ [ [ [ 2.02411, 43.023034 ], [ 2.041666, 43.033193 ], [ 2.048577, 43.035114 ], [ 2.053344, 43.035671 ], [ 2.075133, 43.034104 ], [ 2.078777, 43.03054 ], [ 2.082105, 43.020507 ], [ 2.099879, 43.008118 ], [ 2.097981, 43.008428 ], [ 2.089104, 43.003143 ], [ 2.088337, 42.994425 ], [ 2.091891, 42.984755 ], [ 2.090166, 42.982731 ], [ 2.08607, 42.973477 ], [ 2.081281, 42.973795 ], [ 2.080417, 42.97326 ], [ 2.08065, 42.971732 ], [ 2.071054, 42.979449 ], [ 2.06551, 42.986799 ], [ 2.066993, 42.997084 ], [ 2.065331, 42.999921 ], [ 2.058026, 43.000956 ], [ 2.056474, 43.000531 ], [ 2.054249, 42.998127 ], [ 2.054059, 42.998744 ], [ 2.046229, 43.001474 ], [ 2.044047, 43.001232 ], [ 2.03942, 43.002356 ], [ 2.029787, 43.009455 ], [ 2.026625, 43.015276 ], [ 2.02411, 43.023034 ] ] ] ] } },
{ "type": "Feature", "properties": { "codgeo": "11335", "libgeo": "Sainte-Colombe-sur-Guette", "dept": "11" }, "geometry": { "type": "MultiPolygon", "coordinates": [ [ [ [ 2.223981, 42.742399 ], [ 2.219403, 42.747384 ], [ 2.218375, 42.760407 ], [ 2.211015, 42.771249 ], [ 2.212137, 42.772086 ], [ 2.213748, 42.772074 ], [ 2.217311, 42.776727 ], [ 2.228057, 42.774709 ], [ 2.230498, 42.778995 ], [ 2.243484, 42.771648 ], [ 2.256999, 42.77029 ], [ 2.26904, 42.772533 ], [ 2.277486, 42.77277 ], [ 2.283244, 42.770532 ], [ 2.282339, 42.766824 ], [ 2.279948, 42.766672 ], [ 2.274762, 42.764412 ], [ 2.270345, 42.761265 ], [ 2.271825, 42.755422 ], [ 2.276756, 42.749524 ], [ 2.283258, 42.749305 ], [ 2.264659, 42.739184 ], [ 2.265065, 42.733868 ], [ 2.269257, 42.728567 ], [ 2.270479, 42.724499 ], [ 2.268373, 42.716078 ], [ 2.264714, 42.709255 ], [ 2.26063, 42.71987 ], [ 2.253848, 42.729466 ], [ 2.242123, 42.735483 ], [ 2.223981, 42.742399 ] ] ] ] } },
{ "type": "Feature", "properties": { "codgeo": "11336", "libgeo": "Sainte-Colombe-sur-l'Hers", "dept": "11" }, "geometry": { "type": "MultiPolygon", "coordinates": [ [ [ [ 1.933859, 42.9393 ], [ 1.936671, 42.95393 ], [ 1.940264, 42.954754 ], [ 1.952373, 42.955061 ], [ 1.95177, 42.958951 ], [ 1.965876, 42.960738 ], [ 1.980491, 42.96012 ], [ 1.988395, 42.953659 ], [ 1.982491, 42.938272 ], [ 1.980686, 42.929849 ], [ 1.933859, 42.9393 ] ] ] ] } },
{ "type": "Feature", "properties": { "codgeo": "11338", "libgeo": "Saint-Couat-du-Razès", "dept": "11" }, "geometry": { "type": "MultiPolygon", "coordinates": [ [ [ [ 2.130251, 43.003995 ], [ 2.133096, 43.001598 ], [ 2.113938, 42.987396 ], [ 2.109074, 42.98618 ], [ 2.091891, 42.984755 ], [ 2.088337, 42.994425 ], [ 2.089104, 43.003143 ], [ 2.097981, 43.008428 ], [ 2.103695, 43.005962 ], [ 2.109398, 43.007398 ], [ 2.114547, 43.007341 ], [ 2.130251, 43.003995 ] ] ] ] } },
{ "type": "Feature", "properties": { "codgeo": "11341", "libgeo": "Saint-Ferriol", "dept": "11" }, "geometry": { "type": "MultiPolygon", "coordinates": [ [ [ [ 2.238433, 42.909082 ], [ 2.240627, 42.903176 ], [ 2.23829, 42.897995 ], [ 2.236109, 42.896701 ], [ 2.239736, 42.890591 ], [ 2.247511, 42.881219 ], [ 2.229247, 42.877462 ], [ 2.216617, 42.879802 ], [ 2.209119, 42.889703 ], [ 2.202464, 42.902703 ], [ 2.203967, 42.906939 ], [ 2.221479, 42.909902 ], [ 2.225704, 42.915539 ], [ 2.229944, 42.91111 ], [ 2.238433, 42.909082 ] ] ] ] } },
{ "type": "Feature", "properties": { "codgeo": "11344", "libgeo": "Saint-Hilaire", "dept": "11" }, "geometry": { "type": "MultiPolygon", "coordinates": [ [ [ [ 2.280309, 43.084569 ], [ 2.27776, 43.088846 ], [ 2.288804, 43.092927 ], [ 2.295927, 43.097861 ], [ 2.304934, 43.105902 ], [ 2.311766, 43.115752 ], [ 2.315817, 43.112828 ], [ 2.334611, 43.10906 ], [ 2.336681, 43.097805 ], [ 2.339018, 43.094052 ], [ 2.351505, 43.085595 ], [ 2.353995, 43.080333 ], [ 2.366326, 43.077256 ], [ 2.367593, 43.075107 ], [ 2.366002, 43.071726 ], [ 2.367287, 43.068017 ], [ 2.371202, 43.064263 ], [ 2.37882, 43.060164 ], [ 2.396385, 43.054397 ], [ 2.394066, 43.051378 ], [ 2.391417, 43.04274 ], [ 2.38785, 43.036844 ], [ 2.388382, 43.036396 ], [ 2.386429, 43.035362 ], [ 2.371235, 43.036461 ], [ 2.363214, 43.038429 ], [ 2.365101, 43.039026 ], [ 2.373837, 43.038607 ], [ 2.373606, 43.042405 ], [ 2.359568, 43.053039 ], [ 2.36033, 43.054359 ], [ 2.359654, 43.061373 ], [ 2.343914, 43.069978 ], [ 2.332652, 43.072365 ], [ 2.320582, 43.073916 ], [ 2.317123, 43.075889 ], [ 2.317209, 43.080359 ], [ 2.314413, 43.081876 ], [ 2.308042, 43.08366 ], [ 2.30613, 43.083884 ], [ 2.298291, 43.081664 ], [ 2.280309, 43.084569 ] ] ] ] } },
{ "type": "Feature", "properties": { "codgeo": "11345", "libgeo": "Saint-Jean-de-Barrou", "dept": "11" }, "geometry": { "type": "MultiPolygon", "coordinates": [ [ [ [ 2.839564, 42.972504 ], [ 2.85605, 42.950058 ], [ 2.831479, 42.94959 ], [ 2.811885, 42.955069 ], [ 2.798694, 42.957066 ], [ 2.796296, 42.955451 ], [ 2.803108, 42.964649 ], [ 2.835544, 42.975165 ], [ 2.839564, 42.972504 ] ] ] ] } },
{ "type": "Feature", "properties": { "codgeo": "11346", "libgeo": "Saint-Jean-de-Paracol", "dept": "11" }, "geometry": { "type": "MultiPolygon", "coordinates": [ [ [ [ 2.127565, 42.948501 ], [ 2.134419, 42.945879 ], [ 2.131323, 42.93492 ], [ 2.121667, 42.927491 ], [ 2.116382, 42.924855 ], [ 2.113313, 42.925136 ], [ 2.106907, 42.928807 ], [ 2.105211, 42.930915 ], [ 2.089737, 42.932832 ], [ 2.075942, 42.933306 ], [ 2.077238, 42.939299 ], [ 2.08292, 42.942871 ], [ 2.107938, 42.945487 ], [ 2.117085, 42.9483 ], [ 2.127565, 42.948501 ] ] ] ] } },
{ "type": "Feature", "properties": { "codgeo": "11347", "libgeo": "Saint-Julia-de-Bec", "dept": "11" }, "geometry": { "type": "MultiPolygon", "coordinates": [ [ [ [ 2.235406, 42.851834 ], [ 2.229537, 42.854497 ], [ 2.227272, 42.859282 ], [ 2.230474, 42.86909 ], [ 2.229247, 42.877462 ], [ 2.247511, 42.881219 ], [ 2.249387, 42.879759 ], [ 2.253435, 42.878576 ], [ 2.261227, 42.87832 ], [ 2.264321, 42.873775 ], [ 2.264828, 42.869439 ], [ 2.266549, 42.866148 ], [ 2.275008, 42.86202 ], [ 2.287001, 42.860515 ], [ 2.285964, 42.856728 ], [ 2.285451, 42.843072 ], [ 2.243948, 42.842164 ], [ 2.244219, 42.845736 ], [ 2.235406, 42.851834 ] ] ] ] } },
{ "type": "Feature", "properties": { "codgeo": "11350", "libgeo": "Saint-Just-et-le-Bézu", "dept": "11" }, "geometry": { "type": "MultiPolygon", "coordinates": [ [ [ [ 2.261227, 42.87832 ], [ 2.271655, 42.889628 ], [ 2.275841, 42.891681 ], [ 2.272551, 42.89706 ], [ 2.281731, 42.896831 ], [ 2.298028, 42.898975 ], [ 2.30096, 42.890752 ], [ 2.300884, 42.888415 ], [ 2.30779, 42.879452 ], [ 2.316649, 42.873612 ], [ 2.326208, 42.865795 ], [ 2.32866, 42.862693 ], [ 2.318552, 42.862568 ], [ 2.299674, 42.866564 ], [ 2.29203, 42.862248 ], [ 2.291199, 42.860159 ], [ 2.275008, 42.86202 ], [ 2.266549, 42.866148 ], [ 2.264828, 42.869439 ], [ 2.264321, 42.873775 ], [ 2.261227, 42.87832 ] ] ] ] } },
{ "type": "Feature", "properties": { "codgeo": "11351", "libgeo": "Saint-Laurent-de-la-Cabrerisse", "dept": "11" }, "geometry": { "type": "MultiPolygon", "coordinates": [ [ [ [ 2.748906, 43.06878 ], [ 2.727014, 43.071287 ], [ 2.719192, 43.070729 ], [ 2.71946, 43.061279 ], [ 2.705151, 43.061635 ], [ 2.695873, 43.05924 ], [ 2.686568, 43.061966 ], [ 2.679125, 43.065432 ], [ 2.671121, 43.06692 ], [ 2.681034, 43.083275 ], [ 2.680128, 43.085704 ], [ 2.681261, 43.092158 ], [ 2.683879, 43.097937 ], [ 2.685861, 43.099233 ], [ 2.687635, 43.098734 ], [ 2.698268, 43.101268 ], [ 2.714098, 43.108375 ], [ 2.721677, 43.110862 ], [ 2.72195, 43.10448 ], [ 2.723393, 43.101457 ], [ 2.725021, 43.099278 ], [ 2.728447, 43.097095 ], [ 2.739975, 43.100671 ], [ 2.745538, 43.105376 ], [ 2.748366, 43.106542 ], [ 2.746587, 43.104919 ], [ 2.748883, 43.095575 ], [ 2.756052, 43.091112 ], [ 2.760147, 43.085901 ], [ 2.757333, 43.08004 ], [ 2.753017, 43.07817 ], [ 2.748906, 43.06878 ] ] ] ] } },
{ "type": "Feature", "properties": { "codgeo": "11352", "libgeo": "Saint-Louis-et-Parahou", "dept": "11" }, "geometry": { "type": "MultiPolygon", "coordinates": [ [ [ [ 2.370867, 42.84631 ], [ 2.334561, 42.83987 ], [ 2.327199, 42.837413 ], [ 2.325156, 42.83539 ], [ 2.318818, 42.839003 ], [ 2.313447, 42.840138 ], [ 2.305148, 42.841115 ], [ 2.288221, 42.84049 ], [ 2.285277, 42.841139 ], [ 2.285964, 42.856728 ], [ 2.287001, 42.860515 ], [ 2.291199, 42.860159 ], [ 2.29203, 42.862248 ], [ 2.299674, 42.866564 ], [ 2.318552, 42.862568 ], [ 2.34486, 42.86385 ], [ 2.353966, 42.861175 ], [ 2.368827, 42.851801 ], [ 2.370867, 42.84631 ] ] ] ] } },
{ "type": "Feature", "properties": { "codgeo": "11354", "libgeo": "Saint-Martin-des-Puits", "dept": "11" }, "geometry": { "type": "MultiPolygon", "coordinates": [ [ [ [ 2.598388, 43.02674 ], [ 2.586823, 43.030774 ], [ 2.566793, 43.022446 ], [ 2.553482, 43.034795 ], [ 2.565173, 43.049545 ], [ 2.584925, 43.047973 ], [ 2.591591, 43.043188 ], [ 2.600284, 43.031417 ], [ 2.598388, 43.02674 ] ] ] ] } },
{ "type": "Feature", "properties": { "codgeo": "11355", "libgeo": "Saint-Martin-de-Villereglan", "dept": "11" }, "geometry": { "type": "MultiPolygon", "coordinates": [ [ [ [ 2.219874, 43.08086 ], [ 2.218279, 43.081666 ], [ 2.211009, 43.078424 ], [ 2.203581, 43.092627 ], [ 2.188907, 43.097131 ], [ 2.194305, 43.101559 ], [ 2.194455, 43.103268 ], [ 2.192269, 43.105202 ], [ 2.193708, 43.109855 ], [ 2.195704, 43.111522 ], [ 2.198038, 43.111985 ], [ 2.213686, 43.128279 ], [ 2.225092, 43.124878 ], [ 2.227395, 43.118316 ], [ 2.219908, 43.109861 ], [ 2.2217, 43.098067 ], [ 2.223788, 43.093979 ], [ 2.22557, 43.093176 ], [ 2.226552, 43.089824 ], [ 2.219874, 43.08086 ] ] ] ] } },
{ "type": "Feature", "properties": { "codgeo": "11358", "libgeo": "Saint-Martin-Lys", "dept": "11" }, "geometry": { "type": "MultiPolygon", "coordinates": [ [ [ [ 2.204385, 42.836824 ], [ 2.217362, 42.837999 ], [ 2.240621, 42.833362 ], [ 2.246585, 42.833958 ], [ 2.251956, 42.835202 ], [ 2.253225, 42.836201 ], [ 2.259977, 42.83474 ], [ 2.265876, 42.830725 ], [ 2.268982, 42.81795 ], [ 2.268481, 42.816283 ], [ 2.265262, 42.814381 ], [ 2.263427, 42.816955 ], [ 2.256201, 42.816962 ], [ 2.252205, 42.813499 ], [ 2.247155, 42.811063 ], [ 2.228677, 42.810859 ], [ 2.222425, 42.819576 ], [ 2.216966, 42.820767 ], [ 2.215401, 42.824465 ], [ 2.209802, 42.829621 ], [ 2.204385, 42.836824 ] ] ] ] } },
{ "type": "Feature", "properties": { "codgeo": "11363", "libgeo": "Saint-Pierre-des-Champs", "dept": "11" }, "geometry": { "type": "MultiPolygon", "coordinates": [ [ [ [ 2.581474, 43.066213 ], [ 2.616767, 43.067663 ], [ 2.63096, 43.06303 ], [ 2.633411, 43.063023 ], [ 2.633097, 43.049522 ], [ 2.631823, 43.04012 ], [ 2.626209, 43.028754 ], [ 2.623906, 43.026729 ], [ 2.598388, 43.02674 ], [ 2.600284, 43.031417 ], [ 2.591591, 43.043188 ], [ 2.584925, 43.047973 ], [ 2.575531, 43.048309 ], [ 2.575011, 43.05582 ], [ 2.577502, 43.06275 ], [ 2.581474, 43.066213 ] ] ] ] } },
{ "type": "Feature", "properties": { "codgeo": "11364", "libgeo": "Saint-Polycarpe", "dept": "11" }, "geometry": { "type": "MultiPolygon", "coordinates": [ [ [ [ 2.309956, 43.017592 ], [ 2.30446, 43.019438 ], [ 2.296171, 43.025011 ], [ 2.288259, 43.026781 ], [ 2.279296, 43.027482 ], [ 2.273041, 43.025629 ], [ 2.270602, 43.026134 ], [ 2.265569, 43.029022 ], [ 2.265163, 43.034189 ], [ 2.271482, 43.045123 ], [ 2.27489, 43.055955 ], [ 2.276075, 43.057422 ], [ 2.281577, 43.056386 ], [ 2.285493, 43.053484 ], [ 2.307392, 43.045515 ], [ 2.313097, 43.044113 ], [ 2.317322, 43.044503 ], [ 2.320373, 43.042949 ], [ 2.318913, 43.041554 ], [ 2.31627, 43.034153 ], [ 2.319228, 43.022458 ], [ 2.322341, 43.01881 ], [ 2.327283, 43.015229 ], [ 2.339812, 43.014859 ], [ 2.344397, 43.014253 ], [ 2.349987, 43.012365 ], [ 2.352441, 43.010598 ], [ 2.353702, 43.006555 ], [ 2.340557, 43.005285 ], [ 2.333028, 43.005555 ], [ 2.332111, 43.00684 ], [ 2.31142, 43.015105 ], [ 2.309956, 43.017592 ] ] ] ] } },
{ "type": "Feature", "properties": { "codgeo": "11373", "libgeo": "Salvezines", "dept": "11" }, "geometry": { "type": "MultiPolygon", "coordinates": [ [ [ [ 2.261009, 42.789102 ], [ 2.282343, 42.788446 ], [ 2.291736, 42.790477 ], [ 2.30256, 42.791492 ], [ 2.317501, 42.789495 ], [ 2.328037, 42.781912 ], [ 2.330048, 42.775833 ], [ 2.329804, 42.773453 ], [ 2.327614, 42.770235 ], [ 2.324729, 42.768931 ], [ 2.315843, 42.769008 ], [ 2.308204, 42.765535 ], [ 2.309101, 42.76024 ], [ 2.306902, 42.757112 ], [ 2.299876, 42.756315 ], [ 2.283258, 42.749305 ], [ 2.276756, 42.749524 ], [ 2.271825, 42.755422 ], [ 2.270345, 42.761265 ], [ 2.274762, 42.764412 ], [ 2.279948, 42.766672 ], [ 2.282339, 42.766824 ], [ 2.283244, 42.770532 ], [ 2.277486, 42.77277 ], [ 2.26904, 42.772533 ], [ 2.256999, 42.77029 ], [ 2.243484, 42.771648 ], [ 2.230498, 42.778995 ], [ 2.236694, 42.78353 ], [ 2.245703, 42.787852 ], [ 2.25845, 42.787855 ], [ 2.260435, 42.78729 ], [ 2.261009, 42.789102 ] ] ] ] } },
{ "type": "Feature", "properties": { "codgeo": "11374", "libgeo": "Salza", "dept": "11" }, "geometry": { "type": "MultiPolygon", "coordinates": [ [ [ [ 2.514414, 42.972858 ], [ 2.481037, 42.975692 ], [ 2.478095, 42.979416 ], [ 2.50276, 43.002524 ], [ 2.534691, 42.986911 ], [ 2.514414, 42.972858 ] ] ] ] } },
{ "type": "Feature", "properties": { "codgeo": "11376", "libgeo": "La Serpent", "dept": "11" }, "geometry": { "type": "MultiPolygon", "coordinates": [ [ [ [ 2.184611, 42.985117 ], [ 2.186163, 42.984002 ], [ 2.18729, 42.977431 ], [ 2.193783, 42.9706 ], [ 2.192133, 42.96935 ], [ 2.197186, 42.963841 ], [ 2.194083, 42.95387 ], [ 2.18747, 42.952348 ], [ 2.171089, 42.946701 ], [ 2.168085, 42.945003 ], [ 2.16514, 42.946128 ], [ 2.154682, 42.955895 ], [ 2.155732, 42.959002 ], [ 2.152605, 42.972172 ], [ 2.157139, 42.9723 ], [ 2.184611, 42.985117 ] ] ] ] } },
{ "type": "Feature", "properties": { "codgeo": "11377", "libgeo": "Serres", "dept": "11" }, "geometry": { "type": "MultiPolygon", "coordinates": [ [ [ [ 2.311778, 42.952109 ], [ 2.314285, 42.953107 ], [ 2.326774, 42.955268 ], [ 2.331204, 42.953722 ], [ 2.344059, 42.947541 ], [ 2.345043, 42.938299 ], [ 2.34311, 42.936323 ], [ 2.333532, 42.9341 ], [ 2.330189, 42.934789 ], [ 2.324082, 42.938178 ], [ 2.315011, 42.941142 ], [ 2.311511, 42.948342 ], [ 2.311778, 42.952109 ] ] ] ] } },
{ "type": "Feature", "properties": { "codgeo": "11378", "libgeo": "Serviès-en-Val", "dept": "11" }, "geometry": { "type": "MultiPolygon", "coordinates": [ [ [ [ 2.543183, 43.097248 ], [ 2.535662, 43.088215 ], [ 2.520652, 43.08216 ], [ 2.518992, 43.080455 ], [ 2.512171, 43.082485 ], [ 2.503177, 43.083713 ], [ 2.501772, 43.086649 ], [ 2.50188, 43.088829 ], [ 2.511606, 43.097089 ], [ 2.532655, 43.110634 ], [ 2.540209, 43.108995 ], [ 2.543466, 43.107866 ], [ 2.545844, 43.106065 ], [ 2.550441, 43.098871 ], [ 2.546993, 43.099576 ], [ 2.543183, 43.097248 ] ] ] ] } },
{ "type": "Feature", "properties": { "codgeo": "11380", "libgeo": "Sonnac-sur-l'Hers", "dept": "11" }, "geometry": { "type": "MultiPolygon", "coordinates": [ [ [ [ 1.987126, 42.994561 ], [ 1.98523, 42.996755 ], [ 1.987604, 42.998893 ], [ 1.985137, 43.004594 ], [ 1.975614, 43.008046 ], [ 1.969532, 43.007954 ], [ 1.985578, 43.025124 ], [ 1.985899, 43.030289 ], [ 1.98732, 43.030033 ], [ 1.992287, 43.034354 ], [ 1.995997, 43.03593 ], [ 2.005637, 43.036212 ], [ 2.014812, 43.033642 ], [ 2.020871, 43.029669 ], [ 2.023543, 43.024757 ], [ 2.024957, 43.024645 ], [ 2.02411, 43.023034 ], [ 2.026625, 43.015276 ], [ 2.029787, 43.009455 ], [ 2.03297, 43.006974 ], [ 2.025914, 43.00366 ], [ 2.016308, 43.000556 ], [ 1.993157, 42.998343 ], [ 1.98712, 42.995536 ], [ 1.987126, 42.994561 ] ] ] ] } },
{ "type": "Feature", "properties": { "codgeo": "11381", "libgeo": "Sougraigne", "dept": "11" }, "geometry": { "type": "MultiPolygon", "coordinates": [ [ [ [ 2.31512, 42.904281 ], [ 2.316241, 42.904856 ], [ 2.339268, 42.906111 ], [ 2.349991, 42.909907 ], [ 2.354243, 42.917512 ], [ 2.363872, 42.919589 ], [ 2.374445, 42.918003 ], [ 2.388594, 42.91752 ], [ 2.389916, 42.92079 ], [ 2.395015, 42.923718 ], [ 2.408048, 42.920568 ], [ 2.411229, 42.913 ], [ 2.412739, 42.894895 ], [ 2.401014, 42.890963 ], [ 2.385474, 42.889493 ], [ 2.340086, 42.894957 ], [ 2.322895, 42.900119 ], [ 2.313259, 42.900614 ], [ 2.31512, 42.904281 ] ] ] ] } },
{ "type": "Feature", "properties": { "codgeo": "11384", "libgeo": "Soulatgé", "dept": "11" }, "geometry": { "type": "MultiPolygon", "coordinates": [ [ [ [ 2.532787, 42.865048 ], [ 2.524512, 42.858219 ], [ 2.519592, 42.850664 ], [ 2.51891, 42.847467 ], [ 2.515798, 42.845348 ], [ 2.507021, 42.850851 ], [ 2.502749, 42.851432 ], [ 2.500432, 42.850556 ], [ 2.476521, 42.869402 ], [ 2.46581, 42.890643 ], [ 2.475898, 42.895146 ], [ 2.487626, 42.901863 ], [ 2.503179, 42.907199 ], [ 2.523131, 42.907722 ], [ 2.528936, 42.904155 ], [ 2.528428, 42.893503 ], [ 2.527019, 42.891376 ], [ 2.525379, 42.881301 ], [ 2.526042, 42.878335 ], [ 2.532787, 42.865048 ] ] ] ] } },
{ "type": "Feature", "properties": { "codgeo": "11386", "libgeo": "Talairan", "dept": "11" }, "geometry": { "type": "MultiPolygon", "coordinates": [ [ [ [ 2.701918, 42.982214 ], [ 2.69089, 42.97361 ], [ 2.684588, 42.975247 ], [ 2.666485, 42.982419 ], [ 2.672098, 42.998688 ], [ 2.672658, 43.010795 ], [ 2.644106, 43.016773 ], [ 2.623906, 43.026729 ], [ 2.626209, 43.028754 ], [ 2.631823, 43.04012 ], [ 2.633097, 43.049522 ], [ 2.633411, 43.063023 ], [ 2.636484, 43.062746 ], [ 2.650611, 43.065041 ], [ 2.671121, 43.06692 ], [ 2.679125, 43.065432 ], [ 2.686568, 43.061966 ], [ 2.695873, 43.05924 ], [ 2.699997, 43.050494 ], [ 2.699554, 43.048331 ], [ 2.702484, 43.038042 ], [ 2.706861, 43.027029 ], [ 2.689863, 43.007821 ], [ 2.686298, 42.995184 ], [ 2.688692, 42.990375 ], [ 2.701918, 42.982214 ] ] ] ] } },
{ "type": "Feature", "properties": { "codgeo": "11387", "libgeo": "Taurize", "dept": "11" }, "geometry": { "type": "MultiPolygon", "coordinates": [ [ [ [ 2.503177, 43.083713 ], [ 2.512171, 43.082485 ], [ 2.518992, 43.080455 ], [ 2.523413, 43.065751 ], [ 2.530729, 43.064552 ], [ 2.525133, 43.061768 ], [ 2.517399, 43.060838 ], [ 2.51531, 43.05908 ], [ 2.510836, 43.049509 ], [ 2.50709, 43.046649 ], [ 2.501426, 43.044966 ], [ 2.498783, 43.044872 ], [ 2.492144, 43.049666 ], [ 2.489777, 43.057719 ], [ 2.490835, 43.068655 ], [ 2.499958, 43.082472 ], [ 2.503177, 43.083713 ] ] ] ] } },
{ "type": "Feature", "properties": { "codgeo": "11388", "libgeo": "Termes", "dept": "11" }, "geometry": { "type": "MultiPolygon", "coordinates": [ [ [ [ 2.597283, 42.998959 ], [ 2.589702, 42.992896 ], [ 2.588362, 42.990221 ], [ 2.569882, 42.981356 ], [ 2.564849, 42.97979 ], [ 2.55823, 42.979625 ], [ 2.534691, 42.986911 ], [ 2.540344, 43.000082 ], [ 2.541341, 43.006024 ], [ 2.545405, 43.00979 ], [ 2.549884, 43.012537 ], [ 2.556329, 43.013648 ], [ 2.566793, 43.022446 ], [ 2.586823, 43.030774 ], [ 2.598388, 43.02674 ], [ 2.59886, 43.020002 ], [ 2.596722, 43.007439 ], [ 2.597283, 42.998959 ] ] ] ] } },
{ "type": "Feature", "properties": { "codgeo": "11389", "libgeo": "Terroles", "dept": "11" }, "geometry": { "type": "MultiPolygon", "coordinates": [ [ [ [ 2.333028, 43.005555 ], [ 2.340557, 43.005285 ], [ 2.353702, 43.006555 ], [ 2.355325, 42.992596 ], [ 2.360446, 42.989639 ], [ 2.36063, 42.983145 ], [ 2.362028, 42.982717 ], [ 2.338072, 42.979849 ], [ 2.329706, 42.977747 ], [ 2.327345, 42.978089 ], [ 2.324014, 42.979944 ], [ 2.325298, 42.988276 ], [ 2.333028, 43.005555 ] ] ] ] } },
{ "type": "Feature", "properties": { "codgeo": "11390", "libgeo": "Thézan-des-Corbières", "dept": "11" }, "geometry": { "type": "MultiPolygon", "coordinates": [ [ [ [ 2.785167, 43.12431 ], [ 2.787883, 43.117029 ], [ 2.791911, 43.097598 ], [ 2.813202, 43.082907 ], [ 2.822728, 43.08104 ], [ 2.836917, 43.082017 ], [ 2.832677, 43.066458 ], [ 2.800808, 43.06502 ], [ 2.761639, 43.068991 ], [ 2.748906, 43.06878 ], [ 2.753017, 43.07817 ], [ 2.757333, 43.08004 ], [ 2.760147, 43.085901 ], [ 2.756052, 43.091112 ], [ 2.748883, 43.095575 ], [ 2.746587, 43.104919 ], [ 2.748366, 43.106542 ], [ 2.749514, 43.1127 ], [ 2.762887, 43.121218 ], [ 2.769427, 43.122981 ], [ 2.785167, 43.12431 ] ] ] ] } },
{ "type": "Feature", "properties": { "codgeo": "11392", "libgeo": "Tournissan", "dept": "11" }, "geometry": { "type": "MultiPolygon", "coordinates": [ [ [ [ 2.671121, 43.06692 ], [ 2.650611, 43.065041 ], [ 2.636484, 43.062746 ], [ 2.640807, 43.069256 ], [ 2.643117, 43.077443 ], [ 2.63801, 43.089574 ], [ 2.645751, 43.093868 ], [ 2.655526, 43.100945 ], [ 2.670416, 43.106726 ], [ 2.677455, 43.102135 ], [ 2.685861, 43.099233 ], [ 2.683879, 43.097937 ], [ 2.681261, 43.092158 ], [ 2.680128, 43.085704 ], [ 2.681034, 43.083275 ], [ 2.680537, 43.082145 ], [ 2.671121, 43.06692 ] ] ] ] } },
{ "type": "Feature", "properties": { "codgeo": "11394", "libgeo": "Tourreilles", "dept": "11" }, "geometry": { "type": "MultiPolygon", "coordinates": [ [ [ [ 2.177493, 43.007777 ], [ 2.172763, 43.009967 ], [ 2.144204, 43.015217 ], [ 2.144933, 43.017571 ], [ 2.156912, 43.024634 ], [ 2.156792, 43.025639 ], [ 2.158791, 43.028027 ], [ 2.178707, 43.035374 ], [ 2.184332, 43.019519 ], [ 2.191319, 43.012359 ], [ 2.189161, 43.01085 ], [ 2.177493, 43.007777 ] ] ] ] } },
{ "type": "Feature", "properties": { "codgeo": "11400", "libgeo": "Tréziers", "dept": "11" }, "geometry": { "type": "MultiPolygon", "coordinates": [ [ [ [ 1.942391, 43.05866 ], [ 1.939775, 43.062389 ], [ 1.940433, 43.064428 ], [ 1.942973, 43.06748 ], [ 1.961176, 43.066697 ], [ 1.96339, 43.064372 ], [ 1.970287, 43.062414 ], [ 1.979747, 43.062431 ], [ 1.984713, 43.059004 ], [ 1.985471, 43.055819 ], [ 1.981115, 43.044482 ], [ 1.975799, 43.042657 ], [ 1.972688, 43.04658 ], [ 1.96331, 43.049128 ], [ 1.955207, 43.046557 ], [ 1.9484, 43.04793 ], [ 1.940866, 43.052761 ], [ 1.942391, 43.05866 ] ] ] ] } },
{ "type": "Feature", "properties": { "codgeo": "11401", "libgeo": "Tuchan", "dept": "11" }, "geometry": { "type": "MultiPolygon", "coordinates": [ [ [ [ 2.679505, 42.910282 ], [ 2.676397, 42.916111 ], [ 2.663893, 42.932922 ], [ 2.669644, 42.931548 ], [ 2.683537, 42.942326 ], [ 2.686042, 42.943567 ], [ 2.688372, 42.94359 ], [ 2.689336, 42.94193 ], [ 2.697136, 42.936792 ], [ 2.709293, 42.933216 ], [ 2.715561, 42.935765 ], [ 2.727105, 42.95087 ], [ 2.730723, 42.94319 ], [ 2.741394, 42.935775 ], [ 2.756727, 42.930902 ], [ 2.761082, 42.923186 ], [ 2.774087, 42.918229 ], [ 2.793354, 42.914331 ], [ 2.79902, 42.91066 ], [ 2.810046, 42.898531 ], [ 2.78888, 42.896067 ], [ 2.761774, 42.87336 ], [ 2.758678, 42.876621 ], [ 2.743582, 42.879914 ], [ 2.724255, 42.871928 ], [ 2.714535, 42.872188 ], [ 2.699735, 42.87417 ], [ 2.680981, 42.878956 ], [ 2.682832, 42.882229 ], [ 2.683528, 42.886143 ], [ 2.675753, 42.893032 ], [ 2.663081, 42.895117 ], [ 2.679505, 42.910282 ] ] ] ] } },
{ "type": "Feature", "properties": { "codgeo": "11402", "libgeo": "Valmigère", "dept": "11" }, "geometry": { "type": "MultiPolygon", "coordinates": [ [ [ [ 2.392022, 42.994776 ], [ 2.411198, 42.990172 ], [ 2.414637, 42.990299 ], [ 2.403218, 42.983618 ], [ 2.394299, 42.979808 ], [ 2.385829, 42.971895 ], [ 2.379114, 42.969888 ], [ 2.378236, 42.972838 ], [ 2.36063, 42.983145 ], [ 2.360446, 42.989639 ], [ 2.376715, 42.990315 ], [ 2.387347, 42.992767 ], [ 2.392022, 42.994776 ] ] ] ] } },
{ "type": "Feature", "properties": { "codgeo": "11406", "libgeo": "Véraza", "dept": "11" }, "geometry": { "type": "MultiPolygon", "coordinates": [ [ [ [ 2.329706, 42.977747 ], [ 2.325138, 42.973227 ], [ 2.316754, 42.969569 ], [ 2.301497, 42.972746 ], [ 2.294046, 42.972749 ], [ 2.285538, 42.976946 ], [ 2.288575, 42.981083 ], [ 2.289736, 42.984907 ], [ 2.281258, 42.986944 ], [ 2.276992, 42.994001 ], [ 2.279494, 42.996906 ], [ 2.285346, 42.998288 ], [ 2.291665, 43.001076 ], [ 2.298491, 43.008253 ], [ 2.298086, 43.01142 ], [ 2.302316, 43.011816 ], [ 2.309956, 43.017592 ], [ 2.31142, 43.015105 ], [ 2.332111, 43.00684 ], [ 2.333028, 43.005555 ], [ 2.325298, 42.988276 ], [ 2.324014, 42.979944 ], [ 2.327345, 42.978089 ], [ 2.329706, 42.977747 ] ] ] ] } },
{ "type": "Feature", "properties": { "codgeo": "11408", "libgeo": "Verzeille", "dept": "11" }, "geometry": { "type": "MultiPolygon", "coordinates": [ [ [ [ 2.309051, 43.12111 ], [ 2.314314, 43.125092 ], [ 2.315602, 43.129777 ], [ 2.331295, 43.128945 ], [ 2.350394, 43.122448 ], [ 2.352206, 43.122491 ], [ 2.339584, 43.110467 ], [ 2.334611, 43.10906 ], [ 2.315817, 43.112828 ], [ 2.311766, 43.115752 ], [ 2.309051, 43.12111 ] ] ] ] } },
{ "type": "Feature", "properties": { "codgeo": "11409", "libgeo": "Vignevieille", "dept": "11" }, "geometry": { "type": "MultiPolygon", "coordinates": [ [ [ [ 2.502756, 43.00797 ], [ 2.501341, 43.01038 ], [ 2.503477, 43.012212 ], [ 2.508515, 43.021557 ], [ 2.507435, 43.030337 ], [ 2.509825, 43.034627 ], [ 2.516597, 43.033613 ], [ 2.526278, 43.033324 ], [ 2.553482, 43.034795 ], [ 2.566793, 43.022446 ], [ 2.556329, 43.013648 ], [ 2.549884, 43.012537 ], [ 2.545405, 43.00979 ], [ 2.541341, 43.006024 ], [ 2.540344, 43.000082 ], [ 2.534691, 42.986911 ], [ 2.50276, 43.002524 ], [ 2.500917, 43.007099 ], [ 2.501191, 43.008182 ], [ 2.502756, 43.00797 ] ] ] ] } },
{ "type": "Feature", "properties": { "codgeo": "11412", "libgeo": "Villardebelle", "dept": "11" }, "geometry": { "type": "MultiPolygon", "coordinates": [ [ [ [ 2.379357, 43.016701 ], [ 2.384506, 43.027341 ], [ 2.389279, 43.03462 ], [ 2.403118, 43.030045 ], [ 2.416897, 43.019692 ], [ 2.423379, 43.018958 ], [ 2.426041, 43.019538 ], [ 2.431003, 43.022194 ], [ 2.433648, 43.022619 ], [ 2.43137, 43.00774 ], [ 2.42771, 43.001458 ], [ 2.426446, 42.999535 ], [ 2.414637, 42.990299 ], [ 2.411198, 42.990172 ], [ 2.394925, 42.994256 ], [ 2.394408, 43.000086 ], [ 2.383019, 43.009594 ], [ 2.379357, 43.016701 ] ] ] ] } },
{ "type": "Feature", "properties": { "codgeo": "11414", "libgeo": "Villar-en-Val", "dept": "11" }, "geometry": { "type": "MultiPolygon", "coordinates": [ [ [ [ 2.451071, 43.099802 ], [ 2.45582, 43.100917 ], [ 2.46001, 43.100328 ], [ 2.460955, 43.100788 ], [ 2.464729, 43.096845 ], [ 2.463626, 43.094141 ], [ 2.46374, 43.088965 ], [ 2.467944, 43.082475 ], [ 2.467727, 43.079567 ], [ 2.464705, 43.072341 ], [ 2.459604, 43.068213 ], [ 2.445279, 43.060447 ], [ 2.430881, 43.066967 ], [ 2.426769, 43.073997 ], [ 2.422285, 43.078653 ], [ 2.414933, 43.084265 ], [ 2.417964, 43.086778 ], [ 2.425569, 43.090285 ], [ 2.439729, 43.094931 ], [ 2.451071, 43.099802 ] ] ] ] } },
{ "type": "Feature", "properties": { "codgeo": "11415", "libgeo": "Villar-Saint-Anselme", "dept": "11" }, "geometry": { "type": "MultiPolygon", "coordinates": [ [ [ [ 2.317322, 43.044503 ], [ 2.313097, 43.044113 ], [ 2.307392, 43.045515 ], [ 2.285493, 43.053484 ], [ 2.281577, 43.056386 ], [ 2.276075, 43.057422 ], [ 2.278524, 43.060007 ], [ 2.28036, 43.066499 ], [ 2.280329, 43.065707 ], [ 2.282987, 43.064734 ], [ 2.2852, 43.064835 ], [ 2.286609, 43.066769 ], [ 2.302408, 43.065691 ], [ 2.311389, 43.064112 ], [ 2.315719, 43.061871 ], [ 2.318261, 43.056266 ], [ 2.319819, 43.049072 ], [ 2.317322, 43.044503 ] ] ] ] } },
{ "type": "Feature", "properties": { "codgeo": "11420", "libgeo": "Villebazy", "dept": "11" }, "geometry": { "type": "MultiPolygon", "coordinates": [ [ [ [ 2.363214, 43.038429 ], [ 2.343224, 43.043259 ], [ 2.325494, 43.041286 ], [ 2.317322, 43.044503 ], [ 2.319819, 43.049072 ], [ 2.318261, 43.056266 ], [ 2.315719, 43.061871 ], [ 2.311389, 43.064112 ], [ 2.314132, 43.066273 ], [ 2.312363, 43.071304 ], [ 2.317123, 43.075889 ], [ 2.320582, 43.073916 ], [ 2.332652, 43.072365 ], [ 2.343914, 43.069978 ], [ 2.359654, 43.061373 ], [ 2.36033, 43.054359 ], [ 2.359568, 43.053039 ], [ 2.373606, 43.042405 ], [ 2.373837, 43.038607 ], [ 2.365101, 43.039026 ], [ 2.363214, 43.038429 ] ] ] ] } },
{ "type": "Feature", "properties": { "codgeo": "11423", "libgeo": "Villefloure", "dept": "11" }, "geometry": { "type": "MultiPolygon", "coordinates": [ [ [ [ 2.410521, 43.146321 ], [ 2.413722, 43.143254 ], [ 2.413989, 43.141754 ], [ 2.410095, 43.133345 ], [ 2.409578, 43.129091 ], [ 2.411309, 43.12576 ], [ 2.423934, 43.116291 ], [ 2.415476, 43.113201 ], [ 2.402578, 43.106108 ], [ 2.391645, 43.104595 ], [ 2.378282, 43.115192 ], [ 2.365237, 43.122444 ], [ 2.363376, 43.126911 ], [ 2.36598, 43.14455 ], [ 2.363737, 43.151654 ], [ 2.371436, 43.149593 ], [ 2.39294, 43.149622 ], [ 2.410521, 43.146321 ] ] ] ] } },
{ "type": "Feature", "properties": { "codgeo": "11424", "libgeo": "Villefort", "dept": "11" }, "geometry": { "type": "MultiPolygon", "coordinates": [ [ [ [ 2.081845, 42.964741 ], [ 2.079524, 42.954191 ], [ 2.081085, 42.946015 ], [ 2.072659, 42.942471 ], [ 2.057218, 42.938036 ], [ 2.039942, 42.938214 ], [ 2.028555, 42.937579 ], [ 2.026597, 42.938453 ], [ 2.022521, 42.94474 ], [ 2.019411, 42.951868 ], [ 2.014936, 42.955979 ], [ 2.020333, 42.964486 ], [ 2.027588, 42.965572 ], [ 2.032462, 42.965519 ], [ 2.039878, 42.962276 ], [ 2.044447, 42.962326 ], [ 2.056434, 42.960761 ], [ 2.06634, 42.962109 ], [ 2.07814, 42.965039 ], [ 2.081845, 42.964741 ] ] ] ] } },
{ "type": "Feature", "properties": { "codgeo": "11427", "libgeo": "Villelongue-d'Aude", "dept": "11" }, "geometry": { "type": "MultiPolygon", "coordinates": [ [ [ [ 2.081329, 43.084986 ], [ 2.08304, 43.085884 ], [ 2.090762, 43.079696 ], [ 2.100029, 43.068967 ], [ 2.098833, 43.064817 ], [ 2.104401, 43.060724 ], [ 2.125247, 43.055018 ], [ 2.122933, 43.045434 ], [ 2.115169, 43.04335 ], [ 2.113723, 43.03943 ], [ 2.097494, 43.041422 ], [ 2.088681, 43.039423 ], [ 2.07372, 43.03894 ], [ 2.06954, 43.039851 ], [ 2.064268, 43.04332 ], [ 2.064142, 43.044312 ], [ 2.068021, 43.047682 ], [ 2.073448, 43.055146 ], [ 2.07569, 43.060174 ], [ 2.07722, 43.067015 ], [ 2.072622, 43.075205 ], [ 2.081329, 43.084986 ] ] ] ] } },
{ "type": "Feature", "properties": { "codgeo": "11431", "libgeo": "Villeneuve-les-Corbières", "dept": "11" }, "geometry": { "type": "MultiPolygon", "coordinates": [ [ [ [ 2.730723, 42.94319 ], [ 2.726794, 42.951666 ], [ 2.742288, 42.955253 ], [ 2.761262, 42.972038 ], [ 2.762827, 42.978963 ], [ 2.771408, 42.98918 ], [ 2.7857, 42.993828 ], [ 2.788135, 42.993819 ], [ 2.797794, 42.983848 ], [ 2.796906, 42.979891 ], [ 2.798886, 42.973397 ], [ 2.803108, 42.964649 ], [ 2.774152, 42.928898 ], [ 2.756727, 42.930902 ], [ 2.741394, 42.935775 ], [ 2.730723, 42.94319 ] ] ] ] } },
{ "type": "Feature", "properties": { "codgeo": "11435", "libgeo": "Villerouge-Termenès", "dept": "11" }, "geometry": { "type": "MultiPolygon", "coordinates": [ [ [ [ 2.666303, 42.982599 ], [ 2.656517, 42.985189 ], [ 2.641904, 42.982258 ], [ 2.643207, 42.985182 ], [ 2.618497, 42.996902 ], [ 2.600644, 43.000985 ], [ 2.597283, 42.998959 ], [ 2.596722, 43.007439 ], [ 2.59886, 43.020002 ], [ 2.598388, 43.02674 ], [ 2.623906, 43.026729 ], [ 2.644106, 43.016773 ], [ 2.672658, 43.010795 ], [ 2.672098, 42.998688 ], [ 2.666303, 42.982599 ] ] ] ] } },
{ "type": "Feature", "properties": { "codgeo": "11436", "libgeo": "Villesèque-des-Corbières", "dept": "11" }, "geometry": { "type": "MultiPolygon", "coordinates": [ [ [ [ 2.884352, 42.98862 ], [ 2.877668, 42.988305 ], [ 2.868055, 42.984207 ], [ 2.856373, 42.980527 ], [ 2.848707, 42.979756 ], [ 2.845728, 42.990118 ], [ 2.846465, 42.997454 ], [ 2.847329, 42.998303 ], [ 2.845319, 43.000604 ], [ 2.824087, 43.012668 ], [ 2.818804, 43.019223 ], [ 2.818693, 43.029438 ], [ 2.831852, 43.040185 ], [ 2.837704, 43.051226 ], [ 2.85608, 43.054067 ], [ 2.863969, 43.05271 ], [ 2.868032, 43.048277 ], [ 2.871987, 43.032485 ], [ 2.898361, 43.021019 ], [ 2.884352, 42.98862 ] ] ] ] } },
{ "type": "Feature", "properties": { "codgeo": "11440", "libgeo": "Villetritouls", "dept": "11" }, "geometry": { "type": "MultiPolygon", "coordinates": [ [ [ [ 2.481077, 43.095511 ], [ 2.50188, 43.088829 ], [ 2.501772, 43.086649 ], [ 2.503177, 43.083713 ], [ 2.499958, 43.082472 ], [ 2.490835, 43.068655 ], [ 2.489777, 43.057719 ], [ 2.492144, 43.049666 ], [ 2.490119, 43.048905 ], [ 2.486203, 43.049125 ], [ 2.483751, 43.054359 ], [ 2.481522, 43.066899 ], [ 2.482972, 43.081109 ], [ 2.481077, 43.095511 ] ] ] ] } },
{ "type": "Feature", "properties": { "codgeo": "31040", "libgeo": "Bachos", "dept": "31" }, "geometry": { "type": "MultiPolygon", "coordinates": [ [ [ [ 0.621206, 42.892967 ], [ 0.619959, 42.893799 ], [ 0.609168, 42.895352 ], [ 0.585655, 42.894347 ], [ 0.586541, 42.899761 ], [ 0.592289, 42.908534 ], [ 0.594775, 42.905107 ], [ 0.598147, 42.902736 ], [ 0.614862, 42.898978 ], [ 0.626702, 42.901075 ], [ 0.62831, 42.898683 ], [ 0.625166, 42.897165 ], [ 0.621206, 42.892967 ] ] ] ] } },
{ "type": "Feature", "properties": { "codgeo": "31132", "libgeo": "Cazaux-Layrisse", "dept": "31" }, "geometry": { "type": "MultiPolygon", "coordinates": [ [ [ [ 0.577662, 42.876705 ], [ 0.601471, 42.877643 ], [ 0.609309, 42.874409 ], [ 0.612977, 42.870023 ], [ 0.615019, 42.865217 ], [ 0.610214, 42.862133 ], [ 0.602506, 42.866933 ], [ 0.596556, 42.869227 ], [ 0.575935, 42.870828 ], [ 0.574988, 42.871854 ], [ 0.575166, 42.874013 ], [ 0.577662, 42.876705 ] ] ] ] } },
{ "type": "Feature", "properties": { "codgeo": "31009", "libgeo": "Antichan-de-Frontignes", "dept": "31" }, "geometry": { "type": "MultiPolygon", "coordinates": [ [ [ [ 0.690308, 42.954178 ], [ 0.663195, 42.968725 ], [ 0.658116, 42.976416 ], [ 0.661098, 42.981697 ], [ 0.666158, 42.98092 ], [ 0.675821, 42.977692 ], [ 0.684428, 42.978805 ], [ 0.685396, 42.974947 ], [ 0.690495, 42.968103 ], [ 0.690308, 42.954178 ] ] ] ] } },
{ "type": "Feature", "properties": { "codgeo": "31010", "libgeo": "Antignac", "dept": "31" }, "geometry": { "type": "MultiPolygon", "coordinates": [ [ [ [ 0.577894, 42.82105 ], [ 0.570913, 42.834487 ], [ 0.56982, 42.840835 ], [ 0.593919, 42.841582 ], [ 0.598633, 42.84287 ], [ 0.605286, 42.824282 ], [ 0.604757, 42.819538 ], [ 0.598568, 42.818065 ], [ 0.577894, 42.82105 ] ] ] ] } },
{ "type": "Feature", "properties": { "codgeo": "31011", "libgeo": "Arbas", "dept": "31" }, "geometry": { "type": "MultiPolygon", "coordinates": [ [ [ [ 0.912719, 42.981808 ], [ 0.903576, 42.977125 ], [ 0.890411, 42.983728 ], [ 0.877036, 42.987104 ], [ 0.888132, 42.993691 ], [ 0.890671, 42.993857 ], [ 0.900352, 43.001723 ], [ 0.904839, 43.007774 ], [ 0.910461, 43.007295 ], [ 0.916743, 43.003355 ], [ 0.925282, 43.002262 ], [ 0.929562, 42.998131 ], [ 0.919878, 42.987212 ], [ 0.916085, 42.981646 ], [ 0.912719, 42.981808 ] ] ] ] } },
{ "type": "Feature", "properties": { "codgeo": "31012", "libgeo": "Arbon", "dept": "31" }, "geometry": { "type": "MultiPolygon", "coordinates": [ [ [ [ 0.722001, 43.011401 ], [ 0.744596, 43.005918 ], [ 0.750244, 43.002449 ], [ 0.749738, 42.999282 ], [ 0.750979, 42.998888 ], [ 0.750413, 42.992145 ], [ 0.717005, 42.996204 ], [ 0.712223, 42.996051 ], [ 0.714778, 43.001764 ], [ 0.718243, 43.006445 ], [ 0.722301, 43.009025 ], [ 0.722001, 43.011401 ] ] ] ] } },
{ "type": "Feature", "properties": { "codgeo": "31013", "libgeo": "Ardiège", "dept": "31" }, "geometry": { "type": "MultiPolygon", "coordinates": [ [ [ [ 0.656544, 43.048799 ], [ 0.654946, 43.052015 ], [ 0.639584, 43.065146 ], [ 0.633246, 43.069736 ], [ 0.619948, 43.077144 ], [ 0.627483, 43.080545 ], [ 0.65471, 43.070911 ], [ 0.656534, 43.055907 ], [ 0.658286, 43.054631 ], [ 0.66449, 43.054494 ], [ 0.662481, 43.051946 ], [ 0.656544, 43.048799 ] ] ] ] } },
{ "type": "Feature", "properties": { "codgeo": "31014", "libgeo": "Arguenos", "dept": "31" }, "geometry": { "type": "MultiPolygon", "coordinates": [ [ [ [ 0.742866, 42.974629 ], [ 0.742383, 42.971478 ], [ 0.736891, 42.95844 ], [ 0.737667, 42.952805 ], [ 0.740095, 42.948778 ], [ 0.754679, 42.946335 ], [ 0.758414, 42.942733 ], [ 0.753978, 42.935786 ], [ 0.717973, 42.946433 ], [ 0.704421, 42.95124 ], [ 0.698458, 42.951912 ], [ 0.721271, 42.981376 ], [ 0.72377, 42.981904 ], [ 0.731302, 42.978633 ], [ 0.738238, 42.976935 ], [ 0.742866, 42.974629 ] ] ] ] } },
{ "type": "Feature", "properties": { "codgeo": "31015", "libgeo": "Argut-Dessous", "dept": "31" }, "geometry": { "type": "MultiPolygon", "coordinates": [ [ [ [ 0.699738, 42.901729 ], [ 0.703827, 42.903065 ], [ 0.709032, 42.90309 ], [ 0.715557, 42.901024 ], [ 0.716734, 42.901266 ], [ 0.724701, 42.891134 ], [ 0.727783, 42.884147 ], [ 0.726763, 42.883009 ], [ 0.724111, 42.881748 ], [ 0.720655, 42.881683 ], [ 0.715905, 42.883811 ], [ 0.705554, 42.897646 ], [ 0.699738, 42.901729 ] ] ] ] } },
{ "type": "Feature", "properties": { "codgeo": "31017", "libgeo": "Arlos", "dept": "31" }, "geometry": { "type": "MultiPolygon", "coordinates": [ [ [ [ 0.682541, 42.854631 ], [ 0.67092, 42.857159 ], [ 0.670746, 42.859366 ], [ 0.674408, 42.861535 ], [ 0.680389, 42.868914 ], [ 0.680358, 42.869991 ], [ 0.68656, 42.878236 ], [ 0.690965, 42.887387 ], [ 0.691135, 42.893652 ], [ 0.695494, 42.898714 ], [ 0.699738, 42.901729 ], [ 0.705554, 42.897646 ], [ 0.715905, 42.883811 ], [ 0.710624, 42.882541 ], [ 0.709132, 42.8809 ], [ 0.707764, 42.868328 ], [ 0.70839, 42.861435 ], [ 0.700868, 42.857914 ], [ 0.690573, 42.855066 ], [ 0.682541, 42.854631 ] ] ] ] } },
{ "type": "Feature", "properties": { "codgeo": "31019", "libgeo": "Artigue", "dept": "31" }, "geometry": { "type": "MultiPolygon", "coordinates": [ [ [ [ 0.615681, 42.839985 ], [ 0.634958, 42.837174 ], [ 0.652272, 42.835383 ], [ 0.659172, 42.835336 ], [ 0.665659, 42.826874 ], [ 0.667222, 42.819178 ], [ 0.664975, 42.815235 ], [ 0.661669, 42.813586 ], [ 0.648042, 42.813065 ], [ 0.642081, 42.814508 ], [ 0.627925, 42.815932 ], [ 0.619488, 42.824609 ], [ 0.612277, 42.826019 ], [ 0.6116, 42.834925 ], [ 0.615681, 42.839985 ] ] ] ] } },
{ "type": "Feature", "properties": { "codgeo": "31020", "libgeo": "Aspet", "dept": "31" }, "geometry": { "type": "MultiPolygon", "coordinates": [ [ [ [ 0.763136, 43.033147 ], [ 0.767583, 43.034425 ], [ 0.796411, 43.036734 ], [ 0.798523, 43.036295 ], [ 0.799486, 43.032301 ], [ 0.806173, 43.028744 ], [ 0.815856, 43.026605 ], [ 0.826008, 43.019924 ], [ 0.84025, 43.016747 ], [ 0.851443, 43.015216 ], [ 0.8568, 43.012092 ], [ 0.856084, 43.0082 ], [ 0.852922, 43.005313 ], [ 0.85104, 42.999089 ], [ 0.849828, 42.988598 ], [ 0.844903, 42.989698 ], [ 0.827004, 42.989434 ], [ 0.817174, 42.990951 ], [ 0.795053, 42.996124 ], [ 0.793596, 42.994856 ], [ 0.788114, 42.997436 ], [ 0.777014, 42.995274 ], [ 0.772715, 42.995792 ], [ 0.773807, 43.001791 ], [ 0.773085, 43.004567 ], [ 0.75982, 43.026297 ], [ 0.75836, 43.030418 ], [ 0.762885, 43.031113 ], [ 0.763136, 43.033147 ] ] ] ] } },
{ "type": "Feature", "properties": { "codgeo": "31021", "libgeo": "Aspret-Sarrat", "dept": "31" }, "geometry": { "type": "MultiPolygon", "coordinates": [ [ [ [ 0.726832, 43.080888 ], [ 0.734909, 43.078502 ], [ 0.735058, 43.071664 ], [ 0.733822, 43.071056 ], [ 0.72649, 43.058283 ], [ 0.724128, 43.058167 ], [ 0.722349, 43.061824 ], [ 0.71927, 43.063596 ], [ 0.706947, 43.062319 ], [ 0.706167, 43.066045 ], [ 0.701028, 43.073669 ], [ 0.714096, 43.074856 ], [ 0.726832, 43.080888 ] ] ] ] } },
{ "type": "Feature", "properties": { "codgeo": "31030", "libgeo": "Ausseing", "dept": "31" }, "geometry": { "type": "MultiPolygon", "coordinates": [ [ [ [ 1.051864, 43.143909 ], [ 1.036106, 43.147771 ], [ 1.019789, 43.145671 ], [ 1.003034, 43.147217 ], [ 1.01465, 43.159136 ], [ 1.015967, 43.157895 ], [ 1.020504, 43.157509 ], [ 1.037275, 43.161741 ], [ 1.043491, 43.1608 ], [ 1.044799, 43.161175 ], [ 1.053654, 43.146716 ], [ 1.051864, 43.143909 ] ] ] ] } },
{ "type": "Feature", "properties": { "codgeo": "31031", "libgeo": "Ausson", "dept": "31" }, "geometry": { "type": "MultiPolygon", "coordinates": [ [ [ [ 0.574694, 43.099389 ], [ 0.582678, 43.102156 ], [ 0.588244, 43.105285 ], [ 0.601739, 43.097242 ], [ 0.599658, 43.0954 ], [ 0.599291, 43.090632 ], [ 0.604045, 43.085861 ], [ 0.604185, 43.083579 ], [ 0.603127, 43.082448 ], [ 0.589049, 43.078034 ], [ 0.580846, 43.079685 ], [ 0.581225, 43.080686 ], [ 0.577292, 43.092848 ], [ 0.57463, 43.097523 ], [ 0.574694, 43.099389 ] ] ] ] } },
{ "type": "Feature", "properties": { "codgeo": "31041", "libgeo": "Bagiry", "dept": "31" }, "geometry": { "type": "MultiPolygon", "coordinates": [ [ [ [ 0.617332, 42.990443 ], [ 0.626857, 42.991242 ], [ 0.630125, 42.981299 ], [ 0.634359, 42.978266 ], [ 0.635281, 42.976464 ], [ 0.634838, 42.974904 ], [ 0.633124, 42.974654 ], [ 0.634106, 42.970512 ], [ 0.635508, 42.968936 ], [ 0.629078, 42.969741 ], [ 0.621349, 42.97283 ], [ 0.618896, 42.972327 ], [ 0.613894, 42.982023 ], [ 0.61582, 42.983492 ], [ 0.616195, 42.985295 ], [ 0.614358, 42.987386 ], [ 0.611442, 42.988282 ], [ 0.617332, 42.990443 ] ] ] ] } },
{ "type": "Feature", "properties": { "codgeo": "31042", "libgeo": "Bagnères-de-Luchon", "dept": "31" }, "geometry": { "type": "MultiPolygon", "coordinates": [ [ [ [ 0.596944, 42.705422 ], [ 0.593522, 42.708565 ], [ 0.593289, 42.7143 ], [ 0.596129, 42.725611 ], [ 0.601939, 42.738377 ], [ 0.603196, 42.746134 ], [ 0.592656, 42.75352 ], [ 0.583929, 42.766963 ], [ 0.577664, 42.773541 ], [ 0.57102, 42.787791 ], [ 0.574909, 42.795223 ], [ 0.579638, 42.7942 ], [ 0.588943, 42.796436 ], [ 0.590379, 42.798362 ], [ 0.591015, 42.801879 ], [ 0.590407, 42.807133 ], [ 0.591413, 42.809315 ], [ 0.602668, 42.806815 ], [ 0.603229, 42.803265 ], [ 0.604455, 42.801626 ], [ 0.601287, 42.796667 ], [ 0.59955, 42.789321 ], [ 0.601363, 42.778502 ], [ 0.603506, 42.773528 ], [ 0.607644, 42.769007 ], [ 0.615735, 42.76243 ], [ 0.622088, 42.758792 ], [ 0.633177, 42.755765 ], [ 0.639279, 42.754865 ], [ 0.647315, 42.751446 ], [ 0.655939, 42.74967 ], [ 0.663069, 42.746899 ], [ 0.667227, 42.736532 ], [ 0.669793, 42.732949 ], [ 0.674761, 42.729284 ], [ 0.677391, 42.721313 ], [ 0.678694, 42.711933 ], [ 0.677798, 42.703504 ], [ 0.674977, 42.694615 ], [ 0.666505, 42.689902 ], [ 0.653506, 42.692072 ], [ 0.617559, 42.696015 ], [ 0.603628, 42.700613 ], [ 0.600987, 42.703173 ], [ 0.596944, 42.705422 ] ] ] ] } },
{ "type": "Feature", "properties": { "codgeo": "31043", "libgeo": "Balesta", "dept": "31" }, "geometry": { "type": "MultiPolygon", "coordinates": [ [ [ [ 0.577386, 43.212232 ], [ 0.581017, 43.210711 ], [ 0.588874, 43.208967 ], [ 0.567574, 43.188701 ], [ 0.564434, 43.188927 ], [ 0.560478, 43.190752 ], [ 0.547256, 43.191178 ], [ 0.545866, 43.190178 ], [ 0.539826, 43.197294 ], [ 0.544902, 43.204384 ], [ 0.552074, 43.209319 ], [ 0.570211, 43.217374 ], [ 0.577386, 43.212232 ] ] ] ] } },
{ "type": "Feature", "properties": { "codgeo": "31045", "libgeo": "Barbazan", "dept": "31" }, "geometry": { "type": "MultiPolygon", "coordinates": [ [ [ [ 0.606153, 43.051132 ], [ 0.624834, 43.043902 ], [ 0.634917, 43.045546 ], [ 0.637294, 43.02852 ], [ 0.636559, 43.017707 ], [ 0.632566, 43.018419 ], [ 0.62854, 43.020648 ], [ 0.621709, 43.022116 ], [ 0.615655, 43.021525 ], [ 0.61323, 43.024458 ], [ 0.608154, 43.034108 ], [ 0.608846, 43.034135 ], [ 0.60623, 43.046137 ], [ 0.606153, 43.051132 ] ] ] ] } },
{ "type": "Feature", "properties": { "codgeo": "31046", "libgeo": "Baren", "dept": "31" }, "geometry": { "type": "MultiPolygon", "coordinates": [ [ [ [ 0.650187, 42.872556 ], [ 0.658311, 42.866197 ], [ 0.65788, 42.864259 ], [ 0.632941, 42.863388 ], [ 0.615019, 42.865217 ], [ 0.612977, 42.870023 ], [ 0.615112, 42.872481 ], [ 0.619439, 42.871014 ], [ 0.650187, 42.872556 ] ] ] ] } },
{ "type": "Feature", "properties": { "codgeo": "31059", "libgeo": "Belbèze-en-Comminges", "dept": "31" }, "geometry": { "type": "MultiPolygon", "coordinates": [ [ [ [ 1.001801, 43.141721 ], [ 1.003034, 43.147217 ], [ 1.019789, 43.145671 ], [ 1.036106, 43.147771 ], [ 1.051864, 43.143909 ], [ 1.052629, 43.125596 ], [ 1.050844, 43.119815 ], [ 1.039001, 43.122175 ], [ 1.033895, 43.118407 ], [ 1.01849, 43.118038 ], [ 1.019326, 43.121126 ], [ 1.016016, 43.126542 ], [ 1.010639, 43.134064 ], [ 1.004565, 43.140659 ], [ 1.001801, 43.141721 ] ] ] ] } },
{ "type": "Feature", "properties": { "codgeo": "31064", "libgeo": "Benque-Dessous-et-Dessus", "dept": "31" }, "geometry": { "type": "MultiPolygon", "coordinates": [ [ [ [ 0.56062, 42.806526 ], [ 0.557119, 42.808776 ], [ 0.551772, 42.810552 ], [ 0.544955, 42.812439 ], [ 0.542173, 42.812227 ], [ 0.536011, 42.817514 ], [ 0.530928, 42.819588 ], [ 0.525081, 42.831982 ], [ 0.521018, 42.834617 ], [ 0.523696, 42.836202 ], [ 0.53099, 42.834316 ], [ 0.541584, 42.826124 ], [ 0.555887, 42.820228 ], [ 0.560343, 42.813752 ], [ 0.561232, 42.810389 ], [ 0.56062, 42.806526 ] ] ] ] } },
{ "type": "Feature", "properties": { "codgeo": "31067", "libgeo": "Bezins-Garraux", "dept": "31" }, "geometry": { "type": "MultiPolygon", "coordinates": [ [ [ [ 0.704096, 42.922511 ], [ 0.699175, 42.927934 ], [ 0.69618, 42.929938 ], [ 0.663833, 42.93196 ], [ 0.667126, 42.937322 ], [ 0.672398, 42.939426 ], [ 0.680386, 42.940619 ], [ 0.68694, 42.942742 ], [ 0.698808, 42.950345 ], [ 0.698458, 42.951912 ], [ 0.704421, 42.95124 ], [ 0.717973, 42.946433 ], [ 0.752857, 42.936083 ], [ 0.723344, 42.940261 ], [ 0.715138, 42.93761 ], [ 0.712189, 42.935417 ], [ 0.704096, 42.922511 ] ] ] ] } },
{ "type": "Feature", "properties": { "codgeo": "31068", "libgeo": "Billière", "dept": "31" }, "geometry": { "type": "MultiPolygon", "coordinates": [ [ [ [ 0.521549, 42.80607 ], [ 0.522469, 42.806683 ], [ 0.522891, 42.833705 ], [ 0.525081, 42.831982 ], [ 0.530928, 42.819588 ], [ 0.536011, 42.817514 ], [ 0.542173, 42.812227 ], [ 0.536533, 42.808059 ], [ 0.529489, 42.809273 ], [ 0.526192, 42.807016 ], [ 0.521549, 42.80607 ] ] ] ] } },
{ "type": "Feature", "properties": { "codgeo": "31076", "libgeo": "Bordes-de-Rivière", "dept": "31" }, "geometry": { "type": "MultiPolygon", "coordinates": [ [ [ [ 0.652742, 43.141363 ], [ 0.65012, 43.140617 ], [ 0.640689, 43.141197 ], [ 0.640108, 43.133854 ], [ 0.647746, 43.116835 ], [ 0.653, 43.111107 ], [ 0.653929, 43.111023 ], [ 0.652588, 43.107494 ], [ 0.633152, 43.103892 ], [ 0.631153, 43.10247 ], [ 0.630066, 43.100374 ], [ 0.626491, 43.102401 ], [ 0.625268, 43.104367 ], [ 0.624868, 43.116151 ], [ 0.622146, 43.122467 ], [ 0.618982, 43.125335 ], [ 0.615442, 43.131723 ], [ 0.630926, 43.138478 ], [ 0.633295, 43.144431 ], [ 0.652707, 43.147897 ], [ 0.653758, 43.145954 ], [ 0.652742, 43.141363 ] ] ] ] } },
{ "type": "Feature", "properties": { "codgeo": "31078", "libgeo": "Boudrac", "dept": "31" }, "geometry": { "type": "MultiPolygon", "coordinates": [ [ [ [ 0.456463, 43.144824 ], [ 0.459574, 43.148939 ], [ 0.461909, 43.149786 ], [ 0.467322, 43.154438 ], [ 0.48016, 43.162245 ], [ 0.488707, 43.165939 ], [ 0.498098, 43.172762 ], [ 0.515129, 43.189157 ], [ 0.518193, 43.194734 ], [ 0.511536, 43.195902 ], [ 0.505955, 43.199639 ], [ 0.513617, 43.205737 ], [ 0.517644, 43.212615 ], [ 0.5264, 43.209671 ], [ 0.535105, 43.207972 ], [ 0.541944, 43.212671 ], [ 0.544821, 43.21333 ], [ 0.552074, 43.209319 ], [ 0.544902, 43.204384 ], [ 0.539826, 43.197294 ], [ 0.545866, 43.190178 ], [ 0.522382, 43.176057 ], [ 0.506152, 43.172417 ], [ 0.503924, 43.169473 ], [ 0.493938, 43.164721 ], [ 0.47872, 43.153877 ], [ 0.466305, 43.149853 ], [ 0.456463, 43.144824 ] ] ] ] } },
{ "type": "Feature", "properties": { "codgeo": "31081", "libgeo": "Bourg-d'Oueil", "dept": "31" }, "geometry": { "type": "MultiPolygon", "coordinates": [ [ [ [ 0.467499, 42.846747 ], [ 0.461449, 42.850333 ], [ 0.460209, 42.852006 ], [ 0.472456, 42.859501 ], [ 0.474993, 42.873159 ], [ 0.477265, 42.878258 ], [ 0.488921, 42.877309 ], [ 0.497684, 42.875106 ], [ 0.500558, 42.874248 ], [ 0.50295, 42.8708 ], [ 0.50861, 42.869166 ], [ 0.507786, 42.864327 ], [ 0.510455, 42.858727 ], [ 0.508359, 42.855119 ], [ 0.497912, 42.84981 ], [ 0.48776, 42.846228 ], [ 0.486876, 42.845261 ], [ 0.485072, 42.846273 ], [ 0.480807, 42.845956 ], [ 0.478937, 42.844953 ], [ 0.467499, 42.846747 ] ] ] ] } },
{ "type": "Feature", "properties": { "codgeo": "31085", "libgeo": "Boutx", "dept": "31" }, "geometry": { "type": "MultiPolygon", "coordinates": [ [ [ [ 0.723344, 42.940261 ], [ 0.753978, 42.935786 ], [ 0.748868, 42.931712 ], [ 0.748901, 42.930535 ], [ 0.751392, 42.928865 ], [ 0.755777, 42.927663 ], [ 0.767478, 42.927692 ], [ 0.781751, 42.931525 ], [ 0.789282, 42.932779 ], [ 0.794933, 42.93221 ], [ 0.804823, 42.929038 ], [ 0.805903, 42.932759 ], [ 0.815512, 42.950057 ], [ 0.818395, 42.950664 ], [ 0.834964, 42.943013 ], [ 0.835017, 42.930872 ], [ 0.840239, 42.925627 ], [ 0.840916, 42.922669 ], [ 0.82618, 42.914326 ], [ 0.83292, 42.902039 ], [ 0.834545, 42.900616 ], [ 0.826055, 42.902392 ], [ 0.820227, 42.902812 ], [ 0.808883, 42.900605 ], [ 0.788792, 42.900166 ], [ 0.777528, 42.89658 ], [ 0.772351, 42.893147 ], [ 0.768794, 42.887915 ], [ 0.764922, 42.886055 ], [ 0.759403, 42.884907 ], [ 0.726763, 42.883009 ], [ 0.727783, 42.884147 ], [ 0.724701, 42.891134 ], [ 0.716734, 42.901266 ], [ 0.720706, 42.901611 ], [ 0.717267, 42.908884 ], [ 0.706753, 42.915031 ], [ 0.703944, 42.919229 ], [ 0.703452, 42.921513 ], [ 0.712189, 42.935417 ], [ 0.715138, 42.93761 ], [ 0.723344, 42.940261 ] ] ] ] } },
{ "type": "Feature", "properties": { "codgeo": "31092", "libgeo": "Burgalays", "dept": "31" }, "geometry": { "type": "MultiPolygon", "coordinates": [ [ [ [ 0.650187, 42.872556 ], [ 0.630131, 42.871671 ], [ 0.621206, 42.892967 ], [ 0.625166, 42.897165 ], [ 0.632516, 42.899842 ], [ 0.639863, 42.892825 ], [ 0.648815, 42.886496 ], [ 0.650648, 42.882294 ], [ 0.650187, 42.872556 ] ] ] ] } },
{ "type": "Feature", "properties": { "codgeo": "31095", "libgeo": "Cabanac-Cazaux", "dept": "31" }, "geometry": { "type": "MultiPolygon", "coordinates": [ [ [ [ 0.729518, 43.025963 ], [ 0.725177, 43.044084 ], [ 0.737534, 43.044185 ], [ 0.744654, 43.042294 ], [ 0.753443, 43.037731 ], [ 0.756529, 43.034677 ], [ 0.75836, 43.030418 ], [ 0.751364, 43.028302 ], [ 0.735107, 43.025813 ], [ 0.729518, 43.025963 ] ] ] ] } },
{ "type": "Feature", "properties": { "codgeo": "31110", "libgeo": "Cassagne", "dept": "31" }, "geometry": { "type": "MultiPolygon", "coordinates": [ [ [ [ 1.019326, 43.121126 ], [ 1.018048, 43.11687 ], [ 1.01144, 43.114716 ], [ 1.009632, 43.113248 ], [ 1.000841, 43.114095 ], [ 1.00041, 43.115737 ], [ 0.979985, 43.106649 ], [ 0.967335, 43.1082 ], [ 0.966153, 43.113594 ], [ 0.968661, 43.120222 ], [ 0.975496, 43.130086 ], [ 0.979289, 43.138927 ], [ 0.988034, 43.140869 ], [ 1.001801, 43.141721 ], [ 1.004565, 43.140659 ], [ 1.010639, 43.134064 ], [ 1.016016, 43.126542 ], [ 1.019326, 43.121126 ] ] ] ] } },
{ "type": "Feature", "properties": { "codgeo": "31112", "libgeo": "Castagnède", "dept": "31" }, "geometry": { "type": "MultiPolygon", "coordinates": [ [ [ [ 0.958509, 43.048905 ], [ 0.959801, 43.052922 ], [ 0.962732, 43.055595 ], [ 0.968805, 43.058634 ], [ 0.985868, 43.062437 ], [ 0.983151, 43.053872 ], [ 0.98441, 43.050962 ], [ 0.988875, 43.047315 ], [ 0.993513, 43.048441 ], [ 0.994538, 43.046284 ], [ 0.993492, 43.043332 ], [ 0.994566, 43.039891 ], [ 0.993153, 43.03956 ], [ 0.984401, 43.044727 ], [ 0.963955, 43.047123 ], [ 0.958509, 43.048905 ] ] ] ] } },
{ "type": "Feature", "properties": { "codgeo": "31114", "libgeo": "Castelbiague", "dept": "31" }, "geometry": { "type": "MultiPolygon", "coordinates": [ [ [ [ 0.941567, 43.030643 ], [ 0.938234, 43.029587 ], [ 0.93329, 43.025397 ], [ 0.928028, 43.018018 ], [ 0.925223, 43.017084 ], [ 0.920638, 43.018095 ], [ 0.917564, 43.023031 ], [ 0.913712, 43.032993 ], [ 0.914919, 43.041303 ], [ 0.918145, 43.048224 ], [ 0.920975, 43.047611 ], [ 0.939878, 43.047773 ], [ 0.941682, 43.047168 ], [ 0.943352, 43.039602 ], [ 0.941567, 43.030643 ] ] ] ] } },
{ "type": "Feature", "properties": { "codgeo": "31123", "libgeo": "Castillon-de-Larboust", "dept": "31" }, "geometry": { "type": "MultiPolygon", "coordinates": [ [ [ [ 0.529643, 42.702636 ], [ 0.537014, 42.713186 ], [ 0.540085, 42.719617 ], [ 0.55715, 42.737486 ], [ 0.568197, 42.746042 ], [ 0.560878, 42.750063 ], [ 0.550959, 42.750717 ], [ 0.537587, 42.748744 ], [ 0.530692, 42.752511 ], [ 0.537661, 42.757925 ], [ 0.541669, 42.771654 ], [ 0.539168, 42.788038 ], [ 0.53215, 42.804186 ], [ 0.532916, 42.808926 ], [ 0.536533, 42.808059 ], [ 0.542173, 42.812227 ], [ 0.543368, 42.809138 ], [ 0.540755, 42.806464 ], [ 0.540616, 42.802934 ], [ 0.556837, 42.798036 ], [ 0.560908, 42.792632 ], [ 0.556761, 42.789679 ], [ 0.55279, 42.779169 ], [ 0.554511, 42.775677 ], [ 0.561961, 42.766428 ], [ 0.568389, 42.76259 ], [ 0.570718, 42.760194 ], [ 0.576228, 42.732553 ], [ 0.578065, 42.727858 ], [ 0.587291, 42.710007 ], [ 0.591734, 42.705205 ], [ 0.594052, 42.704131 ], [ 0.593371, 42.701444 ], [ 0.589784, 42.696504 ], [ 0.5828, 42.695274 ], [ 0.576309, 42.695352 ], [ 0.559414, 42.699048 ], [ 0.529643, 42.702636 ] ] ] ] } },
{ "type": "Feature", "properties": { "codgeo": "31125", "libgeo": "Cathervielle", "dept": "31" }, "geometry": { "type": "MultiPolygon", "coordinates": [ [ [ [ 0.497718, 42.837934 ], [ 0.504525, 42.836195 ], [ 0.505112, 42.834983 ], [ 0.508907, 42.832757 ], [ 0.516191, 42.832468 ], [ 0.518123, 42.819178 ], [ 0.514876, 42.813408 ], [ 0.50849, 42.80838 ], [ 0.500159, 42.808988 ], [ 0.502025, 42.811481 ], [ 0.502421, 42.815473 ], [ 0.497718, 42.837934 ] ] ] ] } },
{ "type": "Feature", "properties": { "codgeo": "31127", "libgeo": "Caubous", "dept": "31" }, "geometry": { "type": "MultiPolygon", "coordinates": [ [ [ [ 0.519019, 42.832202 ], [ 0.508907, 42.832757 ], [ 0.505112, 42.834983 ], [ 0.504525, 42.836195 ], [ 0.505485, 42.839982 ], [ 0.512369, 42.84375 ], [ 0.523659, 42.854778 ], [ 0.52499, 42.859798 ], [ 0.522701, 42.863983 ], [ 0.525542, 42.86755 ], [ 0.532404, 42.86329 ], [ 0.534177, 42.861254 ], [ 0.535309, 42.85591 ], [ 0.532201, 42.849469 ], [ 0.52924, 42.846139 ], [ 0.523696, 42.836202 ], [ 0.521018, 42.834617 ], [ 0.522891, 42.833705 ], [ 0.519019, 42.832202 ] ] ] ] } },
{ "type": "Feature", "properties": { "codgeo": "31129", "libgeo": "Cazarilh-Laspènes", "dept": "31" }, "geometry": { "type": "MultiPolygon", "coordinates": [ [ [ [ 0.591413, 42.809315 ], [ 0.590407, 42.807133 ], [ 0.591015, 42.801879 ], [ 0.590379, 42.798362 ], [ 0.588943, 42.796436 ], [ 0.579638, 42.7942 ], [ 0.570124, 42.795886 ], [ 0.570445, 42.801109 ], [ 0.576768, 42.808293 ], [ 0.576542, 42.81147 ], [ 0.578303, 42.812712 ], [ 0.591413, 42.809315 ] ] ] ] } },
{ "type": "Feature", "properties": { "codgeo": "31130", "libgeo": "Cazaril-Tambourès", "dept": "31" }, "geometry": { "type": "MultiPolygon", "coordinates": [ [ [ [ 0.530081, 43.163747 ], [ 0.522349, 43.164861 ], [ 0.506204, 43.171608 ], [ 0.506152, 43.172417 ], [ 0.522382, 43.176057 ], [ 0.547256, 43.191178 ], [ 0.560478, 43.190752 ], [ 0.564434, 43.188927 ], [ 0.567574, 43.188701 ], [ 0.572714, 43.192891 ], [ 0.577821, 43.189958 ], [ 0.568723, 43.183598 ], [ 0.554451, 43.178353 ], [ 0.530081, 43.163747 ] ] ] ] } },
{ "type": "Feature", "properties": { "codgeo": "31131", "libgeo": "Cazaunous", "dept": "31" }, "geometry": { "type": "MultiPolygon", "coordinates": [ [ [ [ 0.712223, 42.996051 ], [ 0.717005, 42.996204 ], [ 0.750413, 42.992145 ], [ 0.750053, 42.990556 ], [ 0.745165, 42.988991 ], [ 0.739525, 42.98476 ], [ 0.742866, 42.974629 ], [ 0.738238, 42.976935 ], [ 0.731302, 42.978633 ], [ 0.72377, 42.981904 ], [ 0.719869, 42.985312 ], [ 0.712864, 42.988601 ], [ 0.704254, 42.986971 ], [ 0.699642, 42.987359 ], [ 0.693545, 42.990824 ], [ 0.698678, 42.993688 ], [ 0.712223, 42.996051 ] ] ] ] } },
{ "type": "Feature", "properties": { "codgeo": "31133", "libgeo": "Cazeaux-de-Larboust", "dept": "31" }, "geometry": { "type": "MultiPolygon", "coordinates": [ [ [ [ 0.532916, 42.808926 ], [ 0.53215, 42.804186 ], [ 0.539168, 42.788038 ], [ 0.541669, 42.771654 ], [ 0.537661, 42.757925 ], [ 0.530692, 42.752511 ], [ 0.537587, 42.748744 ], [ 0.550959, 42.750717 ], [ 0.560878, 42.750063 ], [ 0.568197, 42.746042 ], [ 0.55715, 42.737486 ], [ 0.540085, 42.719617 ], [ 0.537014, 42.713186 ], [ 0.529643, 42.702636 ], [ 0.526441, 42.702549 ], [ 0.516584, 42.707557 ], [ 0.515564, 42.715193 ], [ 0.516641, 42.733768 ], [ 0.520647, 42.739183 ], [ 0.527723, 42.745593 ], [ 0.529032, 42.748589 ], [ 0.528883, 42.751193 ], [ 0.520975, 42.760432 ], [ 0.515977, 42.770999 ], [ 0.519274, 42.774786 ], [ 0.518425, 42.793624 ], [ 0.519476, 42.803694 ], [ 0.521549, 42.80607 ], [ 0.526192, 42.807016 ], [ 0.529489, 42.809273 ], [ 0.532916, 42.808926 ] ] ] ] } },
{ "type": "Feature", "properties": { "codgeo": "31139", "libgeo": "Chaum", "dept": "31" }, "geometry": { "type": "MultiPolygon", "coordinates": [ [ [ [ 0.651348, 42.930364 ], [ 0.644948, 42.946196 ], [ 0.647174, 42.945524 ], [ 0.6651, 42.950704 ], [ 0.696225, 42.948689 ], [ 0.68694, 42.942742 ], [ 0.680386, 42.940619 ], [ 0.672398, 42.939426 ], [ 0.667126, 42.937322 ], [ 0.663833, 42.93196 ], [ 0.667117, 42.928769 ], [ 0.666646, 42.925844 ], [ 0.663134, 42.926626 ], [ 0.654663, 42.925287 ], [ 0.651374, 42.926596 ], [ 0.651348, 42.930364 ] ] ] ] } },
{ "type": "Feature", "properties": { "codgeo": "31140", "libgeo": "Chein-Dessus", "dept": "31" }, "geometry": { "type": "MultiPolygon", "coordinates": [ [ [ [ 0.850665, 42.982213 ], [ 0.851774, 42.987134 ], [ 0.849828, 42.988598 ], [ 0.85104, 42.999089 ], [ 0.852922, 43.005313 ], [ 0.856084, 43.0082 ], [ 0.8568, 43.012092 ], [ 0.858456, 43.012196 ], [ 0.859182, 43.016967 ], [ 0.870661, 43.024566 ], [ 0.889327, 43.019632 ], [ 0.906183, 43.013022 ], [ 0.904839, 43.007774 ], [ 0.900352, 43.001723 ], [ 0.890671, 42.993857 ], [ 0.876662, 42.992184 ], [ 0.850665, 42.982213 ] ] ] ] } },
{ "type": "Feature", "properties": { "codgeo": "31142", "libgeo": "Cier-de-Luchon", "dept": "31" }, "geometry": { "type": "MultiPolygon", "coordinates": [ [ [ [ 0.610214, 42.862133 ], [ 0.608774, 42.858831 ], [ 0.608997, 42.850125 ], [ 0.611595, 42.845197 ], [ 0.593919, 42.841582 ], [ 0.56982, 42.840835 ], [ 0.567586, 42.849566 ], [ 0.562344, 42.860756 ], [ 0.562471, 42.862608 ], [ 0.575935, 42.870828 ], [ 0.596556, 42.869227 ], [ 0.602506, 42.866933 ], [ 0.610214, 42.862133 ] ] ] ] } },
{ "type": "Feature", "properties": { "codgeo": "31143", "libgeo": "Cier-de-Rivière", "dept": "31" }, "geometry": { "type": "MultiPolygon", "coordinates": [ [ [ [ 0.611977, 43.074219 ], [ 0.619948, 43.077144 ], [ 0.633246, 43.069736 ], [ 0.654946, 43.052015 ], [ 0.656544, 43.048799 ], [ 0.655048, 43.047598 ], [ 0.648093, 43.046195 ], [ 0.64415, 43.046537 ], [ 0.642282, 43.047586 ], [ 0.634917, 43.045546 ], [ 0.624834, 43.043902 ], [ 0.606153, 43.051132 ], [ 0.604836, 43.052153 ], [ 0.605458, 43.057801 ], [ 0.61033, 43.065941 ], [ 0.611977, 43.074219 ] ] ] ] } },
{ "type": "Feature", "properties": { "codgeo": "31144", "libgeo": "Cierp-Gaud", "dept": "31" }, "geometry": { "type": "MultiPolygon", "coordinates": [ [ [ [ 0.650187, 42.872556 ], [ 0.650648, 42.882294 ], [ 0.648815, 42.886496 ], [ 0.639863, 42.892825 ], [ 0.632516, 42.899842 ], [ 0.636233, 42.908277 ], [ 0.6223, 42.916208 ], [ 0.613533, 42.917513 ], [ 0.604632, 42.915932 ], [ 0.599392, 42.916979 ], [ 0.597589, 42.918028 ], [ 0.596593, 42.920626 ], [ 0.600185, 42.928017 ], [ 0.604313, 42.931453 ], [ 0.605643, 42.933999 ], [ 0.615366, 42.936807 ], [ 0.628099, 42.932962 ], [ 0.646789, 42.93278 ], [ 0.649275, 42.934687 ], [ 0.651348, 42.930364 ], [ 0.651374, 42.926596 ], [ 0.649384, 42.914276 ], [ 0.652647, 42.900456 ], [ 0.661304, 42.884293 ], [ 0.658632, 42.881242 ], [ 0.658311, 42.866197 ], [ 0.650187, 42.872556 ] ] ] ] } },
{ "type": "Feature", "properties": { "codgeo": "31146", "libgeo": "Cirès", "dept": "31" }, "geometry": { "type": "MultiPolygon", "coordinates": [ [ [ [ 0.486876, 42.845261 ], [ 0.48776, 42.846228 ], [ 0.497912, 42.84981 ], [ 0.508359, 42.855119 ], [ 0.510455, 42.858727 ], [ 0.507786, 42.864327 ], [ 0.50861, 42.869166 ], [ 0.525542, 42.86755 ], [ 0.522701, 42.863983 ], [ 0.52499, 42.859798 ], [ 0.523659, 42.854778 ], [ 0.512369, 42.84375 ], [ 0.505485, 42.839982 ], [ 0.504525, 42.836195 ], [ 0.497718, 42.837934 ], [ 0.49718, 42.839042 ], [ 0.488328, 42.843759 ], [ 0.486876, 42.845261 ] ] ] ] } },
{ "type": "Feature", "properties": { "codgeo": "31147", "libgeo": "Clarac", "dept": "31" }, "geometry": { "type": "MultiPolygon", "coordinates": [ [ [ [ 0.621112, 43.09079 ], [ 0.612796, 43.111586 ], [ 0.606304, 43.118747 ], [ 0.600009, 43.122227 ], [ 0.601464, 43.127741 ], [ 0.607961, 43.130121 ], [ 0.615442, 43.131723 ], [ 0.618982, 43.125335 ], [ 0.622146, 43.122467 ], [ 0.624868, 43.116151 ], [ 0.625268, 43.104367 ], [ 0.626491, 43.102401 ], [ 0.630066, 43.100374 ], [ 0.625652, 43.092523 ], [ 0.621112, 43.09079 ] ] ] ] } },
{ "type": "Feature", "properties": { "codgeo": "31155", "libgeo": "Couret", "dept": "31" }, "geometry": { "type": "MultiPolygon", "coordinates": [ [ [ [ 0.801291, 43.038581 ], [ 0.803509, 43.058158 ], [ 0.82115, 43.057735 ], [ 0.830679, 43.055682 ], [ 0.837207, 43.050395 ], [ 0.837771, 43.046604 ], [ 0.837077, 43.045458 ], [ 0.81343, 43.040735 ], [ 0.805913, 43.037963 ], [ 0.803033, 43.037572 ], [ 0.801291, 43.038581 ] ] ] ] } },
{ "type": "Feature", "properties": { "codgeo": "31158", "libgeo": "Cuguron", "dept": "31" }, "geometry": { "type": "MultiPolygon", "coordinates": [ [ [ [ 0.545865, 43.095686 ], [ 0.522416, 43.092814 ], [ 0.512802, 43.093008 ], [ 0.502839, 43.095683 ], [ 0.500636, 43.098371 ], [ 0.500457, 43.100026 ], [ 0.5031, 43.105592 ], [ 0.502262, 43.107231 ], [ 0.498759, 43.108534 ], [ 0.491129, 43.108709 ], [ 0.489139, 43.115375 ], [ 0.497796, 43.118019 ], [ 0.511331, 43.11917 ], [ 0.516086, 43.116254 ], [ 0.520471, 43.105528 ], [ 0.525585, 43.102315 ], [ 0.541128, 43.10276 ], [ 0.55561, 43.101039 ], [ 0.545865, 43.095686 ] ] ] ] } },
{ "type": "Feature", "properties": { "codgeo": "31159", "libgeo": "Le Cuing", "dept": "31" }, "geometry": { "type": "MultiPolygon", "coordinates": [ [ [ [ 0.65333, 43.148124 ], [ 0.633295, 43.144431 ], [ 0.630926, 43.138478 ], [ 0.615442, 43.131723 ], [ 0.607961, 43.130121 ], [ 0.601464, 43.127741 ], [ 0.591765, 43.126087 ], [ 0.587283, 43.130416 ], [ 0.591041, 43.133402 ], [ 0.589222, 43.148887 ], [ 0.589369, 43.1571 ], [ 0.616209, 43.16974 ], [ 0.61679, 43.164371 ], [ 0.627722, 43.156513 ], [ 0.639516, 43.151994 ], [ 0.648375, 43.15094 ], [ 0.65361, 43.151733 ], [ 0.65333, 43.148124 ] ] ] ] } },
{ "type": "Feature", "properties": { "codgeo": "31167", "libgeo": "Encausse-les-Thermes", "dept": "31" }, "geometry": { "type": "MultiPolygon", "coordinates": [ [ [ [ 0.760923, 43.057088 ], [ 0.761907, 43.047623 ], [ 0.760422, 43.043234 ], [ 0.763136, 43.033147 ], [ 0.762885, 43.031113 ], [ 0.75836, 43.030418 ], [ 0.756529, 43.034677 ], [ 0.753443, 43.037731 ], [ 0.744654, 43.042294 ], [ 0.737534, 43.044185 ], [ 0.725177, 43.044084 ], [ 0.727063, 43.046764 ], [ 0.732545, 43.050539 ], [ 0.733512, 43.053634 ], [ 0.72649, 43.058283 ], [ 0.733822, 43.071056 ], [ 0.735058, 43.071664 ], [ 0.738819, 43.071356 ], [ 0.740159, 43.069325 ], [ 0.742878, 43.068512 ], [ 0.74931, 43.069048 ], [ 0.760923, 43.057088 ] ] ] ] } },
{ "type": "Feature", "properties": { "codgeo": "31174", "libgeo": "Estadens", "dept": "31" }, "geometry": { "type": "MultiPolygon", "coordinates": [ [ [ [ 0.870661, 43.024566 ], [ 0.859182, 43.016967 ], [ 0.858456, 43.012196 ], [ 0.8568, 43.012092 ], [ 0.851443, 43.015216 ], [ 0.84025, 43.016747 ], [ 0.826008, 43.019924 ], [ 0.815856, 43.026605 ], [ 0.806173, 43.028744 ], [ 0.799486, 43.032301 ], [ 0.798523, 43.036295 ], [ 0.801291, 43.038581 ], [ 0.803033, 43.037572 ], [ 0.805913, 43.037963 ], [ 0.81343, 43.040735 ], [ 0.829197, 43.044134 ], [ 0.834004, 43.044462 ], [ 0.837077, 43.045458 ], [ 0.837771, 43.046604 ], [ 0.846204, 43.047338 ], [ 0.857226, 43.054633 ], [ 0.866707, 43.053811 ], [ 0.876764, 43.048745 ], [ 0.880508, 43.04391 ], [ 0.874702, 43.032806 ], [ 0.875337, 43.028986 ], [ 0.870661, 43.024566 ] ] ] ] } },
{ "type": "Feature", "properties": { "codgeo": "31175", "libgeo": "Estancarbon", "dept": "31" }, "geometry": { "type": "MultiPolygon", "coordinates": [ [ [ [ 0.770785, 43.112751 ], [ 0.809735, 43.112884 ], [ 0.808649, 43.108691 ], [ 0.810548, 43.106607 ], [ 0.807958, 43.103579 ], [ 0.804112, 43.102847 ], [ 0.801127, 43.104013 ], [ 0.798361, 43.103943 ], [ 0.79398, 43.098186 ], [ 0.791757, 43.09763 ], [ 0.787121, 43.097955 ], [ 0.775755, 43.102756 ], [ 0.757532, 43.104472 ], [ 0.757593, 43.106668 ], [ 0.756807, 43.107228 ], [ 0.757881, 43.10945 ], [ 0.753516, 43.118476 ], [ 0.75869, 43.120365 ], [ 0.770861, 43.121169 ], [ 0.770785, 43.112751 ] ] ] ] } },
{ "type": "Feature", "properties": { "codgeo": "31176", "libgeo": "Esténos", "dept": "31" }, "geometry": { "type": "MultiPolygon", "coordinates": [ [ [ [ 0.649275, 42.934687 ], [ 0.646789, 42.93278 ], [ 0.628099, 42.932962 ], [ 0.615366, 42.936807 ], [ 0.626627, 42.941794 ], [ 0.635545, 42.951555 ], [ 0.639221, 42.953505 ], [ 0.641984, 42.952876 ], [ 0.641658, 42.949317 ], [ 0.644948, 42.946196 ], [ 0.649275, 42.934687 ] ] ] ] } },
{ "type": "Feature", "properties": { "codgeo": "31177", "libgeo": "Eup", "dept": "31" }, "geometry": { "type": "MultiPolygon", "coordinates": [ [ [ [ 0.667117, 42.928769 ], [ 0.663833, 42.93196 ], [ 0.69618, 42.929938 ], [ 0.699175, 42.927934 ], [ 0.704096, 42.922511 ], [ 0.69083, 42.921688 ], [ 0.684252, 42.92229 ], [ 0.678041, 42.923725 ], [ 0.674378, 42.926747 ], [ 0.66852, 42.92888 ], [ 0.667117, 42.928769 ] ] ] ] } },
{ "type": "Feature", "properties": { "codgeo": "31183", "libgeo": "Figarol", "dept": "31" }, "geometry": { "type": "MultiPolygon", "coordinates": [ [ [ [ 0.888346, 43.101742 ], [ 0.895405, 43.102664 ], [ 0.900688, 43.101603 ], [ 0.907479, 43.1044 ], [ 0.917653, 43.100477 ], [ 0.920652, 43.095736 ], [ 0.925221, 43.09142 ], [ 0.932916, 43.086838 ], [ 0.926999, 43.074656 ], [ 0.923676, 43.073298 ], [ 0.924312, 43.070536 ], [ 0.920625, 43.068465 ], [ 0.918163, 43.068203 ], [ 0.919035, 43.070328 ], [ 0.917573, 43.072947 ], [ 0.913542, 43.074687 ], [ 0.906036, 43.075836 ], [ 0.897679, 43.073614 ], [ 0.897245, 43.072671 ], [ 0.898583, 43.069501 ], [ 0.888123, 43.067167 ], [ 0.883474, 43.074378 ], [ 0.882483, 43.084478 ], [ 0.883994, 43.091843 ], [ 0.888346, 43.101742 ] ] ] ] } },
{ "type": "Feature", "properties": { "codgeo": "31190", "libgeo": "Fos", "dept": "31" }, "geometry": { "type": "MultiPolygon", "coordinates": [ [ [ [ 0.801509, 42.840597 ], [ 0.796328, 42.840034 ], [ 0.789301, 42.836236 ], [ 0.780217, 42.83597 ], [ 0.775556, 42.836834 ], [ 0.745942, 42.846956 ], [ 0.735394, 42.852769 ], [ 0.723044, 42.858203 ], [ 0.70839, 42.861435 ], [ 0.707764, 42.868328 ], [ 0.709132, 42.8809 ], [ 0.710624, 42.882541 ], [ 0.715905, 42.883811 ], [ 0.720655, 42.881683 ], [ 0.724111, 42.881748 ], [ 0.726763, 42.883009 ], [ 0.750605, 42.884561 ], [ 0.750479, 42.882035 ], [ 0.752208, 42.876885 ], [ 0.750251, 42.87094 ], [ 0.747131, 42.865724 ], [ 0.754306, 42.86229 ], [ 0.778915, 42.856831 ], [ 0.791858, 42.846067 ], [ 0.801509, 42.840597 ] ] ] ] } },
{ "type": "Feature", "properties": { "codgeo": "31191", "libgeo": "Fougaron", "dept": "31" }, "geometry": { "type": "MultiPolygon", "coordinates": [ [ [ [ 0.911643, 43.006547 ], [ 0.921493, 43.009705 ], [ 0.926459, 43.003882 ], [ 0.964707, 42.970799 ], [ 0.962796, 42.968703 ], [ 0.951152, 42.966177 ], [ 0.938099, 42.965648 ], [ 0.927848, 42.966714 ], [ 0.912719, 42.981808 ], [ 0.916085, 42.981646 ], [ 0.919878, 42.987212 ], [ 0.929562, 42.998131 ], [ 0.925282, 43.002262 ], [ 0.916743, 43.003355 ], [ 0.911643, 43.006547 ] ] ] ] } },
{ "type": "Feature", "properties": { "codgeo": "31195", "libgeo": "Francazal", "dept": "31" }, "geometry": { "type": "MultiPolygon", "coordinates": [ [ [ [ 0.995097, 42.990834 ], [ 0.981355, 42.993822 ], [ 0.981816, 42.999237 ], [ 0.987271, 43.008929 ], [ 0.989241, 43.018184 ], [ 0.989037, 43.02339 ], [ 0.993554, 43.023188 ], [ 0.996811, 43.023981 ], [ 1.006397, 43.020364 ], [ 1.010053, 43.016522 ], [ 1.018908, 43.010334 ], [ 1.022244, 43.010019 ], [ 1.007048, 43.007587 ], [ 1.001571, 43.002263 ], [ 0.995097, 42.990834 ] ] ] ] } },
{ "type": "Feature", "properties": { "codgeo": "31197", "libgeo": "Franquevielle", "dept": "31" }, "geometry": { "type": "MultiPolygon", "coordinates": [ [ [ [ 0.511331, 43.11917 ], [ 0.497796, 43.118019 ], [ 0.498462, 43.120591 ], [ 0.492805, 43.128068 ], [ 0.501507, 43.131799 ], [ 0.526286, 43.136769 ], [ 0.539875, 43.142958 ], [ 0.553382, 43.143416 ], [ 0.55823, 43.144499 ], [ 0.560008, 43.145605 ], [ 0.565536, 43.136387 ], [ 0.56809, 43.126878 ], [ 0.561079, 43.12605 ], [ 0.557057, 43.122008 ], [ 0.539899, 43.121941 ], [ 0.523465, 43.12335 ], [ 0.511331, 43.11917 ] ] ] ] } },
{ "type": "Feature", "properties": { "codgeo": "31199", "libgeo": "Fronsac", "dept": "31" }, "geometry": { "type": "MultiPolygon", "coordinates": [ [ [ [ 0.690308, 42.954178 ], [ 0.696225, 42.948689 ], [ 0.6651, 42.950704 ], [ 0.647174, 42.945524 ], [ 0.644948, 42.946196 ], [ 0.641658, 42.949317 ], [ 0.641984, 42.952876 ], [ 0.646112, 42.959968 ], [ 0.645344, 42.962052 ], [ 0.642415, 42.964155 ], [ 0.649056, 42.963562 ], [ 0.649959, 42.964071 ], [ 0.660947, 42.958924 ], [ 0.66855, 42.956607 ], [ 0.686181, 42.955201 ], [ 0.690308, 42.954178 ] ] ] ] } },
{ "type": "Feature", "properties": { "codgeo": "31200", "libgeo": "Frontignan-de-Comminges", "dept": "31" }, "geometry": { "type": "MultiPolygon", "coordinates": [ [ [ [ 0.690308, 42.954178 ], [ 0.686181, 42.955201 ], [ 0.66855, 42.956607 ], [ 0.660947, 42.958924 ], [ 0.649959, 42.964071 ], [ 0.658859, 42.97532 ], [ 0.663195, 42.968725 ], [ 0.690308, 42.954178 ] ] ] ] } },
{ "type": "Feature", "properties": { "codgeo": "31207", "libgeo": "Galié", "dept": "31" }, "geometry": { "type": "MultiPolygon", "coordinates": [ [ [ [ 0.624995, 43.002129 ], [ 0.632764, 43.006478 ], [ 0.638802, 43.005585 ], [ 0.639613, 43.007171 ], [ 0.643986, 43.002064 ], [ 0.638574, 42.998526 ], [ 0.638914, 42.9906 ], [ 0.641896, 42.984664 ], [ 0.641448, 42.983478 ], [ 0.638408, 42.982824 ], [ 0.637288, 42.976683 ], [ 0.635281, 42.976464 ], [ 0.634359, 42.978266 ], [ 0.630125, 42.981299 ], [ 0.626857, 42.991242 ], [ 0.624432, 42.99079 ], [ 0.623508, 42.991935 ], [ 0.626907, 42.995117 ], [ 0.627671, 42.998404 ], [ 0.627275, 43.000219 ], [ 0.624995, 43.002129 ] ] ] ] } },
{ "type": "Feature", "properties": { "codgeo": "31208", "libgeo": "Ganties", "dept": "31" }, "geometry": { "type": "MultiPolygon", "coordinates": [ [ [ [ 0.798906, 43.062572 ], [ 0.799311, 43.069468 ], [ 0.808939, 43.069347 ], [ 0.813725, 43.070577 ], [ 0.829136, 43.07762 ], [ 0.834433, 43.075501 ], [ 0.842022, 43.074851 ], [ 0.84676, 43.076054 ], [ 0.859916, 43.075373 ], [ 0.8718, 43.072813 ], [ 0.879187, 43.066418 ], [ 0.874372, 43.066302 ], [ 0.872067, 43.065435 ], [ 0.858728, 43.058662 ], [ 0.857226, 43.054633 ], [ 0.846204, 43.047338 ], [ 0.837771, 43.046604 ], [ 0.837207, 43.050395 ], [ 0.830679, 43.055682 ], [ 0.82115, 43.057735 ], [ 0.803509, 43.058158 ], [ 0.798906, 43.062572 ] ] ] ] } },
{ "type": "Feature", "properties": { "codgeo": "31213", "libgeo": "Garin", "dept": "31" }, "geometry": { "type": "MultiPolygon", "coordinates": [ [ [ [ 0.522891, 42.833705 ], [ 0.522469, 42.806683 ], [ 0.519476, 42.803694 ], [ 0.510001, 42.803362 ], [ 0.502056, 42.800549 ], [ 0.500013, 42.801456 ], [ 0.484895, 42.799122 ], [ 0.476627, 42.79624 ], [ 0.466445, 42.790754 ], [ 0.463153, 42.789983 ], [ 0.461733, 42.797897 ], [ 0.463432, 42.802318 ], [ 0.476122, 42.803652 ], [ 0.489934, 42.807296 ], [ 0.490595, 42.809451 ], [ 0.497362, 42.808093 ], [ 0.500159, 42.808988 ], [ 0.50849, 42.80838 ], [ 0.514876, 42.813408 ], [ 0.518123, 42.819178 ], [ 0.516191, 42.832468 ], [ 0.519019, 42.832202 ], [ 0.522891, 42.833705 ] ] ] ] } },
{ "type": "Feature", "properties": { "codgeo": "31217", "libgeo": "Génos", "dept": "31" }, "geometry": { "type": "MultiPolygon", "coordinates": [ [ [ [ 0.664591, 42.991067 ], [ 0.655866, 42.991837 ], [ 0.652798, 42.9963 ], [ 0.653247, 42.999811 ], [ 0.656978, 43.00244 ], [ 0.673649, 43.009709 ], [ 0.681128, 43.001569 ], [ 0.683406, 42.993552 ], [ 0.676885, 42.992157 ], [ 0.664591, 42.991067 ] ] ] ] } },
{ "type": "Feature", "properties": { "codgeo": "31221", "libgeo": "Gouaux-de-Larboust", "dept": "31" }, "geometry": { "type": "MultiPolygon", "coordinates": [ [ [ [ 0.502056, 42.800549 ], [ 0.497358, 42.796326 ], [ 0.497702, 42.788947 ], [ 0.495234, 42.777337 ], [ 0.478315, 42.763285 ], [ 0.463714, 42.759497 ], [ 0.460185, 42.763839 ], [ 0.455551, 42.776119 ], [ 0.461984, 42.789301 ], [ 0.466445, 42.790754 ], [ 0.476627, 42.79624 ], [ 0.484895, 42.799122 ], [ 0.500013, 42.801456 ], [ 0.502056, 42.800549 ] ] ] ] } },
{ "type": "Feature", "properties": { "codgeo": "31222", "libgeo": "Gouaux-de-Luchon", "dept": "31" }, "geometry": { "type": "MultiPolygon", "coordinates": [ [ [ [ 0.65788, 42.864259 ], [ 0.658434, 42.861967 ], [ 0.659866, 42.861002 ], [ 0.670746, 42.859366 ], [ 0.67092, 42.857159 ], [ 0.678022, 42.85525 ], [ 0.679013, 42.850675 ], [ 0.678536, 42.847642 ], [ 0.66303, 42.841605 ], [ 0.659256, 42.838633 ], [ 0.659172, 42.835336 ], [ 0.652272, 42.835383 ], [ 0.634958, 42.837174 ], [ 0.614557, 42.840278 ], [ 0.612386, 42.838744 ], [ 0.609485, 42.838253 ], [ 0.611595, 42.845197 ], [ 0.608997, 42.850125 ], [ 0.608774, 42.858831 ], [ 0.610214, 42.862133 ], [ 0.615019, 42.865217 ], [ 0.632941, 42.863388 ], [ 0.65788, 42.864259 ] ] ] ] } },
{ "type": "Feature", "properties": { "codgeo": "31224", "libgeo": "Gourdan-Polignan", "dept": "31" }, "geometry": { "type": "MultiPolygon", "coordinates": [ [ [ [ 0.596086, 43.061611 ], [ 0.590559, 43.059501 ], [ 0.575921, 43.058494 ], [ 0.566615, 43.060797 ], [ 0.562761, 43.062249 ], [ 0.560833, 43.063853 ], [ 0.558234, 43.062793 ], [ 0.556925, 43.066423 ], [ 0.564219, 43.07429 ], [ 0.567722, 43.076194 ], [ 0.569624, 43.081437 ], [ 0.572017, 43.082642 ], [ 0.5762, 43.082972 ], [ 0.578804, 43.08176 ], [ 0.580846, 43.079685 ], [ 0.589049, 43.078034 ], [ 0.587841, 43.068717 ], [ 0.588827, 43.066532 ], [ 0.596086, 43.061611 ] ] ] ] } },
{ "type": "Feature", "properties": { "codgeo": "31235", "libgeo": "Guran", "dept": "31" }, "geometry": { "type": "MultiPolygon", "coordinates": [ [ [ [ 0.630131, 42.871671 ], [ 0.619439, 42.871014 ], [ 0.615112, 42.872481 ], [ 0.617625, 42.877361 ], [ 0.61411, 42.883628 ], [ 0.608574, 42.884412 ], [ 0.598384, 42.883283 ], [ 0.579561, 42.882953 ], [ 0.579756, 42.884574 ], [ 0.582075, 42.887083 ], [ 0.585655, 42.894347 ], [ 0.609168, 42.895352 ], [ 0.619959, 42.893799 ], [ 0.621206, 42.892967 ], [ 0.630131, 42.871671 ] ] ] ] } },
{ "type": "Feature", "properties": { "codgeo": "31236", "libgeo": "Herran", "dept": "31" }, "geometry": { "type": "MultiPolygon", "coordinates": [ [ [ [ 0.874915, 42.957777 ], [ 0.873207, 42.958296 ], [ 0.854652, 42.956157 ], [ 0.857498, 42.967223 ], [ 0.856638, 42.973991 ], [ 0.850665, 42.982213 ], [ 0.876662, 42.992184 ], [ 0.888132, 42.993691 ], [ 0.877036, 42.987104 ], [ 0.890411, 42.983728 ], [ 0.903576, 42.977125 ], [ 0.912719, 42.981808 ], [ 0.927848, 42.966714 ], [ 0.923123, 42.963208 ], [ 0.912075, 42.959179 ], [ 0.90392, 42.957768 ], [ 0.893611, 42.957573 ], [ 0.884565, 42.9593 ], [ 0.874915, 42.957777 ] ] ] ] } },
{ "type": "Feature", "properties": { "codgeo": "31237", "libgeo": "His", "dept": "31" }, "geometry": { "type": "MultiPolygon", "coordinates": [ [ [ [ 0.972571, 43.077432 ], [ 0.984859, 43.068226 ], [ 0.985868, 43.062437 ], [ 0.968805, 43.058634 ], [ 0.962732, 43.055595 ], [ 0.959801, 43.052922 ], [ 0.958509, 43.048905 ], [ 0.953023, 43.050331 ], [ 0.949685, 43.054127 ], [ 0.952099, 43.057689 ], [ 0.95269, 43.061942 ], [ 0.956136, 43.066697 ], [ 0.960166, 43.078496 ], [ 0.972571, 43.077432 ] ] ] ] } },
{ "type": "Feature", "properties": { "codgeo": "31238", "libgeo": "Huos", "dept": "31" }, "geometry": { "type": "MultiPolygon", "coordinates": [ [ [ [ 0.604836, 43.052153 ], [ 0.596086, 43.061611 ], [ 0.588827, 43.066532 ], [ 0.587841, 43.068717 ], [ 0.589049, 43.078034 ], [ 0.603127, 43.082448 ], [ 0.611977, 43.074219 ], [ 0.61033, 43.065941 ], [ 0.605458, 43.057801 ], [ 0.604836, 43.052153 ] ] ] ] } },
{ "type": "Feature", "properties": { "codgeo": "31241", "libgeo": "Izaut-de-l'Hôtel", "dept": "31" }, "geometry": { "type": "MultiPolygon", "coordinates": [ [ [ [ 0.761204, 42.996747 ], [ 0.749738, 42.999282 ], [ 0.750244, 43.002449 ], [ 0.744596, 43.005918 ], [ 0.722001, 43.011401 ], [ 0.723859, 43.02205 ], [ 0.725079, 43.022203 ], [ 0.729518, 43.025963 ], [ 0.735107, 43.025813 ], [ 0.751364, 43.028302 ], [ 0.75836, 43.030418 ], [ 0.75982, 43.026297 ], [ 0.773085, 43.004567 ], [ 0.773807, 43.001791 ], [ 0.772715, 42.995792 ], [ 0.766606, 42.994346 ], [ 0.761204, 42.996747 ] ] ] ] } },
{ "type": "Feature", "properties": { "codgeo": "31242", "libgeo": "Jurvielle", "dept": "31" }, "geometry": { "type": "MultiPolygon", "coordinates": [ [ [ [ 0.478937, 42.844953 ], [ 0.47847, 42.843911 ], [ 0.483926, 42.829864 ], [ 0.493886, 42.816076 ], [ 0.490191, 42.814844 ], [ 0.475954, 42.816636 ], [ 0.466925, 42.819587 ], [ 0.463641, 42.822053 ], [ 0.458792, 42.823864 ], [ 0.46413, 42.839959 ], [ 0.466033, 42.841288 ], [ 0.467499, 42.846747 ], [ 0.478937, 42.844953 ] ] ] ] } },
{ "type": "Feature", "properties": { "codgeo": "31244", "libgeo": "Juzet-de-Luchon", "dept": "31" }, "geometry": { "type": "MultiPolygon", "coordinates": [ [ [ [ 0.608925, 42.819043 ], [ 0.613176, 42.810201 ], [ 0.622251, 42.809276 ], [ 0.627767, 42.810449 ], [ 0.640817, 42.809358 ], [ 0.644275, 42.803735 ], [ 0.65324, 42.800124 ], [ 0.659995, 42.798349 ], [ 0.653819, 42.790979 ], [ 0.652492, 42.787563 ], [ 0.635663, 42.792067 ], [ 0.620383, 42.799273 ], [ 0.615589, 42.80066 ], [ 0.604455, 42.801626 ], [ 0.603229, 42.803265 ], [ 0.602101, 42.812433 ], [ 0.604757, 42.819538 ], [ 0.608925, 42.819043 ] ] ] ] } },
{ "type": "Feature", "properties": { "codgeo": "31245", "libgeo": "Juzet-d'Izaut", "dept": "31" }, "geometry": { "type": "MultiPolygon", "coordinates": [ [ [ [ 0.758414, 42.942733 ], [ 0.754679, 42.946335 ], [ 0.740095, 42.948778 ], [ 0.737667, 42.952805 ], [ 0.736891, 42.95844 ], [ 0.742383, 42.971478 ], [ 0.742866, 42.974629 ], [ 0.739525, 42.98476 ], [ 0.745165, 42.988991 ], [ 0.750053, 42.990556 ], [ 0.750979, 42.998888 ], [ 0.761204, 42.996747 ], [ 0.766606, 42.994346 ], [ 0.777611, 42.98402 ], [ 0.779161, 42.973813 ], [ 0.775321, 42.959731 ], [ 0.76412, 42.945689 ], [ 0.758414, 42.942733 ] ] ] ] } },
{ "type": "Feature", "properties": { "codgeo": "31246", "libgeo": "Labarthe-Inard", "dept": "31" }, "geometry": { "type": "MultiPolygon", "coordinates": [ [ [ [ 0.808649, 43.108691 ], [ 0.811523, 43.118891 ], [ 0.8158, 43.123808 ], [ 0.834471, 43.121146 ], [ 0.847363, 43.116766 ], [ 0.8518, 43.114435 ], [ 0.861833, 43.103653 ], [ 0.861874, 43.100432 ], [ 0.856474, 43.099048 ], [ 0.844791, 43.097558 ], [ 0.831371, 43.09341 ], [ 0.829841, 43.091979 ], [ 0.810231, 43.097059 ], [ 0.80729, 43.096599 ], [ 0.80469, 43.097441 ], [ 0.803703, 43.099344 ], [ 0.804112, 43.102847 ], [ 0.807958, 43.103579 ], [ 0.810548, 43.106607 ], [ 0.808649, 43.108691 ] ] ] ] } },
{ "type": "Feature", "properties": { "codgeo": "31247", "libgeo": "Labarthe-Rivière", "dept": "31" }, "geometry": { "type": "MultiPolygon", "coordinates": [ [ [ [ 0.65471, 43.070911 ], [ 0.656833, 43.071663 ], [ 0.656205, 43.081017 ], [ 0.654079, 43.085079 ], [ 0.650982, 43.095947 ], [ 0.652181, 43.097915 ], [ 0.652643, 43.103745 ], [ 0.651781, 43.105264 ], [ 0.653929, 43.111023 ], [ 0.656186, 43.112887 ], [ 0.660622, 43.111808 ], [ 0.668509, 43.105001 ], [ 0.675817, 43.101275 ], [ 0.674841, 43.095389 ], [ 0.692628, 43.082054 ], [ 0.701028, 43.073669 ], [ 0.706167, 43.066045 ], [ 0.700895, 43.064767 ], [ 0.694413, 43.064819 ], [ 0.678992, 43.067452 ], [ 0.671161, 43.061931 ], [ 0.66449, 43.054494 ], [ 0.658286, 43.054631 ], [ 0.656534, 43.055907 ], [ 0.65471, 43.070911 ] ] ] ] } },
{ "type": "Feature", "properties": { "codgeo": "31255", "libgeo": "Labroquère", "dept": "31" }, "geometry": { "type": "MultiPolygon", "coordinates": [ [ [ [ 0.606153, 43.051132 ], [ 0.60623, 43.046137 ], [ 0.608846, 43.034135 ], [ 0.606588, 43.034674 ], [ 0.600437, 43.034209 ], [ 0.593222, 43.035469 ], [ 0.565336, 43.037537 ], [ 0.564801, 43.038311 ], [ 0.565486, 43.040874 ], [ 0.574144, 43.042484 ], [ 0.591533, 43.050403 ], [ 0.603714, 43.052809 ], [ 0.606153, 43.051132 ] ] ] ] } },
{ "type": "Feature", "properties": { "codgeo": "31268", "libgeo": "Lalouret-Laffiteau", "dept": "31" }, "geometry": { "type": "MultiPolygon", "coordinates": [ [ [ [ 0.685065, 43.179251 ], [ 0.676581, 43.187342 ], [ 0.700759, 43.19728 ], [ 0.717986, 43.198967 ], [ 0.718359, 43.186813 ], [ 0.720812, 43.183261 ], [ 0.71832, 43.18293 ], [ 0.705481, 43.173812 ], [ 0.695327, 43.178395 ], [ 0.686328, 43.180086 ], [ 0.685065, 43.179251 ] ] ] ] } },
{ "type": "Feature", "properties": { "codgeo": "31270", "libgeo": "Landorthe", "dept": "31" }, "geometry": { "type": "MultiPolygon", "coordinates": [ [ [ [ 0.808893, 43.140762 ], [ 0.806207, 43.138304 ], [ 0.801158, 43.13593 ], [ 0.800031, 43.131287 ], [ 0.793951, 43.124833 ], [ 0.79388, 43.112832 ], [ 0.770785, 43.112751 ], [ 0.770861, 43.121169 ], [ 0.75869, 43.120365 ], [ 0.753121, 43.136941 ], [ 0.755717, 43.142713 ], [ 0.760494, 43.144665 ], [ 0.77128, 43.144283 ], [ 0.78617, 43.1382 ], [ 0.793039, 43.13828 ], [ 0.796522, 43.141515 ], [ 0.796672, 43.142728 ], [ 0.808893, 43.140762 ] ] ] ] } },
{ "type": "Feature", "properties": { "codgeo": "31274", "libgeo": "Larcan", "dept": "31" }, "geometry": { "type": "MultiPolygon", "coordinates": [ [ [ [ 0.703396, 43.172355 ], [ 0.71832, 43.18293 ], [ 0.734189, 43.183108 ], [ 0.739239, 43.181758 ], [ 0.74311, 43.173371 ], [ 0.745191, 43.171185 ], [ 0.745155, 43.169918 ], [ 0.738254, 43.165928 ], [ 0.736378, 43.162869 ], [ 0.73015, 43.159475 ], [ 0.719439, 43.161535 ], [ 0.718749, 43.160997 ], [ 0.711373, 43.160959 ], [ 0.694454, 43.168462 ], [ 0.693926, 43.169295 ], [ 0.697743, 43.171211 ], [ 0.703396, 43.172355 ] ] ] ] } },
{ "type": "Feature", "properties": { "codgeo": "31289", "libgeo": "Lécussan", "dept": "31" }, "geometry": { "type": "MultiPolygon", "coordinates": [ [ [ [ 0.526111, 43.157119 ], [ 0.520933, 43.156436 ], [ 0.51439, 43.157146 ], [ 0.504147, 43.156399 ], [ 0.497255, 43.15367 ], [ 0.485551, 43.146518 ], [ 0.475875, 43.14331 ], [ 0.459058, 43.139152 ], [ 0.441682, 43.130964 ], [ 0.456463, 43.144824 ], [ 0.466305, 43.149853 ], [ 0.47872, 43.153877 ], [ 0.493938, 43.164721 ], [ 0.503924, 43.169473 ], [ 0.506204, 43.171608 ], [ 0.522349, 43.164861 ], [ 0.530081, 43.163747 ], [ 0.534893, 43.161969 ], [ 0.536306, 43.16057 ], [ 0.526111, 43.157119 ] ] ] ] } },
{ "type": "Feature", "properties": { "codgeo": "31290", "libgeo": "Lège", "dept": "31" }, "geometry": { "type": "MultiPolygon", "coordinates": [ [ [ [ 0.617625, 42.877361 ], [ 0.612977, 42.870023 ], [ 0.609309, 42.874409 ], [ 0.601471, 42.877643 ], [ 0.577662, 42.876705 ], [ 0.57644, 42.8807 ], [ 0.579561, 42.882953 ], [ 0.598384, 42.883283 ], [ 0.608574, 42.884412 ], [ 0.61411, 42.883628 ], [ 0.617625, 42.877361 ] ] ] ] } },
{ "type": "Feature", "properties": { "codgeo": "31294", "libgeo": "Lespiteau", "dept": "31" }, "geometry": { "type": "MultiPolygon", "coordinates": [ [ [ [ 0.771273, 43.069497 ], [ 0.769431, 43.060151 ], [ 0.760923, 43.057088 ], [ 0.74931, 43.069048 ], [ 0.759099, 43.072741 ], [ 0.769898, 43.070465 ], [ 0.771273, 43.069497 ] ] ] ] } },
{ "type": "Feature", "properties": { "codgeo": "31300", "libgeo": "Lieoux", "dept": "31" }, "geometry": { "type": "MultiPolygon", "coordinates": [ [ [ [ 0.749934, 43.161383 ], [ 0.750494, 43.162191 ], [ 0.754889, 43.163003 ], [ 0.790579, 43.15273 ], [ 0.789353, 43.150491 ], [ 0.796672, 43.142728 ], [ 0.796522, 43.141515 ], [ 0.793039, 43.13828 ], [ 0.78617, 43.1382 ], [ 0.77128, 43.144283 ], [ 0.757952, 43.145228 ], [ 0.753591, 43.152994 ], [ 0.754301, 43.155347 ], [ 0.75322, 43.157759 ], [ 0.751093, 43.161191 ], [ 0.749934, 43.161383 ] ] ] ] } },
{ "type": "Feature", "properties": { "codgeo": "31302", "libgeo": "Lodes", "dept": "31" }, "geometry": { "type": "MultiPolygon", "coordinates": [ [ [ [ 0.616209, 43.16974 ], [ 0.625555, 43.172223 ], [ 0.632849, 43.175449 ], [ 0.650012, 43.173483 ], [ 0.65803, 43.174158 ], [ 0.660849, 43.176705 ], [ 0.669803, 43.178163 ], [ 0.685065, 43.179251 ], [ 0.686328, 43.180086 ], [ 0.695327, 43.178395 ], [ 0.705481, 43.173812 ], [ 0.703396, 43.172355 ], [ 0.697743, 43.171211 ], [ 0.693926, 43.169295 ], [ 0.687417, 43.161079 ], [ 0.672166, 43.156019 ], [ 0.648375, 43.15094 ], [ 0.639516, 43.151994 ], [ 0.627722, 43.156513 ], [ 0.61679, 43.164371 ], [ 0.616209, 43.16974 ] ] ] ] } },
{ "type": "Feature", "properties": { "codgeo": "31305", "libgeo": "Loudet", "dept": "31" }, "geometry": { "type": "MultiPolygon", "coordinates": [ [ [ [ 0.589222, 43.148887 ], [ 0.591041, 43.133402 ], [ 0.587283, 43.130416 ], [ 0.577933, 43.127714 ], [ 0.56809, 43.126878 ], [ 0.565536, 43.136387 ], [ 0.560008, 43.145605 ], [ 0.563904, 43.148919 ], [ 0.579281, 43.152702 ], [ 0.589222, 43.148887 ] ] ] ] } },
{ "type": "Feature", "properties": { "codgeo": "31306", "libgeo": "Lourde", "dept": "31" }, "geometry": { "type": "MultiPolygon", "coordinates": [ [ [ [ 0.655866, 42.991837 ], [ 0.664591, 42.991067 ], [ 0.663626, 42.98381 ], [ 0.666158, 42.98092 ], [ 0.661098, 42.981697 ], [ 0.65938, 42.977938 ], [ 0.648694, 42.980933 ], [ 0.647423, 42.982126 ], [ 0.652022, 42.984311 ], [ 0.655866, 42.991837 ] ] ] ] } },
{ "type": "Feature", "properties": { "codgeo": "31308", "libgeo": "Luscan", "dept": "31" }, "geometry": { "type": "MultiPolygon", "coordinates": [ [ [ [ 0.636559, 43.017707 ], [ 0.639201, 43.015314 ], [ 0.640371, 43.010138 ], [ 0.638802, 43.005585 ], [ 0.632764, 43.006478 ], [ 0.624995, 43.002129 ], [ 0.61828, 43.010115 ], [ 0.615358, 43.011281 ], [ 0.616512, 43.020673 ], [ 0.615655, 43.021525 ], [ 0.621709, 43.022116 ], [ 0.62854, 43.020648 ], [ 0.632566, 43.018419 ], [ 0.636559, 43.017707 ] ] ] ] } },
{ "type": "Feature", "properties": { "codgeo": "31313", "libgeo": "Malvezie", "dept": "31" }, "geometry": { "type": "MultiPolygon", "coordinates": [ [ [ [ 0.683406, 42.993552 ], [ 0.681128, 43.001569 ], [ 0.673649, 43.009709 ], [ 0.683207, 43.013123 ], [ 0.694819, 43.016137 ], [ 0.707228, 43.022086 ], [ 0.723859, 43.02205 ], [ 0.722301, 43.009025 ], [ 0.718243, 43.006445 ], [ 0.714778, 43.001764 ], [ 0.712223, 42.996051 ], [ 0.698678, 42.993688 ], [ 0.693545, 42.990824 ], [ 0.683406, 42.993552 ] ] ] ] } },
{ "type": "Feature", "properties": { "codgeo": "31315", "libgeo": "Mane", "dept": "31" }, "geometry": { "type": "MultiPolygon", "coordinates": [ [ [ [ 0.932916, 43.086838 ], [ 0.934712, 43.086451 ], [ 0.937702, 43.087053 ], [ 0.941107, 43.098864 ], [ 0.961516, 43.092126 ], [ 0.961663, 43.088192 ], [ 0.959255, 43.086364 ], [ 0.956619, 43.086543 ], [ 0.955268, 43.085909 ], [ 0.954242, 43.083612 ], [ 0.95696, 43.079424 ], [ 0.960166, 43.078496 ], [ 0.956136, 43.066697 ], [ 0.95269, 43.061942 ], [ 0.947615, 43.066321 ], [ 0.942325, 43.069004 ], [ 0.931166, 43.07172 ], [ 0.927969, 43.072008 ], [ 0.924291, 43.071344 ], [ 0.923676, 43.073298 ], [ 0.926999, 43.074656 ], [ 0.932916, 43.086838 ] ] ] ] } },
{ "type": "Feature", "properties": { "codgeo": "31316", "libgeo": "Marignac", "dept": "31" }, "geometry": { "type": "MultiPolygon", "coordinates": [ [ [ [ 0.670746, 42.859366 ], [ 0.659866, 42.861002 ], [ 0.658434, 42.861967 ], [ 0.658632, 42.881242 ], [ 0.661304, 42.884293 ], [ 0.652647, 42.900456 ], [ 0.649384, 42.914276 ], [ 0.651374, 42.926596 ], [ 0.654663, 42.925287 ], [ 0.663134, 42.926626 ], [ 0.666646, 42.925844 ], [ 0.671589, 42.915325 ], [ 0.680365, 42.907672 ], [ 0.679241, 42.900975 ], [ 0.679074, 42.887886 ], [ 0.680389, 42.868914 ], [ 0.674408, 42.861535 ], [ 0.670746, 42.859366 ] ] ] ] } },
{ "type": "Feature", "properties": { "codgeo": "31321", "libgeo": "Marsoulas", "dept": "31" }, "geometry": { "type": "MultiPolygon", "coordinates": [ [ [ [ 0.992389, 43.097913 ], [ 0.988659, 43.099141 ], [ 0.980969, 43.107551 ], [ 0.982297, 43.107397 ], [ 1.00041, 43.115737 ], [ 1.000841, 43.114095 ], [ 1.003965, 43.11102 ], [ 1.004375, 43.104398 ], [ 0.999225, 43.100536 ], [ 0.992389, 43.097913 ] ] ] ] } },
{ "type": "Feature", "properties": { "codgeo": "31323", "libgeo": "Martres-de-Rivière", "dept": "31" }, "geometry": { "type": "MultiPolygon", "coordinates": [ [ [ [ 0.650982, 43.095947 ], [ 0.654079, 43.085079 ], [ 0.656205, 43.081017 ], [ 0.656833, 43.071663 ], [ 0.65471, 43.070911 ], [ 0.627483, 43.080545 ], [ 0.638976, 43.090711 ], [ 0.650982, 43.095947 ] ] ] ] } },
{ "type": "Feature", "properties": { "codgeo": "31335", "libgeo": "Mayrègne", "dept": "31" }, "geometry": { "type": "MultiPolygon", "coordinates": [ [ [ [ 0.532194, 42.83337 ], [ 0.53099, 42.834316 ], [ 0.523696, 42.836202 ], [ 0.52924, 42.846139 ], [ 0.532201, 42.849469 ], [ 0.535309, 42.85591 ], [ 0.534177, 42.861254 ], [ 0.53744, 42.862792 ], [ 0.546119, 42.862098 ], [ 0.5541, 42.860201 ], [ 0.548403, 42.843587 ], [ 0.543659, 42.836644 ], [ 0.537626, 42.835653 ], [ 0.532194, 42.83337 ] ] ] ] } },
{ "type": "Feature", "properties": { "codgeo": "31336", "libgeo": "Mazères-sur-Salat", "dept": "31" }, "geometry": { "type": "MultiPolygon", "coordinates": [ [ [ [ 0.958165, 43.114715 ], [ 0.941392, 43.125841 ], [ 0.954912, 43.134391 ], [ 0.959076, 43.144248 ], [ 0.962254, 43.143516 ], [ 0.964452, 43.146518 ], [ 0.964759, 43.149088 ], [ 0.966544, 43.150984 ], [ 0.970661, 43.153595 ], [ 0.974422, 43.154581 ], [ 0.975438, 43.1541 ], [ 0.977683, 43.149055 ], [ 0.979289, 43.138927 ], [ 0.975496, 43.130086 ], [ 0.968661, 43.120222 ], [ 0.966153, 43.113594 ], [ 0.961766, 43.114988 ], [ 0.958165, 43.114715 ] ] ] ] } },
{ "type": "Feature", "properties": { "codgeo": "31337", "libgeo": "Melles", "dept": "31" }, "geometry": { "type": "MultiPolygon", "coordinates": [ [ [ [ 0.801509, 42.840597 ], [ 0.791858, 42.846067 ], [ 0.778915, 42.856831 ], [ 0.754306, 42.86229 ], [ 0.747131, 42.865724 ], [ 0.750251, 42.87094 ], [ 0.752208, 42.876885 ], [ 0.750479, 42.882035 ], [ 0.750605, 42.884561 ], [ 0.759403, 42.884907 ], [ 0.764922, 42.886055 ], [ 0.768794, 42.887915 ], [ 0.772351, 42.893147 ], [ 0.777528, 42.89658 ], [ 0.788792, 42.900166 ], [ 0.808883, 42.900605 ], [ 0.820227, 42.902812 ], [ 0.826055, 42.902392 ], [ 0.834545, 42.900616 ], [ 0.838398, 42.898603 ], [ 0.840536, 42.896289 ], [ 0.842685, 42.890736 ], [ 0.835701, 42.876376 ], [ 0.835263, 42.872493 ], [ 0.836015, 42.870881 ], [ 0.84014, 42.867697 ], [ 0.848029, 42.865612 ], [ 0.856858, 42.839658 ], [ 0.859883, 42.838298 ], [ 0.860455, 42.832638 ], [ 0.85807, 42.825723 ], [ 0.833742, 42.828434 ], [ 0.813955, 42.837401 ], [ 0.801509, 42.840597 ] ] ] ] } },
{ "type": "Feature", "properties": { "codgeo": "31342", "libgeo": "Milhas", "dept": "31" }, "geometry": { "type": "MultiPolygon", "coordinates": [ [ [ [ 0.849828, 42.988598 ], [ 0.851774, 42.987134 ], [ 0.850665, 42.982213 ], [ 0.856638, 42.973991 ], [ 0.857498, 42.967223 ], [ 0.854652, 42.956157 ], [ 0.852238, 42.955937 ], [ 0.838265, 42.95833 ], [ 0.838211, 42.960848 ], [ 0.825436, 42.970821 ], [ 0.80844, 42.974121 ], [ 0.789173, 42.974316 ], [ 0.789268, 42.976992 ], [ 0.794784, 42.982803 ], [ 0.795516, 42.98865 ], [ 0.794052, 42.991063 ], [ 0.793596, 42.994856 ], [ 0.795053, 42.996124 ], [ 0.817174, 42.990951 ], [ 0.827004, 42.989434 ], [ 0.844903, 42.989698 ], [ 0.849828, 42.988598 ] ] ] ] } },
{ "type": "Feature", "properties": { "codgeo": "31344", "libgeo": "Miramont-de-Comminges", "dept": "31" }, "geometry": { "type": "MultiPolygon", "coordinates": [ [ [ [ 0.761217, 43.084381 ], [ 0.758226, 43.085817 ], [ 0.751449, 43.083052 ], [ 0.741376, 43.072507 ], [ 0.738819, 43.071356 ], [ 0.735058, 43.071664 ], [ 0.734909, 43.078502 ], [ 0.73016, 43.080255 ], [ 0.74918, 43.105303 ], [ 0.75147, 43.105921 ], [ 0.755583, 43.104445 ], [ 0.775755, 43.102756 ], [ 0.787121, 43.097955 ], [ 0.785516, 43.091067 ], [ 0.7774, 43.090356 ], [ 0.764351, 43.084922 ], [ 0.761217, 43.084381 ] ] ] ] } },
{ "type": "Feature", "properties": { "codgeo": "31348", "libgeo": "Moncaup", "dept": "31" }, "geometry": { "type": "MultiPolygon", "coordinates": [ [ [ [ 0.699642, 42.987359 ], [ 0.704254, 42.986971 ], [ 0.712864, 42.988601 ], [ 0.719869, 42.985312 ], [ 0.72377, 42.981904 ], [ 0.721271, 42.981376 ], [ 0.714893, 42.974038 ], [ 0.698458, 42.951912 ], [ 0.698808, 42.950345 ], [ 0.696225, 42.948689 ], [ 0.690308, 42.954178 ], [ 0.690495, 42.968103 ], [ 0.685396, 42.974947 ], [ 0.684428, 42.978805 ], [ 0.699642, 42.987359 ] ] ] ] } },
{ "type": "Feature", "properties": { "codgeo": "31357", "libgeo": "Montastruc-de-Salies", "dept": "31" }, "geometry": { "type": "MultiPolygon", "coordinates": [ [ [ [ 0.904839, 43.007774 ], [ 0.906183, 43.013022 ], [ 0.889327, 43.019632 ], [ 0.870661, 43.024566 ], [ 0.875337, 43.028986 ], [ 0.874702, 43.032806 ], [ 0.88009, 43.042314 ], [ 0.881799, 43.043702 ], [ 0.900319, 43.04929 ], [ 0.903089, 43.053751 ], [ 0.904701, 43.059012 ], [ 0.892717, 43.064597 ], [ 0.891691, 43.067656 ], [ 0.898583, 43.069501 ], [ 0.897245, 43.072671 ], [ 0.897679, 43.073614 ], [ 0.906036, 43.075836 ], [ 0.913542, 43.074687 ], [ 0.917573, 43.072947 ], [ 0.919035, 43.070328 ], [ 0.915218, 43.060549 ], [ 0.918661, 43.049624 ], [ 0.914919, 43.041303 ], [ 0.913712, 43.032993 ], [ 0.917564, 43.023031 ], [ 0.920638, 43.018095 ], [ 0.925223, 43.017084 ], [ 0.928028, 43.018018 ], [ 0.922879, 43.008583 ], [ 0.921493, 43.009705 ], [ 0.911643, 43.006547 ], [ 0.910461, 43.007295 ], [ 0.904839, 43.007774 ] ] ] ] } },
{ "type": "Feature", "properties": { "codgeo": "31360", "libgeo": "Montauban-de-Luchon", "dept": "31" }, "geometry": { "type": "MultiPolygon", "coordinates": [ [ [ [ 0.644823, 42.782984 ], [ 0.632094, 42.780327 ], [ 0.615041, 42.783229 ], [ 0.59955, 42.789321 ], [ 0.601287, 42.796667 ], [ 0.604455, 42.801626 ], [ 0.615589, 42.80066 ], [ 0.620383, 42.799273 ], [ 0.635663, 42.792067 ], [ 0.652492, 42.787563 ], [ 0.650653, 42.78583 ], [ 0.644823, 42.782984 ] ] ] ] } },
{ "type": "Feature", "properties": { "codgeo": "31369", "libgeo": "Mont-de-Galié", "dept": "31" }, "geometry": { "type": "MultiPolygon", "coordinates": [ [ [ [ 0.643986, 43.002064 ], [ 0.645505, 43.000417 ], [ 0.653247, 42.999811 ], [ 0.652798, 42.9963 ], [ 0.655866, 42.991837 ], [ 0.652022, 42.984311 ], [ 0.647423, 42.982126 ], [ 0.644683, 42.983754 ], [ 0.641448, 42.983478 ], [ 0.641896, 42.984664 ], [ 0.638914, 42.9906 ], [ 0.638574, 42.998526 ], [ 0.643986, 43.002064 ] ] ] ] } },
{ "type": "Feature", "properties": { "codgeo": "31372", "libgeo": "Montespan", "dept": "31" }, "geometry": { "type": "MultiPolygon", "coordinates": [ [ [ [ 0.829136, 43.07762 ], [ 0.831149, 43.079719 ], [ 0.829588, 43.086163 ], [ 0.829841, 43.091979 ], [ 0.831371, 43.09341 ], [ 0.844791, 43.097558 ], [ 0.856474, 43.099048 ], [ 0.861874, 43.100432 ], [ 0.884865, 43.100572 ], [ 0.887887, 43.1016 ], [ 0.883994, 43.091843 ], [ 0.882483, 43.084478 ], [ 0.883474, 43.074378 ], [ 0.888123, 43.067167 ], [ 0.886241, 43.066705 ], [ 0.881719, 43.067149 ], [ 0.879187, 43.066418 ], [ 0.8718, 43.072813 ], [ 0.859916, 43.075373 ], [ 0.84676, 43.076054 ], [ 0.842022, 43.074851 ], [ 0.834433, 43.075501 ], [ 0.829136, 43.07762 ] ] ] ] } },
{ "type": "Feature", "properties": { "codgeo": "31376", "libgeo": "Montgaillard-de-Salies", "dept": "31" }, "geometry": { "type": "MultiPolygon", "coordinates": [ [ [ [ 0.950302, 43.05297 ], [ 0.941928, 43.052131 ], [ 0.939589, 43.049566 ], [ 0.939878, 43.047773 ], [ 0.920975, 43.047611 ], [ 0.918145, 43.048224 ], [ 0.918661, 43.049624 ], [ 0.915218, 43.060549 ], [ 0.918163, 43.068203 ], [ 0.920625, 43.068465 ], [ 0.924312, 43.070536 ], [ 0.924291, 43.071344 ], [ 0.927969, 43.072008 ], [ 0.942325, 43.069004 ], [ 0.947615, 43.066321 ], [ 0.95269, 43.061942 ], [ 0.952099, 43.057689 ], [ 0.949685, 43.054127 ], [ 0.950302, 43.05297 ] ] ] ] } },
{ "type": "Feature", "properties": { "codgeo": "31390", "libgeo": "Montréjeau", "dept": "31" }, "geometry": { "type": "MultiPolygon", "coordinates": [ [ [ [ 0.564219, 43.07429 ], [ 0.553265, 43.074273 ], [ 0.55633, 43.077871 ], [ 0.554184, 43.079165 ], [ 0.546419, 43.081205 ], [ 0.531606, 43.082942 ], [ 0.530782, 43.089589 ], [ 0.532606, 43.093801 ], [ 0.545865, 43.095686 ], [ 0.55561, 43.101039 ], [ 0.564265, 43.098917 ], [ 0.574694, 43.099389 ], [ 0.57463, 43.097523 ], [ 0.577292, 43.092848 ], [ 0.581225, 43.080686 ], [ 0.580846, 43.079685 ], [ 0.578804, 43.08176 ], [ 0.5762, 43.082972 ], [ 0.572017, 43.082642 ], [ 0.569624, 43.081437 ], [ 0.567722, 43.076194 ], [ 0.564219, 43.07429 ] ] ] ] } },
{ "type": "Feature", "properties": { "codgeo": "31391", "libgeo": "Montsaunès", "dept": "31" }, "geometry": { "type": "MultiPolygon", "coordinates": [ [ [ [ 0.932916, 43.086838 ], [ 0.925221, 43.09142 ], [ 0.920652, 43.095736 ], [ 0.917653, 43.100477 ], [ 0.907479, 43.1044 ], [ 0.912932, 43.108861 ], [ 0.917367, 43.111289 ], [ 0.921943, 43.116464 ], [ 0.926539, 43.124738 ], [ 0.925646, 43.12911 ], [ 0.934761, 43.130346 ], [ 0.958165, 43.114715 ], [ 0.953519, 43.111316 ], [ 0.947247, 43.109553 ], [ 0.941389, 43.10637 ], [ 0.939704, 43.103711 ], [ 0.939011, 43.098921 ], [ 0.940648, 43.096843 ], [ 0.937702, 43.087053 ], [ 0.934712, 43.086451 ], [ 0.932916, 43.086838 ] ] ] ] } },
{ "type": "Feature", "properties": { "codgeo": "31394", "libgeo": "Moustajon", "dept": "31" }, "geometry": { "type": "MultiPolygon", "coordinates": [ [ [ [ 0.578303, 42.812712 ], [ 0.577894, 42.82105 ], [ 0.598568, 42.818065 ], [ 0.604757, 42.819538 ], [ 0.602101, 42.812433 ], [ 0.602668, 42.806815 ], [ 0.578303, 42.812712 ] ] ] ] } },
{ "type": "Feature", "properties": { "codgeo": "31404", "libgeo": "Oô", "dept": "31" }, "geometry": { "type": "MultiPolygon", "coordinates": [ [ [ [ 0.462715, 42.744254 ], [ 0.460212, 42.750427 ], [ 0.463714, 42.759497 ], [ 0.478315, 42.763285 ], [ 0.495234, 42.777337 ], [ 0.497702, 42.788947 ], [ 0.497358, 42.796326 ], [ 0.502056, 42.800549 ], [ 0.510001, 42.803362 ], [ 0.519476, 42.803694 ], [ 0.518425, 42.793624 ], [ 0.519274, 42.774786 ], [ 0.515977, 42.770999 ], [ 0.520975, 42.760432 ], [ 0.528883, 42.751193 ], [ 0.529032, 42.748589 ], [ 0.527723, 42.745593 ], [ 0.520647, 42.739183 ], [ 0.516641, 42.733768 ], [ 0.515564, 42.715193 ], [ 0.516584, 42.707557 ], [ 0.526441, 42.702549 ], [ 0.521038, 42.695845 ], [ 0.511523, 42.69208 ], [ 0.503183, 42.692683 ], [ 0.491987, 42.694974 ], [ 0.477757, 42.699979 ], [ 0.482881, 42.705953 ], [ 0.484584, 42.710275 ], [ 0.455099, 42.728057 ], [ 0.449049, 42.733852 ], [ 0.450052, 42.735218 ], [ 0.455885, 42.734389 ], [ 0.458183, 42.734813 ], [ 0.460862, 42.737115 ], [ 0.462695, 42.739214 ], [ 0.462715, 42.744254 ] ] ] ] } },
{ "type": "Feature", "properties": { "codgeo": "31405", "libgeo": "Ore", "dept": "31" }, "geometry": { "type": "MultiPolygon", "coordinates": [ [ [ [ 0.642415, 42.964155 ], [ 0.639755, 42.965269 ], [ 0.634106, 42.970512 ], [ 0.633124, 42.974654 ], [ 0.634838, 42.974904 ], [ 0.635281, 42.976464 ], [ 0.637288, 42.976683 ], [ 0.638408, 42.982824 ], [ 0.644683, 42.983754 ], [ 0.648694, 42.980933 ], [ 0.65938, 42.977938 ], [ 0.658116, 42.976416 ], [ 0.658859, 42.97532 ], [ 0.649959, 42.964071 ], [ 0.649056, 42.963562 ], [ 0.642415, 42.964155 ] ] ] ] } },
{ "type": "Feature", "properties": { "codgeo": "31408", "libgeo": "Payssous", "dept": "31" }, "geometry": { "type": "MultiPolygon", "coordinates": [ [ [ [ 0.705372, 43.047846 ], [ 0.709489, 43.047819 ], [ 0.714684, 43.045257 ], [ 0.725068, 43.043184 ], [ 0.729518, 43.025963 ], [ 0.725079, 43.022203 ], [ 0.713972, 43.022224 ], [ 0.707425, 43.03511 ], [ 0.702945, 43.046597 ], [ 0.705372, 43.047846 ] ] ] ] } },
{ "type": "Feature", "properties": { "codgeo": "31426", "libgeo": "Pointis-de-Rivière", "dept": "31" }, "geometry": { "type": "MultiPolygon", "coordinates": [ [ [ [ 0.625652, 43.092523 ], [ 0.631153, 43.10247 ], [ 0.633152, 43.103892 ], [ 0.652588, 43.107494 ], [ 0.651781, 43.105264 ], [ 0.652643, 43.103745 ], [ 0.652181, 43.097915 ], [ 0.650982, 43.095947 ], [ 0.638976, 43.090711 ], [ 0.627483, 43.080545 ], [ 0.611977, 43.074219 ], [ 0.603127, 43.082448 ], [ 0.604185, 43.083579 ], [ 0.604045, 43.085861 ], [ 0.599291, 43.090632 ], [ 0.599658, 43.0954 ], [ 0.601739, 43.097242 ], [ 0.603626, 43.097507 ], [ 0.610575, 43.094261 ], [ 0.612724, 43.091951 ], [ 0.619237, 43.090167 ], [ 0.625652, 43.092523 ] ] ] ] } },
{ "type": "Feature", "properties": { "codgeo": "31427", "libgeo": "Pointis-Inard", "dept": "31" }, "geometry": { "type": "MultiPolygon", "coordinates": [ [ [ [ 0.762694, 43.072202 ], [ 0.758927, 43.085141 ], [ 0.761217, 43.084381 ], [ 0.764351, 43.084922 ], [ 0.7774, 43.090356 ], [ 0.785516, 43.091067 ], [ 0.787121, 43.097955 ], [ 0.791757, 43.09763 ], [ 0.79398, 43.098186 ], [ 0.798361, 43.103943 ], [ 0.801127, 43.104013 ], [ 0.804112, 43.102847 ], [ 0.803703, 43.099344 ], [ 0.80469, 43.097441 ], [ 0.80729, 43.096599 ], [ 0.810231, 43.097059 ], [ 0.829841, 43.091979 ], [ 0.829588, 43.086163 ], [ 0.831149, 43.079719 ], [ 0.829136, 43.07762 ], [ 0.813725, 43.070577 ], [ 0.808939, 43.069347 ], [ 0.799311, 43.069468 ], [ 0.799009, 43.068295 ], [ 0.778911, 43.06897 ], [ 0.77438, 43.068365 ], [ 0.769898, 43.070465 ], [ 0.762694, 43.072202 ] ] ] ] } },
{ "type": "Feature", "properties": { "codgeo": "31430", "libgeo": "Ponlat-Taillebourg", "dept": "31" }, "geometry": { "type": "MultiPolygon", "coordinates": [ [ [ [ 0.567407, 43.1266 ], [ 0.577933, 43.127714 ], [ 0.587283, 43.130416 ], [ 0.591765, 43.126087 ], [ 0.601464, 43.127741 ], [ 0.600009, 43.122227 ], [ 0.606304, 43.118747 ], [ 0.612796, 43.111586 ], [ 0.621112, 43.09079 ], [ 0.619237, 43.090167 ], [ 0.612724, 43.091951 ], [ 0.610575, 43.094261 ], [ 0.603626, 43.097507 ], [ 0.601739, 43.097242 ], [ 0.588244, 43.105285 ], [ 0.576174, 43.115174 ], [ 0.567407, 43.1266 ] ] ] ] } },
{ "type": "Feature", "properties": { "codgeo": "31431", "libgeo": "Portet-d'Aspet", "dept": "31" }, "geometry": { "type": "MultiPolygon", "coordinates": [ [ [ [ 0.852238, 42.955937 ], [ 0.873207, 42.958296 ], [ 0.874915, 42.957777 ], [ 0.877535, 42.947278 ], [ 0.886088, 42.934246 ], [ 0.884422, 42.931933 ], [ 0.876039, 42.926913 ], [ 0.842065, 42.923586 ], [ 0.840916, 42.922669 ], [ 0.840239, 42.925627 ], [ 0.835017, 42.930872 ], [ 0.834964, 42.943013 ], [ 0.818395, 42.950664 ], [ 0.838265, 42.95833 ], [ 0.852238, 42.955937 ] ] ] ] } },
{ "type": "Feature", "properties": { "codgeo": "31432", "libgeo": "Portet-de-Luchon", "dept": "31" }, "geometry": { "type": "MultiPolygon", "coordinates": [ [ [ [ 0.490595, 42.809451 ], [ 0.489934, 42.807296 ], [ 0.476122, 42.803652 ], [ 0.463432, 42.802318 ], [ 0.463545, 42.804497 ], [ 0.460016, 42.804935 ], [ 0.456588, 42.809828 ], [ 0.455873, 42.816426 ], [ 0.458792, 42.823864 ], [ 0.463641, 42.822053 ], [ 0.466925, 42.819587 ], [ 0.475954, 42.816636 ], [ 0.490191, 42.814844 ], [ 0.491077, 42.81387 ], [ 0.490457, 42.812561 ], [ 0.487884, 42.810302 ], [ 0.490595, 42.809451 ] ] ] ] } },
{ "type": "Feature", "properties": { "codgeo": "31434", "libgeo": "Poubeau", "dept": "31" }, "geometry": { "type": "MultiPolygon", "coordinates": [ [ [ [ 0.485072, 42.846273 ], [ 0.488328, 42.843759 ], [ 0.49718, 42.839042 ], [ 0.497718, 42.837934 ], [ 0.502421, 42.815473 ], [ 0.502025, 42.811481 ], [ 0.500159, 42.808988 ], [ 0.497362, 42.808093 ], [ 0.487884, 42.810302 ], [ 0.490457, 42.812561 ], [ 0.491077, 42.81387 ], [ 0.490191, 42.814844 ], [ 0.493886, 42.816076 ], [ 0.483926, 42.829864 ], [ 0.47847, 42.843911 ], [ 0.480807, 42.845956 ], [ 0.485072, 42.846273 ] ] ] ] } },
{ "type": "Feature", "properties": { "codgeo": "31447", "libgeo": "Razecueillé", "dept": "31" }, "geometry": { "type": "MultiPolygon", "coordinates": [ [ [ [ 0.815512, 42.950057 ], [ 0.803477, 42.956456 ], [ 0.799057, 42.960237 ], [ 0.792853, 42.967437 ], [ 0.791979, 42.970927 ], [ 0.789173, 42.974316 ], [ 0.80844, 42.974121 ], [ 0.825436, 42.970821 ], [ 0.838211, 42.960848 ], [ 0.838265, 42.95833 ], [ 0.815512, 42.950057 ] ] ] ] } },
{ "type": "Feature", "properties": { "codgeo": "31449", "libgeo": "Régades", "dept": "31" }, "geometry": { "type": "MultiPolygon", "coordinates": [ [ [ [ 0.72649, 43.058283 ], [ 0.733512, 43.053634 ], [ 0.732545, 43.050539 ], [ 0.727063, 43.046764 ], [ 0.725068, 43.043184 ], [ 0.714684, 43.045257 ], [ 0.709489, 43.047819 ], [ 0.705372, 43.047846 ], [ 0.706947, 43.062319 ], [ 0.71927, 43.063596 ], [ 0.722349, 43.061824 ], [ 0.724128, 43.058167 ], [ 0.72649, 43.058283 ] ] ] ] } },
{ "type": "Feature", "properties": { "codgeo": "31452", "libgeo": "Rieucazé", "dept": "31" }, "geometry": { "type": "MultiPolygon", "coordinates": [ [ [ [ 0.762694, 43.072202 ], [ 0.759099, 43.072741 ], [ 0.74931, 43.069048 ], [ 0.742878, 43.068512 ], [ 0.740159, 43.069325 ], [ 0.738819, 43.071356 ], [ 0.741376, 43.072507 ], [ 0.751449, 43.083052 ], [ 0.758226, 43.085817 ], [ 0.762694, 43.072202 ] ] ] ] } },
{ "type": "Feature", "properties": { "codgeo": "31457", "libgeo": "Roquefort-sur-Garonne", "dept": "31" }, "geometry": { "type": "MultiPolygon", "coordinates": [ [ [ [ 0.976917, 43.179352 ], [ 0.978649, 43.180713 ], [ 0.986265, 43.180693 ], [ 0.992044, 43.181616 ], [ 0.999428, 43.177145 ], [ 1.005887, 43.175627 ], [ 1.006064, 43.173767 ], [ 1.01465, 43.159136 ], [ 1.003034, 43.147217 ], [ 1.001801, 43.141721 ], [ 0.988034, 43.140869 ], [ 0.979289, 43.138927 ], [ 0.977683, 43.149055 ], [ 0.975438, 43.1541 ], [ 0.974422, 43.154581 ], [ 0.970661, 43.153595 ], [ 0.966544, 43.150984 ], [ 0.964759, 43.149088 ], [ 0.964452, 43.146518 ], [ 0.962254, 43.143516 ], [ 0.959076, 43.144248 ], [ 0.953051, 43.150499 ], [ 0.956958, 43.156666 ], [ 0.961587, 43.160524 ], [ 0.96693, 43.162016 ], [ 0.969114, 43.163846 ], [ 0.976917, 43.179352 ] ] ] ] } },
{ "type": "Feature", "properties": { "codgeo": "31461", "libgeo": "Rouède", "dept": "31" }, "geometry": { "type": "MultiPolygon", "coordinates": [ [ [ [ 0.88009, 43.042314 ], [ 0.880508, 43.04391 ], [ 0.876764, 43.048745 ], [ 0.866707, 43.053811 ], [ 0.857226, 43.054633 ], [ 0.858728, 43.058662 ], [ 0.874372, 43.066302 ], [ 0.881719, 43.067149 ], [ 0.886241, 43.066705 ], [ 0.891691, 43.067656 ], [ 0.892717, 43.064597 ], [ 0.904701, 43.059012 ], [ 0.903089, 43.053751 ], [ 0.900319, 43.04929 ], [ 0.881799, 43.043702 ], [ 0.88009, 43.042314 ] ] ] ] } },
{ "type": "Feature", "properties": { "codgeo": "31465", "libgeo": "Saccourvielle", "dept": "31" }, "geometry": { "type": "MultiPolygon", "coordinates": [ [ [ [ 0.577894, 42.82105 ], [ 0.578303, 42.812712 ], [ 0.576542, 42.81147 ], [ 0.576768, 42.808293 ], [ 0.560798, 42.807295 ], [ 0.561232, 42.810389 ], [ 0.560343, 42.813752 ], [ 0.555887, 42.820228 ], [ 0.562008, 42.823325 ], [ 0.567136, 42.828858 ], [ 0.570913, 42.834487 ], [ 0.577894, 42.82105 ] ] ] ] } },
{ "type": "Feature", "properties": { "codgeo": "31470", "libgeo": "Saint-Aventin", "dept": "31" }, "geometry": { "type": "MultiPolygon", "coordinates": [ [ [ [ 0.56062, 42.806526 ], [ 0.566105, 42.797378 ], [ 0.570124, 42.795886 ], [ 0.574909, 42.795223 ], [ 0.57102, 42.787791 ], [ 0.577664, 42.773541 ], [ 0.583929, 42.766963 ], [ 0.592656, 42.75352 ], [ 0.603196, 42.746134 ], [ 0.601939, 42.738377 ], [ 0.596129, 42.725611 ], [ 0.593289, 42.7143 ], [ 0.593522, 42.708565 ], [ 0.596944, 42.705422 ], [ 0.594052, 42.704131 ], [ 0.591734, 42.705205 ], [ 0.587291, 42.710007 ], [ 0.578065, 42.727858 ], [ 0.576228, 42.732553 ], [ 0.570718, 42.760194 ], [ 0.568389, 42.76259 ], [ 0.561961, 42.766428 ], [ 0.554511, 42.775677 ], [ 0.55279, 42.779169 ], [ 0.556761, 42.789679 ], [ 0.560908, 42.792632 ], [ 0.556837, 42.798036 ], [ 0.540616, 42.802934 ], [ 0.540755, 42.806464 ], [ 0.543368, 42.809138 ], [ 0.542173, 42.812227 ], [ 0.544955, 42.812439 ], [ 0.551772, 42.810552 ], [ 0.557119, 42.808776 ], [ 0.56062, 42.806526 ] ] ] ] } },
{ "type": "Feature", "properties": { "codgeo": "31471", "libgeo": "Saint-Béat-Lez", "dept": "31" }, "geometry": { "type": "MultiPolygon", "coordinates": [ [ [ [ 0.667117, 42.928769 ], [ 0.66852, 42.92888 ], [ 0.674378, 42.926747 ], [ 0.678041, 42.923725 ], [ 0.684252, 42.92229 ], [ 0.69083, 42.921688 ], [ 0.704096, 42.922511 ], [ 0.703944, 42.919229 ], [ 0.706753, 42.915031 ], [ 0.717267, 42.908884 ], [ 0.720706, 42.901611 ], [ 0.715557, 42.901024 ], [ 0.709032, 42.90309 ], [ 0.703827, 42.903065 ], [ 0.699738, 42.901729 ], [ 0.695494, 42.898714 ], [ 0.691135, 42.893652 ], [ 0.690965, 42.887387 ], [ 0.68656, 42.878236 ], [ 0.680358, 42.869991 ], [ 0.679074, 42.887886 ], [ 0.679241, 42.900975 ], [ 0.680365, 42.907672 ], [ 0.671589, 42.915325 ], [ 0.666646, 42.925844 ], [ 0.667117, 42.928769 ] ] ] ] } },
{ "type": "Feature", "properties": { "codgeo": "31472", "libgeo": "Saint-Bertrand-de-Comminges", "dept": "31" }, "geometry": { "type": "MultiPolygon", "coordinates": [ [ [ [ 0.545872, 43.003729 ], [ 0.544151, 43.003449 ], [ 0.541404, 43.001363 ], [ 0.542026, 43.001014 ], [ 0.53105, 43.003252 ], [ 0.526952, 43.00892 ], [ 0.531571, 43.012367 ], [ 0.53477, 43.021065 ], [ 0.536512, 43.029829 ], [ 0.536249, 43.036258 ], [ 0.535122, 43.037048 ], [ 0.537932, 43.041643 ], [ 0.547235, 43.044826 ], [ 0.562511, 43.035777 ], [ 0.565901, 43.036052 ], [ 0.567241, 43.037448 ], [ 0.572664, 43.037374 ], [ 0.571916, 43.033515 ], [ 0.581199, 43.025436 ], [ 0.58568, 43.023485 ], [ 0.585476, 43.01979 ], [ 0.58393, 43.019067 ], [ 0.570339, 43.021497 ], [ 0.564366, 43.018858 ], [ 0.561385, 43.016089 ], [ 0.556681, 43.014415 ], [ 0.545872, 43.003729 ] ] ] ] } },
{ "type": "Feature", "properties": { "codgeo": "31483", "libgeo": "Saint-Gaudens", "dept": "31" }, "geometry": { "type": "MultiPolygon", "coordinates": [ [ [ [ 0.757881, 43.10945 ], [ 0.756807, 43.107228 ], [ 0.757593, 43.106668 ], [ 0.757532, 43.104472 ], [ 0.755583, 43.104445 ], [ 0.75147, 43.105921 ], [ 0.74918, 43.105303 ], [ 0.73016, 43.080255 ], [ 0.726832, 43.080888 ], [ 0.724703, 43.089487 ], [ 0.717076, 43.093424 ], [ 0.691464, 43.101723 ], [ 0.696049, 43.114832 ], [ 0.693766, 43.117765 ], [ 0.692235, 43.12301 ], [ 0.693395, 43.133729 ], [ 0.690268, 43.139306 ], [ 0.706038, 43.134613 ], [ 0.713363, 43.136147 ], [ 0.719903, 43.138966 ], [ 0.724725, 43.143944 ], [ 0.729958, 43.147308 ], [ 0.747174, 43.152812 ], [ 0.750957, 43.157048 ], [ 0.749934, 43.161383 ], [ 0.751093, 43.161191 ], [ 0.754301, 43.155347 ], [ 0.753591, 43.152994 ], [ 0.757952, 43.145228 ], [ 0.760494, 43.144665 ], [ 0.755717, 43.142713 ], [ 0.753121, 43.136941 ], [ 0.75869, 43.120365 ], [ 0.753516, 43.118476 ], [ 0.757881, 43.10945 ] ] ] ] } },
{ "type": "Feature", "properties": { "codgeo": "31487", "libgeo": "Saint-Ignan", "dept": "31" }, "geometry": { "type": "MultiPolygon", "coordinates": [ [ [ [ 0.65333, 43.148124 ], [ 0.65361, 43.151733 ], [ 0.672166, 43.156019 ], [ 0.687417, 43.161079 ], [ 0.693926, 43.169295 ], [ 0.694454, 43.168462 ], [ 0.711373, 43.160959 ], [ 0.718749, 43.160997 ], [ 0.712048, 43.154395 ], [ 0.698449, 43.14768 ], [ 0.683186, 43.15049 ], [ 0.674277, 43.151259 ], [ 0.662587, 43.150282 ], [ 0.658584, 43.148768 ], [ 0.65333, 43.148124 ] ] ] ] } },
{ "type": "Feature", "properties": { "codgeo": "31500", "libgeo": "Saint-Mamet", "dept": "31" }, "geometry": { "type": "MultiPolygon", "coordinates": [ [ [ [ 0.641055, 42.754423 ], [ 0.633177, 42.755765 ], [ 0.622088, 42.758792 ], [ 0.615735, 42.76243 ], [ 0.607644, 42.769007 ], [ 0.603506, 42.773528 ], [ 0.601363, 42.778502 ], [ 0.59955, 42.789321 ], [ 0.615041, 42.783229 ], [ 0.632094, 42.780327 ], [ 0.644823, 42.782984 ], [ 0.660582, 42.776275 ], [ 0.658481, 42.768559 ], [ 0.648951, 42.75841 ], [ 0.644131, 42.755027 ], [ 0.641055, 42.754423 ] ] ] ] } },
{ "type": "Feature", "properties": { "codgeo": "31502", "libgeo": "Saint-Marcet", "dept": "31" }, "geometry": { "type": "MultiPolygon", "coordinates": [ [ [ [ 0.745191, 43.171185 ], [ 0.74311, 43.173371 ], [ 0.739239, 43.181758 ], [ 0.734189, 43.183108 ], [ 0.720812, 43.183261 ], [ 0.718359, 43.186813 ], [ 0.717986, 43.198967 ], [ 0.719937, 43.201224 ], [ 0.722823, 43.201989 ], [ 0.72738, 43.204864 ], [ 0.727477, 43.205945 ], [ 0.724715, 43.206791 ], [ 0.735448, 43.213663 ], [ 0.746345, 43.216344 ], [ 0.751649, 43.213845 ], [ 0.76043, 43.214103 ], [ 0.760233, 43.212808 ], [ 0.77532, 43.207976 ], [ 0.774436, 43.206907 ], [ 0.777064, 43.19864 ], [ 0.774613, 43.19527 ], [ 0.763066, 43.186369 ], [ 0.75159, 43.180807 ], [ 0.745188, 43.174008 ], [ 0.745191, 43.171185 ] ] ] ] } },
{ "type": "Feature", "properties": { "codgeo": "31508", "libgeo": "Saint-Paul-d'Oueil", "dept": "31" }, "geometry": { "type": "MultiPolygon", "coordinates": [ [ [ [ 0.570913, 42.834487 ], [ 0.567136, 42.828858 ], [ 0.562008, 42.823325 ], [ 0.555887, 42.820228 ], [ 0.541584, 42.826124 ], [ 0.532194, 42.83337 ], [ 0.537626, 42.835653 ], [ 0.543659, 42.836644 ], [ 0.548403, 42.843587 ], [ 0.5541, 42.860201 ], [ 0.558834, 42.86129 ], [ 0.562344, 42.860756 ], [ 0.567586, 42.849566 ], [ 0.570913, 42.834487 ] ] ] ] } },
{ "type": "Feature", "properties": { "codgeo": "31509", "libgeo": "Saint-Pé-d'Ardet", "dept": "31" }, "geometry": { "type": "MultiPolygon", "coordinates": [ [ [ [ 0.683406, 42.993552 ], [ 0.693545, 42.990824 ], [ 0.699642, 42.987359 ], [ 0.684428, 42.978805 ], [ 0.675821, 42.977692 ], [ 0.666158, 42.98092 ], [ 0.663626, 42.98381 ], [ 0.664591, 42.991067 ], [ 0.676885, 42.992157 ], [ 0.683406, 42.993552 ] ] ] ] } },
{ "type": "Feature", "properties": { "codgeo": "31513", "libgeo": "Saint-Plancard", "dept": "31" }, "geometry": { "type": "MultiPolygon", "coordinates": [ [ [ [ 0.589222, 43.148887 ], [ 0.579281, 43.152702 ], [ 0.571281, 43.158311 ], [ 0.562952, 43.161595 ], [ 0.556379, 43.156834 ], [ 0.548833, 43.153788 ], [ 0.525663, 43.150574 ], [ 0.526111, 43.157119 ], [ 0.536306, 43.16057 ], [ 0.534893, 43.161969 ], [ 0.530081, 43.163747 ], [ 0.554451, 43.178353 ], [ 0.568723, 43.183598 ], [ 0.576929, 43.189131 ], [ 0.577363, 43.187807 ], [ 0.589129, 43.184991 ], [ 0.601886, 43.178404 ], [ 0.609451, 43.171751 ], [ 0.611178, 43.167779 ], [ 0.589369, 43.1571 ], [ 0.589222, 43.148887 ] ] ] ] } },
{ "type": "Feature", "properties": { "codgeo": "31521", "libgeo": "Saleich", "dept": "31" }, "geometry": { "type": "MultiPolygon", "coordinates": [ [ [ [ 0.950302, 43.05297 ], [ 0.953023, 43.050331 ], [ 0.963955, 43.047123 ], [ 0.984401, 43.044727 ], [ 0.986305, 43.028442 ], [ 0.989037, 43.02339 ], [ 0.989241, 43.018184 ], [ 0.987271, 43.008929 ], [ 0.981816, 42.999237 ], [ 0.981355, 42.993822 ], [ 0.975719, 42.996177 ], [ 0.972978, 42.998437 ], [ 0.963542, 43.019251 ], [ 0.958746, 43.023454 ], [ 0.942801, 43.030678 ], [ 0.941567, 43.030643 ], [ 0.943352, 43.039602 ], [ 0.941682, 43.047168 ], [ 0.939878, 43.047773 ], [ 0.939589, 43.049566 ], [ 0.941928, 43.052131 ], [ 0.950302, 43.05297 ] ] ] ] } },
{ "type": "Feature", "properties": { "codgeo": "31523", "libgeo": "Salies-du-Salat", "dept": "31" }, "geometry": { "type": "MultiPolygon", "coordinates": [ [ [ [ 0.980969, 43.107551 ], [ 0.988659, 43.099141 ], [ 0.986326, 43.096167 ], [ 0.975678, 43.090708 ], [ 0.969691, 43.089071 ], [ 0.961663, 43.088192 ], [ 0.961516, 43.092126 ], [ 0.942297, 43.098896 ], [ 0.941107, 43.098864 ], [ 0.940648, 43.096843 ], [ 0.939011, 43.098921 ], [ 0.939704, 43.103711 ], [ 0.941389, 43.10637 ], [ 0.947247, 43.109553 ], [ 0.953519, 43.111316 ], [ 0.958165, 43.114715 ], [ 0.961766, 43.114988 ], [ 0.966153, 43.113594 ], [ 0.967335, 43.1082 ], [ 0.979985, 43.106649 ], [ 0.980969, 43.107551 ] ] ] ] } },
{ "type": "Feature", "properties": { "codgeo": "31524", "libgeo": "Salles-et-Pratviel", "dept": "31" }, "geometry": { "type": "MultiPolygon", "coordinates": [ [ [ [ 0.611595, 42.845197 ], [ 0.609485, 42.838253 ], [ 0.612386, 42.838744 ], [ 0.614557, 42.840278 ], [ 0.615681, 42.839985 ], [ 0.6116, 42.834925 ], [ 0.612277, 42.826019 ], [ 0.608925, 42.819043 ], [ 0.604757, 42.819538 ], [ 0.605286, 42.824282 ], [ 0.598633, 42.84287 ], [ 0.611595, 42.845197 ] ] ] ] } },
{ "type": "Feature", "properties": { "codgeo": "31535", "libgeo": "Sauveterre-de-Comminges", "dept": "31" }, "geometry": { "type": "MultiPolygon", "coordinates": [ [ [ [ 0.713972, 43.022224 ], [ 0.707228, 43.022086 ], [ 0.694819, 43.016137 ], [ 0.683207, 43.013123 ], [ 0.673649, 43.009709 ], [ 0.656978, 43.00244 ], [ 0.653247, 42.999811 ], [ 0.645505, 43.000417 ], [ 0.639613, 43.007171 ], [ 0.640371, 43.010138 ], [ 0.639201, 43.015314 ], [ 0.636559, 43.017707 ], [ 0.637294, 43.02852 ], [ 0.634917, 43.045546 ], [ 0.642282, 43.047586 ], [ 0.64415, 43.046537 ], [ 0.648093, 43.046195 ], [ 0.655048, 43.047598 ], [ 0.662481, 43.051946 ], [ 0.671161, 43.061931 ], [ 0.678992, 43.067452 ], [ 0.694413, 43.064819 ], [ 0.700895, 43.064767 ], [ 0.706167, 43.066045 ], [ 0.706947, 43.062319 ], [ 0.705372, 43.047846 ], [ 0.702945, 43.046597 ], [ 0.707425, 43.03511 ], [ 0.713972, 43.022224 ] ] ] ] } },
{ "type": "Feature", "properties": { "codgeo": "31536", "libgeo": "Saux-et-Pomarède", "dept": "31" }, "geometry": { "type": "MultiPolygon", "coordinates": [ [ [ [ 0.652742, 43.141363 ], [ 0.653758, 43.145954 ], [ 0.652707, 43.147897 ], [ 0.658584, 43.148768 ], [ 0.662587, 43.150282 ], [ 0.674277, 43.151259 ], [ 0.683186, 43.15049 ], [ 0.698449, 43.14768 ], [ 0.712048, 43.154395 ], [ 0.719439, 43.161535 ], [ 0.73015, 43.159475 ], [ 0.736378, 43.162869 ], [ 0.738254, 43.165928 ], [ 0.745155, 43.169918 ], [ 0.748672, 43.163968 ], [ 0.752061, 43.162388 ], [ 0.750494, 43.162191 ], [ 0.749934, 43.161383 ], [ 0.750957, 43.157048 ], [ 0.747174, 43.152812 ], [ 0.729958, 43.147308 ], [ 0.724725, 43.143944 ], [ 0.719903, 43.138966 ], [ 0.713363, 43.136147 ], [ 0.706038, 43.134613 ], [ 0.690268, 43.139306 ], [ 0.679462, 43.136941 ], [ 0.654946, 43.135648 ], [ 0.652742, 43.141363 ] ] ] ] } },
{ "type": "Feature", "properties": { "codgeo": "31537", "libgeo": "Savarthès", "dept": "31" }, "geometry": { "type": "MultiPolygon", "coordinates": [ [ [ [ 0.801099, 43.134633 ], [ 0.809062, 43.130746 ], [ 0.814094, 43.127021 ], [ 0.8141, 43.12417 ], [ 0.8158, 43.123808 ], [ 0.811523, 43.118891 ], [ 0.809735, 43.112884 ], [ 0.79388, 43.112832 ], [ 0.793951, 43.124833 ], [ 0.800031, 43.131287 ], [ 0.801099, 43.134633 ] ] ] ] } },
{ "type": "Feature", "properties": { "codgeo": "31539", "libgeo": "Sédeilhac", "dept": "31" }, "geometry": { "type": "MultiPolygon", "coordinates": [ [ [ [ 0.525663, 43.150574 ], [ 0.548833, 43.153788 ], [ 0.556379, 43.156834 ], [ 0.562952, 43.161595 ], [ 0.571281, 43.158311 ], [ 0.579281, 43.152702 ], [ 0.563904, 43.148919 ], [ 0.55823, 43.144499 ], [ 0.553382, 43.143416 ], [ 0.539875, 43.142958 ], [ 0.526286, 43.136769 ], [ 0.501507, 43.131799 ], [ 0.506367, 43.133871 ], [ 0.520732, 43.147627 ], [ 0.525663, 43.150574 ] ] ] ] } },
{ "type": "Feature", "properties": { "codgeo": "31542", "libgeo": "Seilhan", "dept": "31" }, "geometry": { "type": "MultiPolygon", "coordinates": [ [ [ [ 0.565486, 43.040874 ], [ 0.561089, 43.046325 ], [ 0.561756, 43.059788 ], [ 0.558234, 43.062793 ], [ 0.560833, 43.063853 ], [ 0.562761, 43.062249 ], [ 0.566615, 43.060797 ], [ 0.575921, 43.058494 ], [ 0.590559, 43.059501 ], [ 0.596086, 43.061611 ], [ 0.603714, 43.052809 ], [ 0.591533, 43.050403 ], [ 0.574144, 43.042484 ], [ 0.565486, 43.040874 ] ] ] ] } },
{ "type": "Feature", "properties": { "codgeo": "31544", "libgeo": "Sengouagnet", "dept": "31" }, "geometry": { "type": "MultiPolygon", "coordinates": [ [ [ [ 0.766606, 42.994346 ], [ 0.772715, 42.995792 ], [ 0.777014, 42.995274 ], [ 0.788114, 42.997436 ], [ 0.793596, 42.994856 ], [ 0.794052, 42.991063 ], [ 0.795516, 42.98865 ], [ 0.794784, 42.982803 ], [ 0.789268, 42.976992 ], [ 0.789173, 42.974316 ], [ 0.791979, 42.970927 ], [ 0.792853, 42.967437 ], [ 0.799057, 42.960237 ], [ 0.803477, 42.956456 ], [ 0.815512, 42.950057 ], [ 0.805903, 42.932759 ], [ 0.804823, 42.929038 ], [ 0.794933, 42.93221 ], [ 0.789282, 42.932779 ], [ 0.781751, 42.931525 ], [ 0.767478, 42.927692 ], [ 0.755777, 42.927663 ], [ 0.751392, 42.928865 ], [ 0.748901, 42.930535 ], [ 0.748868, 42.931712 ], [ 0.753978, 42.935786 ], [ 0.758414, 42.942733 ], [ 0.76412, 42.945689 ], [ 0.775321, 42.959731 ], [ 0.779161, 42.973813 ], [ 0.777611, 42.98402 ], [ 0.766606, 42.994346 ] ] ] ] } },
{ "type": "Feature", "properties": { "codgeo": "31548", "libgeo": "Signac", "dept": "31" }, "geometry": { "type": "MultiPolygon", "coordinates": [ [ [ [ 0.597589, 42.918028 ], [ 0.599392, 42.916979 ], [ 0.604632, 42.915932 ], [ 0.613533, 42.917513 ], [ 0.6223, 42.916208 ], [ 0.632003, 42.911199 ], [ 0.636233, 42.908277 ], [ 0.632516, 42.899842 ], [ 0.62831, 42.898683 ], [ 0.626702, 42.901075 ], [ 0.613074, 42.908921 ], [ 0.604782, 42.91049 ], [ 0.595493, 42.910069 ], [ 0.598058, 42.914612 ], [ 0.597589, 42.918028 ] ] ] ] } },
{ "type": "Feature", "properties": { "codgeo": "31549", "libgeo": "Sode", "dept": "31" }, "geometry": { "type": "MultiPolygon", "coordinates": [ [ [ [ 0.659995, 42.798349 ], [ 0.65324, 42.800124 ], [ 0.644275, 42.803735 ], [ 0.640817, 42.809358 ], [ 0.627767, 42.810449 ], [ 0.622251, 42.809276 ], [ 0.613176, 42.810201 ], [ 0.608925, 42.819043 ], [ 0.612277, 42.826019 ], [ 0.619488, 42.824609 ], [ 0.627925, 42.815932 ], [ 0.642081, 42.814508 ], [ 0.648042, 42.813065 ], [ 0.661669, 42.813586 ], [ 0.664975, 42.815235 ], [ 0.670818, 42.804549 ], [ 0.669537, 42.801873 ], [ 0.664787, 42.799429 ], [ 0.659995, 42.798349 ] ] ] ] } },
{ "type": "Feature", "properties": { "codgeo": "31550", "libgeo": "Soueich", "dept": "31" }, "geometry": { "type": "MultiPolygon", "coordinates": [ [ [ [ 0.803509, 43.058158 ], [ 0.801291, 43.038581 ], [ 0.798523, 43.036295 ], [ 0.796411, 43.036734 ], [ 0.767583, 43.034425 ], [ 0.763136, 43.033147 ], [ 0.760614, 43.040712 ], [ 0.760422, 43.043234 ], [ 0.761907, 43.047623 ], [ 0.760923, 43.057088 ], [ 0.769431, 43.060151 ], [ 0.771273, 43.069497 ], [ 0.77438, 43.068365 ], [ 0.778911, 43.06897 ], [ 0.799009, 43.068295 ], [ 0.798906, 43.062572 ], [ 0.803509, 43.058158 ] ] ] ] } },
{ "type": "Feature", "properties": { "codgeo": "31554", "libgeo": "Touille", "dept": "31" }, "geometry": { "type": "MultiPolygon", "coordinates": [ [ [ [ 0.988659, 43.099141 ], [ 0.992389, 43.097913 ], [ 0.999076, 43.085067 ], [ 0.999829, 43.07682 ], [ 0.995919, 43.072265 ], [ 0.991619, 43.072126 ], [ 0.982711, 43.073571 ], [ 0.978953, 43.072565 ], [ 0.972571, 43.077432 ], [ 0.960166, 43.078496 ], [ 0.95696, 43.079424 ], [ 0.954242, 43.083612 ], [ 0.955268, 43.085909 ], [ 0.956619, 43.086543 ], [ 0.959255, 43.086364 ], [ 0.961663, 43.088192 ], [ 0.969691, 43.089071 ], [ 0.975678, 43.090708 ], [ 0.986326, 43.096167 ], [ 0.988659, 43.099141 ] ] ] ] } },
{ "type": "Feature", "properties": { "codgeo": "31556", "libgeo": "Les Tourreilles", "dept": "31" }, "geometry": { "type": "MultiPolygon", "coordinates": [ [ [ [ 0.511331, 43.11917 ], [ 0.523465, 43.12335 ], [ 0.539899, 43.121941 ], [ 0.557057, 43.122008 ], [ 0.561079, 43.12605 ], [ 0.567407, 43.1266 ], [ 0.576174, 43.115174 ], [ 0.588244, 43.105285 ], [ 0.582678, 43.102156 ], [ 0.574694, 43.099389 ], [ 0.564265, 43.098917 ], [ 0.55561, 43.101039 ], [ 0.541128, 43.10276 ], [ 0.525585, 43.102315 ], [ 0.520471, 43.105528 ], [ 0.516086, 43.116254 ], [ 0.511331, 43.11917 ] ] ] ] } },
{ "type": "Feature", "properties": { "codgeo": "31559", "libgeo": "Trébons-de-Luchon", "dept": "31" }, "geometry": { "type": "MultiPolygon", "coordinates": [ [ [ [ 0.566105, 42.797378 ], [ 0.560798, 42.807295 ], [ 0.576768, 42.808293 ], [ 0.570445, 42.801109 ], [ 0.570124, 42.795886 ], [ 0.566105, 42.797378 ] ] ] ] } },
{ "type": "Feature", "properties": { "codgeo": "31562", "libgeo": "Urau", "dept": "31" }, "geometry": { "type": "MultiPolygon", "coordinates": [ [ [ [ 0.981355, 42.993822 ], [ 0.995097, 42.990834 ], [ 0.981459, 42.980043 ], [ 0.979095, 42.974433 ], [ 0.974964, 42.972718 ], [ 0.967257, 42.971815 ], [ 0.964707, 42.970799 ], [ 0.926459, 43.003882 ], [ 0.922879, 43.008583 ], [ 0.928028, 43.018018 ], [ 0.93329, 43.025397 ], [ 0.938234, 43.029587 ], [ 0.942801, 43.030678 ], [ 0.958746, 43.023454 ], [ 0.963542, 43.019251 ], [ 0.972978, 42.998437 ], [ 0.975719, 42.996177 ], [ 0.981355, 42.993822 ] ] ] ] } },
{ "type": "Feature", "properties": { "codgeo": "31564", "libgeo": "Valcabrère", "dept": "31" }, "geometry": { "type": "MultiPolygon", "coordinates": [ [ [ [ 0.591703, 43.022689 ], [ 0.58568, 43.023485 ], [ 0.581199, 43.025436 ], [ 0.571916, 43.033515 ], [ 0.572664, 43.037374 ], [ 0.593222, 43.035469 ], [ 0.591551, 43.027582 ], [ 0.592534, 43.02595 ], [ 0.591703, 43.022689 ] ] ] ] } },
{ "type": "Feature", "properties": { "codgeo": "31565", "libgeo": "Valentine", "dept": "31" }, "geometry": { "type": "MultiPolygon", "coordinates": [ [ [ [ 0.726832, 43.080888 ], [ 0.714096, 43.074856 ], [ 0.701028, 43.073669 ], [ 0.692628, 43.082054 ], [ 0.674841, 43.095389 ], [ 0.675817, 43.101275 ], [ 0.683527, 43.103119 ], [ 0.687215, 43.101871 ], [ 0.691464, 43.101723 ], [ 0.717076, 43.093424 ], [ 0.724703, 43.089487 ], [ 0.726832, 43.080888 ] ] ] ] } },
{ "type": "Feature", "properties": { "codgeo": "31585", "libgeo": "Villeneuve-de-Rivière", "dept": "31" }, "geometry": { "type": "MultiPolygon", "coordinates": [ [ [ [ 0.696049, 43.114832 ], [ 0.691464, 43.101723 ], [ 0.687215, 43.101871 ], [ 0.683527, 43.103119 ], [ 0.675817, 43.101275 ], [ 0.668509, 43.105001 ], [ 0.660622, 43.111808 ], [ 0.656186, 43.112887 ], [ 0.653929, 43.111023 ], [ 0.653, 43.111107 ], [ 0.647746, 43.116835 ], [ 0.640108, 43.133854 ], [ 0.640689, 43.141197 ], [ 0.65012, 43.140617 ], [ 0.652742, 43.141363 ], [ 0.654946, 43.135648 ], [ 0.679462, 43.136941 ], [ 0.690268, 43.139306 ], [ 0.693395, 43.133729 ], [ 0.692235, 43.12301 ], [ 0.693766, 43.117765 ], [ 0.696049, 43.114832 ] ] ] ] } },
{ "type": "Feature", "properties": { "codgeo": "31586", "libgeo": "Villeneuve-Lécussan", "dept": "31" }, "geometry": { "type": "MultiPolygon", "coordinates": [ [ [ [ 0.506367, 43.133871 ], [ 0.492805, 43.128068 ], [ 0.498462, 43.120591 ], [ 0.497796, 43.118019 ], [ 0.478252, 43.112188 ], [ 0.464929, 43.11132 ], [ 0.452989, 43.111259 ], [ 0.452704, 43.112427 ], [ 0.464402, 43.118059 ], [ 0.461159, 43.123119 ], [ 0.447379, 43.129605 ], [ 0.442189, 43.130862 ], [ 0.459058, 43.139152 ], [ 0.475875, 43.14331 ], [ 0.485551, 43.146518 ], [ 0.497255, 43.15367 ], [ 0.504147, 43.156399 ], [ 0.51439, 43.157146 ], [ 0.520933, 43.156436 ], [ 0.526111, 43.157119 ], [ 0.525663, 43.150574 ], [ 0.520732, 43.147627 ], [ 0.506367, 43.133871 ] ] ] ] } },
{ "type": "Feature", "properties": { "codgeo": "31590", "libgeo": "Binos", "dept": "31" }, "geometry": { "type": "MultiPolygon", "coordinates": [ [ [ [ 0.626702, 42.901075 ], [ 0.614862, 42.898978 ], [ 0.598147, 42.902736 ], [ 0.594775, 42.905107 ], [ 0.592289, 42.908534 ], [ 0.595493, 42.910069 ], [ 0.604782, 42.91049 ], [ 0.613074, 42.908921 ], [ 0.626702, 42.901075 ] ] ] ] } },
{ "type": "Feature", "properties": { "codgeo": "31591", "libgeo": "Escoulis", "dept": "31" }, "geometry": { "type": "MultiPolygon", "coordinates": [ [ [ [ 1.038606, 43.100346 ], [ 1.032594, 43.099451 ], [ 1.024838, 43.102424 ], [ 1.011964, 43.109663 ], [ 1.009632, 43.113248 ], [ 1.01144, 43.114716 ], [ 1.018048, 43.11687 ], [ 1.01849, 43.118038 ], [ 1.033895, 43.118407 ], [ 1.039001, 43.122175 ], [ 1.050844, 43.119815 ], [ 1.044317, 43.111555 ], [ 1.038606, 43.100346 ] ] ] ] } },
{ "type": "Feature", "properties": { "codgeo": "65106", "libgeo": "Bourisp", "dept": "65" }, "geometry": { "type": "MultiPolygon", "coordinates": [ [ [ [ 0.333009, 42.824492 ], [ 0.331633, 42.826815 ], [ 0.331812, 42.828706 ], [ 0.340243, 42.84253 ], [ 0.341889, 42.841937 ], [ 0.346999, 42.836504 ], [ 0.351749, 42.829502 ], [ 0.347336, 42.826556 ], [ 0.340704, 42.824141 ], [ 0.338694, 42.825367 ], [ 0.333009, 42.824492 ] ] ] ] } },
{ "type": "Feature", "properties": { "codgeo": "64006", "libgeo": "Accous", "dept": "64" }, "geometry": { "type": "MultiPolygon", "coordinates": [ [ [ [ -0.493041, 42.967996 ], [ -0.492964, 42.955935 ], [ -0.494459, 42.949592 ], [ -0.508693, 42.929459 ], [ -0.510273, 42.929013 ], [ -0.522016, 42.935719 ], [ -0.529372, 42.938367 ], [ -0.540966, 42.941836 ], [ -0.54966, 42.942959 ], [ -0.569925, 42.951079 ], [ -0.590215, 42.956365 ], [ -0.603892, 42.952673 ], [ -0.608669, 42.945071 ], [ -0.610524, 42.938988 ], [ -0.607872, 42.931133 ], [ -0.605896, 42.929561 ], [ -0.602347, 42.928346 ], [ -0.600053, 42.925878 ], [ -0.598992, 42.919836 ], [ -0.601035, 42.909056 ], [ -0.625541, 42.873015 ], [ -0.636147, 42.853313 ], [ -0.648744, 42.855179 ], [ -0.65593, 42.858883 ], [ -0.66211, 42.866432 ], [ -0.662707, 42.870737 ], [ -0.651386, 42.880351 ], [ -0.64346, 42.888537 ], [ -0.630485, 42.916035 ], [ -0.622091, 42.92664 ], [ -0.613051, 42.942718 ], [ -0.615236, 42.95259 ], [ -0.61496, 42.953787 ], [ -0.611765, 42.956272 ], [ -0.610406, 42.960875 ], [ -0.609788, 42.968965 ], [ -0.61441, 42.982209 ], [ -0.614337, 42.984594 ], [ -0.611717, 42.984505 ], [ -0.603464, 42.986822 ], [ -0.596588, 42.990354 ], [ -0.582941, 42.992421 ], [ -0.565531, 42.992428 ], [ -0.56339, 42.986581 ], [ -0.558384, 42.983472 ], [ -0.541585, 42.976968 ], [ -0.533302, 42.974481 ], [ -0.519728, 42.973941 ], [ -0.50764, 42.972009 ], [ -0.500427, 42.970612 ], [ -0.493041, 42.967996 ] ] ] ] } },
{ "type": "Feature", "properties": { "codgeo": "64007", "libgeo": "Agnos", "dept": "64" }, "geometry": { "type": "MultiPolygon", "coordinates": [ [ [ [ -0.665422, 43.141192 ], [ -0.665078, 43.143169 ], [ -0.661433, 43.148032 ], [ -0.643398, 43.154871 ], [ -0.637016, 43.159314 ], [ -0.629023, 43.168101 ], [ -0.610829, 43.172113 ], [ -0.606356, 43.16859 ], [ -0.608437, 43.16805 ], [ -0.608254, 43.150343 ], [ -0.615489, 43.14479 ], [ -0.63395, 43.139057 ], [ -0.641084, 43.142385 ], [ -0.658607, 43.140024 ], [ -0.665422, 43.141192 ] ] ] ] } },
{ "type": "Feature", "properties": { "codgeo": "64008", "libgeo": "Ahaxe-Alciette-Bascassan", "dept": "64" }, "geometry": { "type": "MultiPolygon", "coordinates": [ [ [ [ -1.123227, 43.159503 ], [ -1.123604, 43.158627 ], [ -1.12999, 43.155146 ], [ -1.145966, 43.147331 ], [ -1.161549, 43.126169 ], [ -1.162794, 43.1178 ], [ -1.180261, 43.119743 ], [ -1.18755, 43.125757 ], [ -1.18693, 43.153361 ], [ -1.185305, 43.15517 ], [ -1.181867, 43.154349 ], [ -1.175604, 43.158592 ], [ -1.152148, 43.162035 ], [ -1.135499, 43.165383 ], [ -1.129941, 43.163891 ], [ -1.123227, 43.159503 ] ] ] ] } },
{ "type": "Feature", "properties": { "codgeo": "64011", "libgeo": "Aincille", "dept": "64" }, "geometry": { "type": "MultiPolygon", "coordinates": [ [ [ [ -1.178219, 43.119187 ], [ -1.186153, 43.117503 ], [ -1.192519, 43.120777 ], [ -1.2015, 43.121838 ], [ -1.206794, 43.11991 ], [ -1.210622, 43.135783 ], [ -1.208117, 43.138551 ], [ -1.205697, 43.14414 ], [ -1.206014, 43.148342 ], [ -1.203305, 43.148401 ], [ -1.18693, 43.153361 ], [ -1.18755, 43.125757 ], [ -1.180261, 43.119743 ], [ -1.178219, 43.119187 ] ] ] ] } },
{ "type": "Feature", "properties": { "codgeo": "64012", "libgeo": "Ainharp", "dept": "64" }, "geometry": { "type": "MultiPolygon", "coordinates": [ [ [ [ -0.914885, 43.262872 ], [ -0.916213, 43.262177 ], [ -0.91669, 43.255944 ], [ -0.920172, 43.247071 ], [ -0.923758, 43.228535 ], [ -0.925612, 43.226843 ], [ -0.930173, 43.226933 ], [ -0.932848, 43.229841 ], [ -0.946969, 43.239017 ], [ -0.951622, 43.240981 ], [ -0.955844, 43.240649 ], [ -0.965431, 43.249408 ], [ -0.967492, 43.249595 ], [ -0.957968, 43.258594 ], [ -0.956847, 43.265213 ], [ -0.952316, 43.268239 ], [ -0.940569, 43.262601 ], [ -0.936859, 43.262555 ], [ -0.931539, 43.264417 ], [ -0.931065, 43.265337 ], [ -0.93488, 43.270358 ], [ -0.935252, 43.275724 ], [ -0.933594, 43.281611 ], [ -0.927311, 43.282489 ], [ -0.918067, 43.280834 ], [ -0.911658, 43.272462 ], [ -0.914885, 43.262872 ] ] ] ] } },
{ "type": "Feature", "properties": { "codgeo": "64013", "libgeo": "Ainhice-Mongelos", "dept": "64" }, "geometry": { "type": "MultiPolygon", "coordinates": [ [ [ [ -1.172098, 43.201994 ], [ -1.175355, 43.202114 ], [ -1.177858, 43.203621 ], [ -1.177711, 43.205288 ], [ -1.180409, 43.210428 ], [ -1.183483, 43.213439 ], [ -1.179762, 43.222564 ], [ -1.176582, 43.226592 ], [ -1.167831, 43.232794 ], [ -1.15995, 43.226026 ], [ -1.154678, 43.224471 ], [ -1.148681, 43.225151 ], [ -1.14001, 43.227402 ], [ -1.13439, 43.225147 ], [ -1.131825, 43.219141 ], [ -1.143159, 43.208521 ], [ -1.147725, 43.199056 ], [ -1.151406, 43.195127 ], [ -1.158003, 43.197046 ], [ -1.163473, 43.199649 ], [ -1.164533, 43.202089 ], [ -1.169777, 43.203099 ], [ -1.172098, 43.201994 ] ] ] ] } },
{ "type": "Feature", "properties": { "codgeo": "64014", "libgeo": "Ainhoa", "dept": "64" }, "geometry": { "type": "MultiPolygon", "coordinates": [ [ [ [ -1.505851, 43.324124 ], [ -1.486631, 43.324552 ], [ -1.483249, 43.321676 ], [ -1.475819, 43.302738 ], [ -1.471382, 43.295499 ], [ -1.459052, 43.289956 ], [ -1.453054, 43.283167 ], [ -1.446035, 43.269049 ], [ -1.460799, 43.271404 ], [ -1.496553, 43.284396 ], [ -1.502663, 43.2888 ], [ -1.505956, 43.29352 ], [ -1.505976, 43.2969 ], [ -1.515428, 43.306251 ], [ -1.516879, 43.310582 ], [ -1.505851, 43.324124 ] ] ] ] } },
{ "type": "Feature", "properties": { "codgeo": "64015", "libgeo": "Alçay-Alçabéhéty-Sunharette", "dept": "64" }, "geometry": { "type": "MultiPolygon", "coordinates": [ [ [ [ -0.961953, 43.114705 ], [ -0.934288, 43.10452 ], [ -0.909448, 43.112651 ], [ -0.893915, 43.114795 ], [ -0.890587, 43.112177 ], [ -0.883826, 43.10368 ], [ -0.883068, 43.101049 ], [ -0.891032, 43.098849 ], [ -0.897509, 43.091956 ], [ -0.898439, 43.088997 ], [ -0.901406, 43.088771 ], [ -0.925123, 43.095058 ], [ -0.934328, 43.095164 ], [ -0.937407, 43.094487 ], [ -0.956546, 43.084171 ], [ -0.968729, 43.076108 ], [ -0.986892, 43.072821 ], [ -0.995066, 43.068718 ], [ -1.007499, 43.059163 ], [ -1.017801, 43.055169 ], [ -1.021317, 43.058049 ], [ -1.025509, 43.053503 ], [ -1.047689, 43.055989 ], [ -1.042554, 43.073803 ], [ -1.029831, 43.072701 ], [ -1.032097, 43.084281 ], [ -1.038119, 43.094163 ], [ -1.015151, 43.095176 ], [ -1.00138, 43.099288 ], [ -0.991234, 43.098397 ], [ -0.975328, 43.093676 ], [ -0.973158, 43.093601 ], [ -0.969653, 43.094782 ], [ -0.967533, 43.096375 ], [ -0.962705, 43.103644 ], [ -0.962489, 43.104975 ], [ -0.965243, 43.109188 ], [ -0.961953, 43.114705 ] ] ] ] } },
{ "type": "Feature", "properties": { "codgeo": "64016", "libgeo": "Aldudes", "dept": "64" }, "geometry": { "type": "MultiPolygon", "coordinates": [ [ [ [ -1.456069, 43.063236 ], [ -1.471614, 43.080791 ], [ -1.472363, 43.08327 ], [ -1.471281, 43.091001 ], [ -1.464538, 43.097372 ], [ -1.451872, 43.10238 ], [ -1.433912, 43.114305 ], [ -1.426954, 43.119898 ], [ -1.426607, 43.121589 ], [ -1.425839, 43.12062 ], [ -1.424375, 43.120544 ], [ -1.416366, 43.121153 ], [ -1.410383, 43.116692 ], [ -1.401005, 43.105025 ], [ -1.393064, 43.09136 ], [ -1.401917, 43.089769 ], [ -1.414825, 43.081403 ], [ -1.44357, 43.065849 ], [ -1.456069, 43.063236 ] ] ] ] } },
{ "type": "Feature", "properties": { "codgeo": "64017", "libgeo": "Alos-Sibas-Abense", "dept": "64" }, "geometry": { "type": "MultiPolygon", "coordinates": [ [ [ [ -0.893915, 43.114795 ], [ -0.891784, 43.126403 ], [ -0.889869, 43.127793 ], [ -0.881665, 43.129007 ], [ -0.880154, 43.123598 ], [ -0.876287, 43.123318 ], [ -0.865971, 43.11731 ], [ -0.861179, 43.111504 ], [ -0.860011, 43.104504 ], [ -0.86518, 43.096891 ], [ -0.87943, 43.102653 ], [ -0.883068, 43.101049 ], [ -0.883826, 43.10368 ], [ -0.890587, 43.112177 ], [ -0.893915, 43.114795 ] ] ] ] } },
{ "type": "Feature", "properties": { "codgeo": "64026", "libgeo": "Anhaux", "dept": "64" }, "geometry": { "type": "MultiPolygon", "coordinates": [ [ [ [ -1.336322, 43.113185 ], [ -1.336674, 43.115826 ], [ -1.332772, 43.119513 ], [ -1.33036, 43.127077 ], [ -1.329035, 43.128665 ], [ -1.325219, 43.131627 ], [ -1.317995, 43.135506 ], [ -1.312701, 43.139843 ], [ -1.303629, 43.158173 ], [ -1.304025, 43.162098 ], [ -1.300443, 43.17142 ], [ -1.295217, 43.173803 ], [ -1.287495, 43.174514 ], [ -1.282944, 43.17249 ], [ -1.283122, 43.169258 ], [ -1.271806, 43.169286 ], [ -1.269886, 43.170513 ], [ -1.267474, 43.169962 ], [ -1.27189, 43.164687 ], [ -1.275841, 43.16272 ], [ -1.275755, 43.160156 ], [ -1.284596, 43.14568 ], [ -1.289411, 43.140793 ], [ -1.296582, 43.137544 ], [ -1.299321, 43.13354 ], [ -1.298691, 43.129083 ], [ -1.300895, 43.12573 ], [ -1.326236, 43.11748 ], [ -1.336322, 43.113185 ] ] ] ] } },
{ "type": "Feature", "properties": { "codgeo": "64029", "libgeo": "Aramits", "dept": "64" }, "geometry": { "type": "MultiPolygon", "coordinates": [ [ [ [ -0.66561, 43.127493 ], [ -0.665625, 43.11793 ], [ -0.685131, 43.110302 ], [ -0.685997, 43.108513 ], [ -0.71263, 43.108475 ], [ -0.719767, 43.10767 ], [ -0.744252, 43.112025 ], [ -0.742677, 43.114969 ], [ -0.74939, 43.126967 ], [ -0.763282, 43.133843 ], [ -0.770497, 43.139003 ], [ -0.77292, 43.141633 ], [ -0.775039, 43.142331 ], [ -0.773133, 43.151698 ], [ -0.768906, 43.159126 ], [ -0.764188, 43.158382 ], [ -0.754769, 43.158929 ], [ -0.740809, 43.157766 ], [ -0.731828, 43.161075 ], [ -0.723515, 43.154769 ], [ -0.71755, 43.148088 ], [ -0.688873, 43.130757 ], [ -0.675984, 43.125706 ], [ -0.66561, 43.127493 ] ] ] ] } },
{ "type": "Feature", "properties": { "codgeo": "64039", "libgeo": "Aren", "dept": "64" }, "geometry": { "type": "MultiPolygon", "coordinates": [ [ [ [ -0.690114, 43.250862 ], [ -0.691214, 43.253451 ], [ -0.693259, 43.253934 ], [ -0.69453, 43.255745 ], [ -0.700312, 43.258895 ], [ -0.710913, 43.255152 ], [ -0.715735, 43.254699 ], [ -0.718027, 43.252001 ], [ -0.717812, 43.247121 ], [ -0.731361, 43.244843 ], [ -0.739954, 43.242114 ], [ -0.745974, 43.238671 ], [ -0.747795, 43.235117 ], [ -0.757403, 43.227419 ], [ -0.761234, 43.225263 ], [ -0.76703, 43.235585 ], [ -0.770414, 43.238777 ], [ -0.766717, 43.239132 ], [ -0.749442, 43.245636 ], [ -0.736983, 43.251519 ], [ -0.724531, 43.256232 ], [ -0.712458, 43.255157 ], [ -0.7018, 43.258677 ], [ -0.69848, 43.261939 ], [ -0.699327, 43.265986 ], [ -0.696942, 43.267716 ], [ -0.693658, 43.264393 ], [ -0.687872, 43.263919 ], [ -0.678449, 43.256536 ], [ -0.676416, 43.253516 ], [ -0.676329, 43.249835 ], [ -0.685161, 43.25158 ], [ -0.690114, 43.250862 ] ] ] ] } },
{ "type": "Feature", "properties": { "codgeo": "64040", "libgeo": "Arette", "dept": "64" }, "geometry": { "type": "MultiPolygon", "coordinates": [ [ [ [ -0.735687, 42.998268 ], [ -0.73621, 42.990369 ], [ -0.724107, 42.972619 ], [ -0.72046, 42.956622 ], [ -0.740583, 42.948842 ], [ -0.751275, 42.96569 ], [ -0.758234, 42.967853 ], [ -0.763883, 42.968466 ], [ -0.783825, 42.964465 ], [ -0.784715, 42.967236 ], [ -0.787713, 42.968144 ], [ -0.793653, 42.975261 ], [ -0.797259, 42.983006 ], [ -0.797878, 42.987666 ], [ -0.794428, 42.990434 ], [ -0.776799, 42.998205 ], [ -0.754467, 42.998758 ], [ -0.754244, 43.001279 ], [ -0.763675, 43.012628 ], [ -0.774909, 43.016824 ], [ -0.77801, 43.016959 ], [ -0.776922, 43.021989 ], [ -0.775262, 43.024356 ], [ -0.775964, 43.03134 ], [ -0.779398, 43.04181 ], [ -0.773381, 43.05306 ], [ -0.77724, 43.061431 ], [ -0.775843, 43.068952 ], [ -0.764797, 43.08106 ], [ -0.757987, 43.084888 ], [ -0.751979, 43.091219 ], [ -0.749362, 43.10471 ], [ -0.746768, 43.109479 ], [ -0.744252, 43.112025 ], [ -0.719767, 43.10767 ], [ -0.71263, 43.108475 ], [ -0.685997, 43.108513 ], [ -0.682195, 43.106312 ], [ -0.680396, 43.103679 ], [ -0.679678, 43.098373 ], [ -0.680891, 43.09001 ], [ -0.6859, 43.085852 ], [ -0.686926, 43.080872 ], [ -0.686403, 43.076305 ], [ -0.684623, 43.071357 ], [ -0.676476, 43.059713 ], [ -0.677133, 43.059406 ], [ -0.676097, 43.050676 ], [ -0.677196, 43.04814 ], [ -0.680399, 43.042074 ], [ -0.687937, 43.033849 ], [ -0.696103, 43.044385 ], [ -0.702459, 43.048673 ], [ -0.712806, 43.040818 ], [ -0.711856, 43.027291 ], [ -0.714539, 43.019857 ], [ -0.724407, 43.011636 ], [ -0.729701, 43.005823 ], [ -0.735687, 42.998268 ] ] ] ] } },
{ "type": "Feature", "properties": { "codgeo": "64045", "libgeo": "Arhansus", "dept": "64" }, "geometry": { "type": "MultiPolygon", "coordinates": [ [ [ [ -1.018224, 43.243515 ], [ -1.020355, 43.245724 ], [ -1.026205, 43.247934 ], [ -1.034414, 43.249103 ], [ -1.046028, 43.252609 ], [ -1.037054, 43.267275 ], [ -1.030838, 43.270056 ], [ -1.018592, 43.259223 ], [ -1.007229, 43.255667 ], [ -1.004535, 43.253516 ], [ -1.006757, 43.248334 ], [ -1.012227, 43.245073 ], [ -1.018224, 43.243515 ] ] ] ] } },
{ "type": "Feature", "properties": { "codgeo": "64046", "libgeo": "Armendarits", "dept": "64" }, "geometry": { "type": "MultiPolygon", "coordinates": [ [ [ [ -1.135539, 43.270611 ], [ -1.138427, 43.27322 ], [ -1.143302, 43.280371 ], [ -1.15454, 43.28818 ], [ -1.157626, 43.288974 ], [ -1.180177, 43.29055 ], [ -1.200017, 43.29592 ], [ -1.20575, 43.295762 ], [ -1.206337, 43.296283 ], [ -1.197736, 43.303551 ], [ -1.194776, 43.31365 ], [ -1.193224, 43.313322 ], [ -1.185519, 43.314642 ], [ -1.173898, 43.321757 ], [ -1.158376, 43.31732 ], [ -1.13459, 43.303345 ], [ -1.135938, 43.301346 ], [ -1.132852, 43.296523 ], [ -1.127293, 43.291175 ], [ -1.124046, 43.27925 ], [ -1.125086, 43.274222 ], [ -1.131608, 43.27277 ], [ -1.135539, 43.270611 ] ] ] ] } },
{ "type": "Feature", "properties": { "codgeo": "64047", "libgeo": "Arnéguy", "dept": "64" }, "geometry": { "type": "MultiPolygon", "coordinates": [ [ [ [ -1.2476, 43.042636 ], [ -1.254776, 43.042936 ], [ -1.264213, 43.045787 ], [ -1.266812, 43.04923 ], [ -1.274006, 43.055519 ], [ -1.283274, 43.061238 ], [ -1.287053, 43.063089 ], [ -1.304184, 43.067756 ], [ -1.306913, 43.075106 ], [ -1.301082, 43.089162 ], [ -1.298522, 43.092739 ], [ -1.289618, 43.10281 ], [ -1.281197, 43.109991 ], [ -1.273485, 43.114841 ], [ -1.269984, 43.118271 ], [ -1.270376, 43.12155 ], [ -1.26349, 43.120603 ], [ -1.256102, 43.116936 ], [ -1.252278, 43.110501 ], [ -1.250013, 43.100792 ], [ -1.251342, 43.097096 ], [ -1.256954, 43.091228 ], [ -1.250379, 43.08645 ], [ -1.262515, 43.077621 ], [ -1.266649, 43.07332 ], [ -1.268952, 43.068099 ], [ -1.268147, 43.059878 ], [ -1.258652, 43.049123 ], [ -1.2476, 43.042636 ] ] ] ] } },
{ "type": "Feature", "properties": { "codgeo": "64050", "libgeo": "Arrast-Larrebieu", "dept": "64" }, "geometry": { "type": "MultiPolygon", "coordinates": [ [ [ [ -0.824649, 43.295663 ], [ -0.829342, 43.292644 ], [ -0.838027, 43.284573 ], [ -0.84916, 43.277106 ], [ -0.858488, 43.267919 ], [ -0.865453, 43.259517 ], [ -0.867547, 43.260527 ], [ -0.869253, 43.27587 ], [ -0.867258, 43.281937 ], [ -0.865185, 43.285007 ], [ -0.863766, 43.285498 ], [ -0.864223, 43.288646 ], [ -0.849393, 43.297807 ], [ -0.839116, 43.300462 ], [ -0.828524, 43.305349 ], [ -0.824649, 43.295663 ] ] ] ] } },
{ "type": "Feature", "properties": { "codgeo": "64058", "libgeo": "Arthez-d'Asson", "dept": "64" }, "geometry": { "type": "MultiPolygon", "coordinates": [ [ [ [ -0.275137, 43.097471 ], [ -0.270661, 43.101626 ], [ -0.253153, 43.102797 ], [ -0.245986, 43.101812 ], [ -0.237234, 43.098004 ], [ -0.232958, 43.092594 ], [ -0.231931, 43.087525 ], [ -0.241942, 43.081591 ], [ -0.253157, 43.072751 ], [ -0.260752, 43.063635 ], [ -0.263928, 43.068527 ], [ -0.264802, 43.078718 ], [ -0.26268, 43.082517 ], [ -0.259025, 43.083452 ], [ -0.257642, 43.084785 ], [ -0.259988, 43.089563 ], [ -0.263721, 43.093805 ], [ -0.275137, 43.097471 ] ] ] ] } },
{ "type": "Feature", "properties": { "codgeo": "64062", "libgeo": "Arudy", "dept": "64" }, "geometry": { "type": "MultiPolygon", "coordinates": [ [ [ [ -0.471618, 43.077061 ], [ -0.472624, 43.076315 ], [ -0.481191, 43.074594 ], [ -0.52372, 43.086353 ], [ -0.518565, 43.096911 ], [ -0.512735, 43.105742 ], [ -0.509156, 43.114744 ], [ -0.501165, 43.122707 ], [ -0.501544, 43.123273 ], [ -0.499085, 43.12432 ], [ -0.49014, 43.122703 ], [ -0.4883, 43.120704 ], [ -0.484613, 43.119773 ], [ -0.471468, 43.119076 ], [ -0.459237, 43.114176 ], [ -0.452026, 43.115671 ], [ -0.443554, 43.118606 ], [ -0.42556, 43.116015 ], [ -0.415524, 43.101945 ], [ -0.424184, 43.095716 ], [ -0.425847, 43.095897 ], [ -0.440988, 43.090885 ], [ -0.455766, 43.087838 ], [ -0.473878, 43.085215 ], [ -0.47543, 43.084389 ], [ -0.477474, 43.081465 ], [ -0.471618, 43.077061 ] ] ] ] } },
{ "type": "Feature", "properties": { "codgeo": "64064", "libgeo": "Asasp-Arros", "dept": "64" }, "geometry": { "type": "MultiPolygon", "coordinates": [ [ [ [ -0.606291, 43.071606 ], [ -0.612618, 43.070501 ], [ -0.636955, 43.070145 ], [ -0.635965, 43.072565 ], [ -0.635996, 43.088145 ], [ -0.625863, 43.100751 ], [ -0.630679, 43.111119 ], [ -0.639738, 43.113129 ], [ -0.649829, 43.116692 ], [ -0.665625, 43.11793 ], [ -0.665217, 43.128418 ], [ -0.673311, 43.130383 ], [ -0.668867, 43.138791 ], [ -0.665422, 43.141192 ], [ -0.658607, 43.140024 ], [ -0.641084, 43.142385 ], [ -0.63395, 43.139057 ], [ -0.615489, 43.14479 ], [ -0.608254, 43.150343 ], [ -0.600952, 43.150208 ], [ -0.591821, 43.147745 ], [ -0.597218, 43.138334 ], [ -0.597334, 43.134649 ], [ -0.601812, 43.126822 ], [ -0.606642, 43.120843 ], [ -0.610109, 43.117957 ], [ -0.617249, 43.113869 ], [ -0.622018, 43.112378 ], [ -0.624474, 43.108325 ], [ -0.620686, 43.097764 ], [ -0.61477, 43.094344 ], [ -0.612354, 43.0845 ], [ -0.606291, 43.071606 ] ] ] ] } },
{ "type": "Feature", "properties": { "codgeo": "64065", "libgeo": "Ascain", "dept": "64" }, "geometry": { "type": "MultiPolygon", "coordinates": [ [ [ [ -1.655247, 43.355594 ], [ -1.648711, 43.355667 ], [ -1.640886, 43.359685 ], [ -1.639964, 43.363561 ], [ -1.641068, 43.367463 ], [ -1.628965, 43.367179 ], [ -1.621545, 43.365249 ], [ -1.617564, 43.366839 ], [ -1.619623, 43.358863 ], [ -1.615911, 43.351256 ], [ -1.608738, 43.348228 ], [ -1.596131, 43.338999 ], [ -1.602699, 43.331512 ], [ -1.609652, 43.32542 ], [ -1.621026, 43.319367 ], [ -1.635412, 43.309021 ], [ -1.64054, 43.317309 ], [ -1.645926, 43.31787 ], [ -1.650073, 43.320184 ], [ -1.659341, 43.329309 ], [ -1.660229, 43.333863 ], [ -1.659621, 43.339681 ], [ -1.654793, 43.348783 ], [ -1.655247, 43.355594 ] ] ] ] } },
{ "type": "Feature", "properties": { "codgeo": "64066", "libgeo": "Ascarat", "dept": "64" }, "geometry": { "type": "MultiPolygon", "coordinates": [ [ [ [ -1.27632, 43.199463 ], [ -1.275856, 43.203057 ], [ -1.274285, 43.204886 ], [ -1.268479, 43.204933 ], [ -1.263515, 43.20409 ], [ -1.259866, 43.202451 ], [ -1.256233, 43.198036 ], [ -1.256147, 43.189025 ], [ -1.259118, 43.181065 ], [ -1.258927, 43.178867 ], [ -1.247822, 43.171329 ], [ -1.250161, 43.168119 ], [ -1.254361, 43.165535 ], [ -1.255029, 43.163517 ], [ -1.262929, 43.166512 ], [ -1.272012, 43.163289 ], [ -1.275755, 43.160156 ], [ -1.275841, 43.16272 ], [ -1.27189, 43.164687 ], [ -1.267474, 43.169962 ], [ -1.269886, 43.170513 ], [ -1.26818, 43.17359 ], [ -1.269536, 43.175622 ], [ -1.271208, 43.184039 ], [ -1.26927, 43.190769 ], [ -1.269057, 43.196357 ], [ -1.272549, 43.199896 ], [ -1.27632, 43.199463 ] ] ] ] } },
{ "type": "Feature", "properties": { "codgeo": "64068", "libgeo": "Asson", "dept": "64" }, "geometry": { "type": "MultiPolygon", "coordinates": [ [ [ [ -0.229779, 43.133721 ], [ -0.226278, 43.119656 ], [ -0.225089, 43.110273 ], [ -0.227538, 43.107647 ], [ -0.223653, 43.105989 ], [ -0.215312, 43.104142 ], [ -0.194378, 43.105519 ], [ -0.191902, 43.104788 ], [ -0.19593, 43.104061 ], [ -0.198266, 43.101718 ], [ -0.197861, 43.099415 ], [ -0.195407, 43.095131 ], [ -0.187117, 43.090732 ], [ -0.187968, 43.085092 ], [ -0.191658, 43.07722 ], [ -0.198226, 43.070025 ], [ -0.198906, 43.064442 ], [ -0.196951, 43.060431 ], [ -0.192199, 43.057035 ], [ -0.185663, 43.056794 ], [ -0.181956, 43.05253 ], [ -0.197156, 43.046063 ], [ -0.21424, 43.036212 ], [ -0.223925, 43.033711 ], [ -0.22933, 43.036858 ], [ -0.236788, 43.039496 ], [ -0.253671, 43.03936 ], [ -0.257918, 43.038306 ], [ -0.260662, 43.038623 ], [ -0.260549, 43.040012 ], [ -0.262363, 43.042449 ], [ -0.266594, 43.044337 ], [ -0.26855, 43.044529 ], [ -0.275379, 43.041742 ], [ -0.276584, 43.040454 ], [ -0.301902, 43.049122 ], [ -0.302834, 43.055767 ], [ -0.296508, 43.070698 ], [ -0.291618, 43.076062 ], [ -0.296721, 43.085275 ], [ -0.302084, 43.088185 ], [ -0.300648, 43.095071 ], [ -0.294809, 43.100157 ], [ -0.290482, 43.098718 ], [ -0.275137, 43.097471 ], [ -0.263721, 43.093805 ], [ -0.259988, 43.089563 ], [ -0.257642, 43.084785 ], [ -0.259025, 43.083452 ], [ -0.26268, 43.082517 ], [ -0.264802, 43.078718 ], [ -0.263928, 43.068527 ], [ -0.260752, 43.063635 ], [ -0.253157, 43.072751 ], [ -0.241942, 43.081591 ], [ -0.231931, 43.087525 ], [ -0.232958, 43.092594 ], [ -0.237234, 43.098004 ], [ -0.245986, 43.101812 ], [ -0.253153, 43.102797 ], [ -0.270661, 43.101626 ], [ -0.278077, 43.104952 ], [ -0.284379, 43.109595 ], [ -0.291045, 43.119884 ], [ -0.290092, 43.122437 ], [ -0.289524, 43.132716 ], [ -0.29445, 43.143643 ], [ -0.295385, 43.156434 ], [ -0.282325, 43.16792 ], [ -0.273402, 43.163937 ], [ -0.248648, 43.170281 ], [ -0.243167, 43.154628 ], [ -0.241095, 43.143321 ], [ -0.23899, 43.140282 ], [ -0.229779, 43.133721 ] ] ] ] } },
{ "type": "Feature", "properties": { "codgeo": "64069", "libgeo": "Aste-Béon", "dept": "64" }, "geometry": { "type": "MultiPolygon", "coordinates": [ [ [ [ -0.371294, 43.026215 ], [ -0.375206, 43.025987 ], [ -0.375391, 43.023385 ], [ -0.371593, 43.01797 ], [ -0.380804, 43.006891 ], [ -0.385018, 43.005469 ], [ -0.391345, 43.006034 ], [ -0.395768, 43.006974 ], [ -0.403584, 43.010118 ], [ -0.411506, 43.009025 ], [ -0.417467, 43.00452 ], [ -0.419861, 43.011487 ], [ -0.42057, 43.01784 ], [ -0.418115, 43.019506 ], [ -0.415479, 43.029772 ], [ -0.418306, 43.03407 ], [ -0.421341, 43.035594 ], [ -0.423119, 43.037515 ], [ -0.42263, 43.039697 ], [ -0.413502, 43.054189 ], [ -0.413898, 43.056067 ], [ -0.389848, 43.052465 ], [ -0.370043, 43.037911 ], [ -0.371294, 43.026215 ] ] ] ] } },
{ "type": "Feature", "properties": { "codgeo": "64081", "libgeo": "Aussurucq", "dept": "64" }, "geometry": { "type": "MultiPolygon", "coordinates": [ [ [ [ -1.034999, 43.118676 ], [ -1.016875, 43.13583 ], [ -1.012281, 43.136198 ], [ -1.003662, 43.131583 ], [ -0.99867, 43.132504 ], [ -0.990385, 43.14509 ], [ -0.988296, 43.151538 ], [ -0.984534, 43.155543 ], [ -0.97572, 43.162004 ], [ -0.96412, 43.167073 ], [ -0.953796, 43.169902 ], [ -0.949939, 43.173175 ], [ -0.940475, 43.169465 ], [ -0.937401, 43.16748 ], [ -0.929027, 43.158718 ], [ -0.91804, 43.152851 ], [ -0.918217, 43.151396 ], [ -0.926536, 43.141602 ], [ -0.933095, 43.125422 ], [ -0.937522, 43.124254 ], [ -0.959203, 43.114255 ], [ -0.961953, 43.114705 ], [ -0.965243, 43.109188 ], [ -0.962489, 43.104975 ], [ -0.962705, 43.103644 ], [ -0.967533, 43.096375 ], [ -0.969653, 43.094782 ], [ -0.973158, 43.093601 ], [ -0.975328, 43.093676 ], [ -0.991234, 43.098397 ], [ -1.00138, 43.099288 ], [ -1.015151, 43.095176 ], [ -1.038119, 43.094163 ], [ -1.037488, 43.103298 ], [ -1.041415, 43.113972 ], [ -1.04459, 43.115132 ], [ -1.034999, 43.118676 ] ] ] ] } },
{ "type": "Feature", "properties": { "codgeo": "65107", "libgeo": "Bourréac", "dept": "65" }, "geometry": { "type": "MultiPolygon", "coordinates": [ [ [ [ 0.012173, 43.100492 ], [ -0.003296, 43.102223 ], [ -0.006808, 43.107319 ], [ -0.005701, 43.108674 ], [ 0.00022, 43.109259 ], [ 0.002067, 43.110157 ], [ 0.007772, 43.10718 ], [ 0.009553, 43.107424 ], [ 0.014956, 43.102404 ], [ 0.012173, 43.100492 ] ] ] ] } },
{ "type": "Feature", "properties": { "codgeo": "64085", "libgeo": "Aydius", "dept": "64" }, "geometry": { "type": "MultiPolygon", "coordinates": [ [ [ [ -0.472864, 43.001068 ], [ -0.487957, 42.972768 ], [ -0.493041, 42.967996 ], [ -0.500427, 42.970612 ], [ -0.50764, 42.972009 ], [ -0.519728, 42.973941 ], [ -0.533302, 42.974481 ], [ -0.558384, 42.983472 ], [ -0.56339, 42.986581 ], [ -0.565531, 42.992428 ], [ -0.565277, 43.012895 ], [ -0.562208, 43.01554 ], [ -0.541747, 43.015699 ], [ -0.53052, 43.017481 ], [ -0.522836, 43.022361 ], [ -0.519571, 43.025954 ], [ -0.517213, 43.03205 ], [ -0.515031, 43.03377 ], [ -0.509338, 43.034102 ], [ -0.493777, 43.019178 ], [ -0.484628, 43.015221 ], [ -0.482394, 43.013393 ], [ -0.481847, 43.010095 ], [ -0.472864, 43.001068 ] ] ] ] } },
{ "type": "Feature", "properties": { "codgeo": "64092", "libgeo": "Banca", "dept": "64" }, "geometry": { "type": "MultiPolygon", "coordinates": [ [ [ [ -1.332315, 43.121012 ], [ -1.332772, 43.119513 ], [ -1.336674, 43.115826 ], [ -1.336322, 43.113185 ], [ -1.33237, 43.107844 ], [ -1.341263, 43.097344 ], [ -1.344567, 43.086747 ], [ -1.341954, 43.075836 ], [ -1.345124, 43.050643 ], [ -1.353893, 43.028297 ], [ -1.365543, 43.030726 ], [ -1.37205, 43.049247 ], [ -1.373786, 43.061357 ], [ -1.376956, 43.067792 ], [ -1.387566, 43.076209 ], [ -1.389778, 43.086313 ], [ -1.401005, 43.105025 ], [ -1.410383, 43.116692 ], [ -1.416366, 43.121153 ], [ -1.424375, 43.120544 ], [ -1.425839, 43.12062 ], [ -1.426607, 43.121589 ], [ -1.424374, 43.12498 ], [ -1.416668, 43.127067 ], [ -1.414157, 43.129859 ], [ -1.414024, 43.136118 ], [ -1.415868, 43.149671 ], [ -1.407553, 43.155483 ], [ -1.397544, 43.146879 ], [ -1.372921, 43.137086 ], [ -1.367717, 43.138592 ], [ -1.364313, 43.141977 ], [ -1.356867, 43.140659 ], [ -1.346497, 43.131434 ], [ -1.337742, 43.122024 ], [ -1.335523, 43.120844 ], [ -1.332315, 43.121012 ] ] ] ] } },
{ "type": "Feature", "properties": { "codgeo": "64093", "libgeo": "Barcus", "dept": "64" }, "geometry": { "type": "MultiPolygon", "coordinates": [ [ [ [ -0.775306, 43.248784 ], [ -0.772578, 43.248604 ], [ -0.770377, 43.246202 ], [ -0.77167, 43.245072 ], [ -0.772389, 43.24145 ], [ -0.76703, 43.235585 ], [ -0.761234, 43.225263 ], [ -0.762156, 43.22457 ], [ -0.760469, 43.218087 ], [ -0.755739, 43.211816 ], [ -0.745892, 43.203074 ], [ -0.746336, 43.202285 ], [ -0.750587, 43.201523 ], [ -0.761921, 43.193529 ], [ -0.766731, 43.188589 ], [ -0.771826, 43.180384 ], [ -0.774013, 43.174663 ], [ -0.77305, 43.167705 ], [ -0.768906, 43.159126 ], [ -0.773133, 43.151698 ], [ -0.775039, 43.142331 ], [ -0.77933, 43.135909 ], [ -0.783551, 43.118189 ], [ -0.799373, 43.122978 ], [ -0.810427, 43.130635 ], [ -0.802887, 43.132605 ], [ -0.80218, 43.134939 ], [ -0.808973, 43.144727 ], [ -0.813613, 43.147612 ], [ -0.843806, 43.14753 ], [ -0.84609, 43.157234 ], [ -0.849421, 43.162866 ], [ -0.843409, 43.164123 ], [ -0.830693, 43.168577 ], [ -0.833136, 43.175309 ], [ -0.830309, 43.185651 ], [ -0.817946, 43.200477 ], [ -0.815231, 43.199155 ], [ -0.812914, 43.198977 ], [ -0.806327, 43.200105 ], [ -0.796898, 43.208867 ], [ -0.786654, 43.216777 ], [ -0.782272, 43.222326 ], [ -0.78001, 43.230155 ], [ -0.783865, 43.234163 ], [ -0.783153, 43.237368 ], [ -0.778292, 43.247504 ], [ -0.775306, 43.248784 ] ] ] ] } },
{ "type": "Feature", "properties": { "codgeo": "64104", "libgeo": "Bedous", "dept": "64" }, "geometry": { "type": "MultiPolygon", "coordinates": [ [ [ [ -0.611717, 42.984505 ], [ -0.615448, 42.984696 ], [ -0.611646, 42.988026 ], [ -0.604178, 43.000195 ], [ -0.602068, 43.005297 ], [ -0.603944, 43.019122 ], [ -0.602018, 43.022955 ], [ -0.604102, 43.029671 ], [ -0.599841, 43.029608 ], [ -0.587788, 43.023888 ], [ -0.570543, 43.017715 ], [ -0.566055, 43.01495 ], [ -0.565277, 43.012895 ], [ -0.565531, 42.992428 ], [ -0.582941, 42.992421 ], [ -0.596588, 42.990354 ], [ -0.603464, 42.986822 ], [ -0.611717, 42.984505 ] ] ] ] } },
{ "type": "Feature", "properties": { "codgeo": "64107", "libgeo": "Béhorléguy", "dept": "64" }, "geometry": { "type": "MultiPolygon", "coordinates": [ [ [ [ -1.038119, 43.094163 ], [ -1.058922, 43.099714 ], [ -1.06896, 43.108425 ], [ -1.07335, 43.109843 ], [ -1.080405, 43.109733 ], [ -1.086418, 43.105179 ], [ -1.099579, 43.107501 ], [ -1.107821, 43.109968 ], [ -1.116757, 43.113872 ], [ -1.124815, 43.119371 ], [ -1.126488, 43.132867 ], [ -1.122794, 43.140379 ], [ -1.118953, 43.141317 ], [ -1.103865, 43.141627 ], [ -1.10068, 43.144022 ], [ -1.05729, 43.123812 ], [ -1.04459, 43.115132 ], [ -1.041415, 43.113972 ], [ -1.037488, 43.103298 ], [ -1.038119, 43.094163 ] ] ] ] } },
{ "type": "Feature", "properties": { "codgeo": "64110", "libgeo": "Béost", "dept": "64" }, "geometry": { "type": "MultiPolygon", "coordinates": [ [ [ [ -0.420191, 42.999274 ], [ -0.408467, 42.995751 ], [ -0.397458, 42.993592 ], [ -0.389428, 42.992928 ], [ -0.384653, 42.993279 ], [ -0.375952, 42.995227 ], [ -0.36613, 43.000783 ], [ -0.357289, 43.004559 ], [ -0.348973, 43.006052 ], [ -0.335865, 43.005002 ], [ -0.326886, 43.008184 ], [ -0.324904, 43.011059 ], [ -0.320857, 43.012326 ], [ -0.311749, 43.013485 ], [ -0.298462, 43.010715 ], [ -0.288946, 43.005582 ], [ -0.287576, 43.005513 ], [ -0.292588, 42.9918 ], [ -0.286298, 42.957434 ], [ -0.280721, 42.94322 ], [ -0.279275, 42.942348 ], [ -0.281197, 42.934292 ], [ -0.285353, 42.929912 ], [ -0.290037, 42.929088 ], [ -0.297779, 42.930973 ], [ -0.310853, 42.945345 ], [ -0.321562, 42.958957 ], [ -0.332478, 42.96744 ], [ -0.339335, 42.969884 ], [ -0.370381, 42.974451 ], [ -0.382539, 42.980192 ], [ -0.393004, 42.982505 ], [ -0.398536, 42.982705 ], [ -0.414126, 42.985631 ], [ -0.419878, 42.990959 ], [ -0.420191, 42.999274 ] ] ] ] } },
{ "type": "Feature", "properties": { "codgeo": "64115", "libgeo": "Berrogain-Laruns", "dept": "64" }, "geometry": { "type": "MultiPolygon", "coordinates": [ [ [ [ -0.851225, 43.245321 ], [ -0.873046, 43.242668 ], [ -0.874992, 43.248081 ], [ -0.874982, 43.252203 ], [ -0.872723, 43.255354 ], [ -0.870112, 43.255691 ], [ -0.866566, 43.257416 ], [ -0.865453, 43.259517 ], [ -0.846794, 43.2532 ], [ -0.848392, 43.248626 ], [ -0.851225, 43.245321 ] ] ] ] } },
{ "type": "Feature", "properties": { "codgeo": "64116", "libgeo": "Bescat", "dept": "64" }, "geometry": { "type": "MultiPolygon", "coordinates": [ [ [ [ -0.400369, 43.133341 ], [ -0.40189, 43.129353 ], [ -0.414991, 43.122901 ], [ -0.42556, 43.116015 ], [ -0.443554, 43.118606 ], [ -0.442838, 43.128442 ], [ -0.433529, 43.135417 ], [ -0.427126, 43.144454 ], [ -0.421218, 43.148032 ], [ -0.419665, 43.145919 ], [ -0.409779, 43.138347 ], [ -0.4054, 43.139448 ], [ -0.402426, 43.138886 ], [ -0.400921, 43.137535 ], [ -0.400369, 43.133341 ] ] ] ] } },
{ "type": "Feature", "properties": { "codgeo": "64157", "libgeo": "Buzy", "dept": "64" }, "geometry": { "type": "MultiPolygon", "coordinates": [ [ [ [ -0.421218, 43.148032 ], [ -0.427126, 43.144454 ], [ -0.433529, 43.135417 ], [ -0.442838, 43.128442 ], [ -0.443554, 43.118606 ], [ -0.452026, 43.115671 ], [ -0.459237, 43.114176 ], [ -0.471468, 43.119076 ], [ -0.484613, 43.119773 ], [ -0.4883, 43.120704 ], [ -0.489446, 43.122059 ], [ -0.48756, 43.123865 ], [ -0.48119, 43.125553 ], [ -0.472196, 43.13041 ], [ -0.465399, 43.143058 ], [ -0.451339, 43.162537 ], [ -0.444873, 43.162657 ], [ -0.434162, 43.15956 ], [ -0.426658, 43.160151 ], [ -0.419445, 43.167564 ], [ -0.413815, 43.169686 ], [ -0.40371, 43.167421 ], [ -0.403178, 43.165673 ], [ -0.407556, 43.1638 ], [ -0.412367, 43.156027 ], [ -0.421218, 43.148032 ] ] ] ] } },
{ "type": "Feature", "properties": { "codgeo": "64124", "libgeo": "Bidarray", "dept": "64" }, "geometry": { "type": "MultiPolygon", "coordinates": [ [ [ [ -1.292882, 43.290374 ], [ -1.295397, 43.284486 ], [ -1.301648, 43.279283 ], [ -1.308418, 43.27596 ], [ -1.312242, 43.27493 ], [ -1.320502, 43.259843 ], [ -1.325552, 43.263175 ], [ -1.334677, 43.261726 ], [ -1.339129, 43.260125 ], [ -1.345189, 43.242203 ], [ -1.350818, 43.237927 ], [ -1.355282, 43.235674 ], [ -1.356486, 43.236457 ], [ -1.359779, 43.235987 ], [ -1.364228, 43.233768 ], [ -1.378281, 43.235105 ], [ -1.381565, 43.244519 ], [ -1.382544, 43.253101 ], [ -1.403107, 43.268988 ], [ -1.413205, 43.273477 ], [ -1.396592, 43.282036 ], [ -1.379549, 43.292639 ], [ -1.363238, 43.300881 ], [ -1.361941, 43.30056 ], [ -1.360419, 43.301473 ], [ -1.351965, 43.303307 ], [ -1.329315, 43.299313 ], [ -1.328486, 43.2986 ], [ -1.292882, 43.290374 ] ] ] ] } },
{ "type": "Feature", "properties": { "codgeo": "64126", "libgeo": "Bidos", "dept": "64" }, "geometry": { "type": "MultiPolygon", "coordinates": [ [ [ [ -0.612982, 43.177024 ], [ -0.609673, 43.178906 ], [ -0.609854, 43.181961 ], [ -0.606853, 43.182767 ], [ -0.600109, 43.179984 ], [ -0.598885, 43.177133 ], [ -0.598827, 43.169857 ], [ -0.606356, 43.16859 ], [ -0.610829, 43.172113 ], [ -0.612982, 43.177024 ] ] ] ] } },
{ "type": "Feature", "properties": { "codgeo": "64127", "libgeo": "Bielle", "dept": "64" }, "geometry": { "type": "MultiPolygon", "coordinates": [ [ [ [ -0.413898, 43.056067 ], [ -0.413502, 43.054189 ], [ -0.42263, 43.039697 ], [ -0.424676, 43.039231 ], [ -0.435447, 43.040426 ], [ -0.449157, 43.039163 ], [ -0.455806, 43.034117 ], [ -0.462351, 43.026953 ], [ -0.464637, 43.014846 ], [ -0.482394, 43.013393 ], [ -0.484628, 43.015221 ], [ -0.493777, 43.019178 ], [ -0.509338, 43.034102 ], [ -0.502095, 43.044776 ], [ -0.502225, 43.071261 ], [ -0.493811, 43.068301 ], [ -0.477607, 43.064473 ], [ -0.471331, 43.056114 ], [ -0.474913, 43.052891 ], [ -0.477215, 43.047069 ], [ -0.461952, 43.047049 ], [ -0.455997, 43.048056 ], [ -0.44474, 43.056305 ], [ -0.436487, 43.064184 ], [ -0.429486, 43.069239 ], [ -0.428968, 43.074026 ], [ -0.438766, 43.074815 ], [ -0.428292, 43.078879 ], [ -0.420061, 43.078402 ], [ -0.421797, 43.059747 ], [ -0.413898, 43.056067 ] ] ] ] } },
{ "type": "Feature", "properties": { "codgeo": "64128", "libgeo": "Bilhères", "dept": "64" }, "geometry": { "type": "MultiPolygon", "coordinates": [ [ [ [ -0.52372, 43.086353 ], [ -0.481191, 43.074594 ], [ -0.467459, 43.077529 ], [ -0.440962, 43.074318 ], [ -0.438766, 43.074815 ], [ -0.428968, 43.074026 ], [ -0.429486, 43.069239 ], [ -0.436487, 43.064184 ], [ -0.44474, 43.056305 ], [ -0.455997, 43.048056 ], [ -0.461952, 43.047049 ], [ -0.477215, 43.047069 ], [ -0.474913, 43.052891 ], [ -0.471331, 43.056114 ], [ -0.477607, 43.064473 ], [ -0.493811, 43.068301 ], [ -0.502225, 43.071261 ], [ -0.502095, 43.044776 ], [ -0.523627, 43.055845 ], [ -0.520308, 43.059853 ], [ -0.525154, 43.079226 ], [ -0.52372, 43.086353 ] ] ] ] } },
{ "type": "Feature", "properties": { "codgeo": "64136", "libgeo": "Borce", "dept": "64" }, "geometry": { "type": "MultiPolygon", "coordinates": [ [ [ [ -0.578735, 42.922393 ], [ -0.574062, 42.91443 ], [ -0.562533, 42.884124 ], [ -0.552782, 42.865473 ], [ -0.551032, 42.859131 ], [ -0.550861, 42.84926 ], [ -0.557855, 42.838141 ], [ -0.55992, 42.832905 ], [ -0.560883, 42.814631 ], [ -0.556622, 42.810012 ], [ -0.554562, 42.803882 ], [ -0.55495, 42.799301 ], [ -0.567625, 42.780812 ], [ -0.570493, 42.782989 ], [ -0.570179, 42.787865 ], [ -0.564613, 42.799899 ], [ -0.566142, 42.803714 ], [ -0.568582, 42.806329 ], [ -0.569175, 42.806941 ], [ -0.576733, 42.808206 ], [ -0.579609, 42.806003 ], [ -0.592576, 42.803086 ], [ -0.599196, 42.805263 ], [ -0.600476, 42.807133 ], [ -0.599645, 42.810429 ], [ -0.602048, 42.828768 ], [ -0.613095, 42.835454 ], [ -0.619649, 42.837951 ], [ -0.629579, 42.84672 ], [ -0.632578, 42.851447 ], [ -0.636147, 42.853313 ], [ -0.625541, 42.873015 ], [ -0.601035, 42.909056 ], [ -0.598992, 42.919836 ], [ -0.589701, 42.922823 ], [ -0.578735, 42.922393 ] ] ] ] } },
{ "type": "Feature", "properties": { "codgeo": "64148", "libgeo": "Bruges-Capbis-Mifaget", "dept": "64" }, "geometry": { "type": "MultiPolygon", "coordinates": [ [ [ [ -0.328285, 43.115434 ], [ -0.31987, 43.124077 ], [ -0.324132, 43.128057 ], [ -0.329057, 43.137271 ], [ -0.326472, 43.145871 ], [ -0.30654, 43.153722 ], [ -0.295351, 43.161056 ], [ -0.294426, 43.160221 ], [ -0.303024, 43.154939 ], [ -0.30152, 43.153448 ], [ -0.299347, 43.153333 ], [ -0.295385, 43.156434 ], [ -0.29445, 43.143643 ], [ -0.289524, 43.132716 ], [ -0.290092, 43.122437 ], [ -0.291045, 43.119884 ], [ -0.284379, 43.109595 ], [ -0.278077, 43.104952 ], [ -0.270661, 43.101626 ], [ -0.275137, 43.097471 ], [ -0.290482, 43.098718 ], [ -0.294809, 43.100157 ], [ -0.300648, 43.095071 ], [ -0.30876, 43.096879 ], [ -0.309848, 43.100489 ], [ -0.309099, 43.102405 ], [ -0.303585, 43.105569 ], [ -0.30722, 43.109896 ], [ -0.315406, 43.109587 ], [ -0.328285, 43.115434 ] ] ] ] } },
{ "type": "Feature", "properties": { "codgeo": "64150", "libgeo": "Bunus", "dept": "64" }, "geometry": { "type": "MultiPolygon", "coordinates": [ [ [ [ -1.060118, 43.222053 ], [ -1.054514, 43.216682 ], [ -1.050014, 43.210015 ], [ -1.047416, 43.207755 ], [ -1.04279, 43.206358 ], [ -1.038841, 43.206846 ], [ -1.039677, 43.204993 ], [ -1.054314, 43.196642 ], [ -1.073566, 43.193136 ], [ -1.079973, 43.195279 ], [ -1.081988, 43.207024 ], [ -1.080326, 43.208021 ], [ -1.079396, 43.210267 ], [ -1.080298, 43.212284 ], [ -1.079337, 43.215327 ], [ -1.07722, 43.217841 ], [ -1.068203, 43.220818 ], [ -1.060118, 43.222053 ] ] ] ] } },
{ "type": "Feature", "properties": { "codgeo": "64154", "libgeo": "Bussunarits-Sarrasquette", "dept": "64" }, "geometry": { "type": "MultiPolygon", "coordinates": [ [ [ [ -1.123227, 43.159503 ], [ -1.129941, 43.163891 ], [ -1.135499, 43.165383 ], [ -1.152148, 43.162035 ], [ -1.175604, 43.158592 ], [ -1.181867, 43.154349 ], [ -1.187404, 43.161411 ], [ -1.186317, 43.16336 ], [ -1.18269, 43.164683 ], [ -1.181285, 43.166303 ], [ -1.180332, 43.170021 ], [ -1.181122, 43.172073 ], [ -1.174059, 43.178554 ], [ -1.163603, 43.177521 ], [ -1.141601, 43.178982 ], [ -1.134838, 43.181562 ], [ -1.135563, 43.182185 ], [ -1.134598, 43.182886 ], [ -1.124662, 43.182831 ], [ -1.120171, 43.180178 ], [ -1.117853, 43.176377 ], [ -1.117521, 43.173725 ], [ -1.114246, 43.172392 ], [ -1.112411, 43.172711 ], [ -1.111378, 43.174957 ], [ -1.111408, 43.172384 ], [ -1.105648, 43.161593 ], [ -1.106565, 43.162034 ], [ -1.123227, 43.159503 ] ] ] ] } },
{ "type": "Feature", "properties": { "codgeo": "64155", "libgeo": "Bustince-Iriberry", "dept": "64" }, "geometry": { "type": "MultiPolygon", "coordinates": [ [ [ [ -1.180409, 43.210428 ], [ -1.177711, 43.205288 ], [ -1.177858, 43.203621 ], [ -1.175355, 43.202114 ], [ -1.172098, 43.201994 ], [ -1.171115, 43.200992 ], [ -1.172263, 43.19465 ], [ -1.176522, 43.184878 ], [ -1.175803, 43.18116 ], [ -1.174059, 43.178554 ], [ -1.181122, 43.172073 ], [ -1.19154, 43.171711 ], [ -1.200142, 43.178741 ], [ -1.201758, 43.185928 ], [ -1.188872, 43.192151 ], [ -1.184289, 43.200748 ], [ -1.181731, 43.209329 ], [ -1.180409, 43.210428 ] ] ] ] } },
{ "type": "Feature", "properties": { "codgeo": "64156", "libgeo": "Buziet", "dept": "64" }, "geometry": { "type": "MultiPolygon", "coordinates": [ [ [ [ -0.451528, 43.1624 ], [ -0.465399, 43.143058 ], [ -0.472196, 43.13041 ], [ -0.48119, 43.125553 ], [ -0.48756, 43.123865 ], [ -0.489446, 43.122059 ], [ -0.49014, 43.122703 ], [ -0.499085, 43.12432 ], [ -0.502437, 43.123147 ], [ -0.50543, 43.125481 ], [ -0.487239, 43.136524 ], [ -0.485137, 43.140829 ], [ -0.482065, 43.155291 ], [ -0.468498, 43.16734 ], [ -0.451528, 43.1624 ] ] ] ] } },
{ "type": "Feature", "properties": { "codgeo": "64160", "libgeo": "Cambo-les-Bains", "dept": "64" }, "geometry": { "type": "MultiPolygon", "coordinates": [ [ [ [ -1.351574, 43.343893 ], [ -1.366249, 43.334072 ], [ -1.36836, 43.33153 ], [ -1.369581, 43.332978 ], [ -1.384078, 43.337784 ], [ -1.389181, 43.340937 ], [ -1.402944, 43.347369 ], [ -1.411105, 43.348844 ], [ -1.418561, 43.352569 ], [ -1.417977, 43.362252 ], [ -1.422836, 43.365421 ], [ -1.425579, 43.369224 ], [ -1.424264, 43.369835 ], [ -1.421886, 43.368985 ], [ -1.411727, 43.373415 ], [ -1.409674, 43.375308 ], [ -1.409705, 43.37811 ], [ -1.407692, 43.381927 ], [ -1.404231, 43.385036 ], [ -1.398009, 43.388769 ], [ -1.383101, 43.392668 ], [ -1.381596, 43.392067 ], [ -1.375966, 43.384572 ], [ -1.362603, 43.373113 ], [ -1.361326, 43.366161 ], [ -1.357417, 43.354951 ], [ -1.351574, 43.343893 ] ] ] ] } },
{ "type": "Feature", "properties": { "codgeo": "64162", "libgeo": "Camou-Cihigue", "dept": "64" }, "geometry": { "type": "MultiPolygon", "coordinates": [ [ [ [ -0.893915, 43.114795 ], [ -0.909448, 43.112651 ], [ -0.934288, 43.10452 ], [ -0.961953, 43.114705 ], [ -0.959203, 43.114255 ], [ -0.937522, 43.124254 ], [ -0.93254, 43.124306 ], [ -0.926586, 43.129074 ], [ -0.916613, 43.133334 ], [ -0.911593, 43.134056 ], [ -0.902332, 43.132969 ], [ -0.891784, 43.126403 ], [ -0.893915, 43.114795 ] ] ] ] } },
{ "type": "Feature", "properties": { "codgeo": "64165", "libgeo": "Cardesse", "dept": "64" }, "geometry": { "type": "MultiPolygon", "coordinates": [ [ [ [ -0.602436, 43.276376 ], [ -0.597626, 43.283628 ], [ -0.593613, 43.282712 ], [ -0.58879, 43.280089 ], [ -0.582752, 43.273069 ], [ -0.580831, 43.267402 ], [ -0.580249, 43.261486 ], [ -0.581986, 43.260867 ], [ -0.579577, 43.257041 ], [ -0.567064, 43.248524 ], [ -0.565914, 43.24653 ], [ -0.578484, 43.247786 ], [ -0.581377, 43.249972 ], [ -0.58158, 43.253032 ], [ -0.589038, 43.254354 ], [ -0.595707, 43.253371 ], [ -0.601897, 43.248562 ], [ -0.603926, 43.248265 ], [ -0.614009, 43.249113 ], [ -0.617715, 43.250169 ], [ -0.60875, 43.261161 ], [ -0.605132, 43.26727 ], [ -0.602436, 43.276376 ] ] ] ] } },
{ "type": "Feature", "properties": { "codgeo": "64166", "libgeo": "Caro", "dept": "64" }, "geometry": { "type": "MultiPolygon", "coordinates": [ [ [ [ -1.205151, 43.148611 ], [ -1.206014, 43.148342 ], [ -1.205697, 43.14414 ], [ -1.206527, 43.14208 ], [ -1.208117, 43.138551 ], [ -1.210622, 43.135783 ], [ -1.222801, 43.141594 ], [ -1.234064, 43.144278 ], [ -1.235084, 43.143884 ], [ -1.232215, 43.150223 ], [ -1.228745, 43.154995 ], [ -1.222295, 43.159325 ], [ -1.221144, 43.161139 ], [ -1.219346, 43.161675 ], [ -1.214467, 43.158764 ], [ -1.210072, 43.151831 ], [ -1.205151, 43.148611 ] ] ] ] } },
{ "type": "Feature", "properties": { "codgeo": "64175", "libgeo": "Castet", "dept": "64" }, "geometry": { "type": "MultiPolygon", "coordinates": [ [ [ [ -0.419727, 43.077042 ], [ -0.396487, 43.075632 ], [ -0.373555, 43.077941 ], [ -0.367878, 43.077446 ], [ -0.365663, 43.075974 ], [ -0.361745, 43.070219 ], [ -0.355288, 43.063488 ], [ -0.342368, 43.058379 ], [ -0.331784, 43.049484 ], [ -0.331503, 43.04508 ], [ -0.332483, 43.041061 ], [ -0.339318, 43.036322 ], [ -0.342226, 43.027089 ], [ -0.341879, 43.025752 ], [ -0.371294, 43.026215 ], [ -0.370043, 43.037911 ], [ -0.389848, 43.052465 ], [ -0.413898, 43.056067 ], [ -0.421797, 43.059747 ], [ -0.419727, 43.077042 ] ] ] ] } },
{ "type": "Feature", "properties": { "codgeo": "64185", "libgeo": "Cette-Eygun", "dept": "64" }, "geometry": { "type": "MultiPolygon", "coordinates": [ [ [ [ -0.578735, 42.922393 ], [ -0.589701, 42.922823 ], [ -0.598992, 42.919836 ], [ -0.600053, 42.925878 ], [ -0.602347, 42.928346 ], [ -0.605896, 42.929561 ], [ -0.607872, 42.931133 ], [ -0.610524, 42.938988 ], [ -0.608669, 42.945071 ], [ -0.603892, 42.952673 ], [ -0.590215, 42.956365 ], [ -0.569925, 42.951079 ], [ -0.54966, 42.942959 ], [ -0.540966, 42.941836 ], [ -0.522016, 42.935719 ], [ -0.510273, 42.929013 ], [ -0.507682, 42.924848 ], [ -0.508661, 42.920903 ], [ -0.521828, 42.923252 ], [ -0.52831, 42.92694 ], [ -0.537019, 42.928422 ], [ -0.54022, 42.926134 ], [ -0.548847, 42.923259 ], [ -0.552744, 42.923918 ], [ -0.558227, 42.927158 ], [ -0.571847, 42.927526 ], [ -0.577625, 42.925414 ], [ -0.577145, 42.922932 ], [ -0.578735, 42.922393 ] ] ] ] } },
{ "type": "Feature", "properties": { "codgeo": "64187", "libgeo": "Charritte-de-Bas", "dept": "64" }, "geometry": { "type": "MultiPolygon", "coordinates": [ [ [ [ -0.89829, 43.312464 ], [ -0.892439, 43.309468 ], [ -0.886703, 43.304217 ], [ -0.875793, 43.2985 ], [ -0.87338, 43.298518 ], [ -0.871469, 43.297314 ], [ -0.873327, 43.296372 ], [ -0.876416, 43.289922 ], [ -0.875969, 43.288622 ], [ -0.894943, 43.284086 ], [ -0.908321, 43.2854 ], [ -0.91227, 43.284256 ], [ -0.916501, 43.281536 ], [ -0.922703, 43.283499 ], [ -0.921162, 43.288941 ], [ -0.91292, 43.295774 ], [ -0.89829, 43.312464 ] ] ] ] } },
{ "type": "Feature", "properties": { "codgeo": "64188", "libgeo": "Chéraute", "dept": "64" }, "geometry": { "type": "MultiPolygon", "coordinates": [ [ [ [ -0.817946, 43.200477 ], [ -0.81866, 43.20173 ], [ -0.82983, 43.206477 ], [ -0.84284, 43.205388 ], [ -0.846164, 43.202293 ], [ -0.847297, 43.202139 ], [ -0.861238, 43.215422 ], [ -0.868541, 43.218779 ], [ -0.877688, 43.229262 ], [ -0.873092, 43.238553 ], [ -0.873046, 43.242668 ], [ -0.851225, 43.245321 ], [ -0.845436, 43.242394 ], [ -0.840226, 43.241678 ], [ -0.836738, 43.242222 ], [ -0.834186, 43.242791 ], [ -0.824332, 43.253008 ], [ -0.811738, 43.25828 ], [ -0.802748, 43.261116 ], [ -0.785854, 43.261651 ], [ -0.780254, 43.25886 ], [ -0.775697, 43.252728 ], [ -0.775306, 43.248784 ], [ -0.778292, 43.247504 ], [ -0.783153, 43.237368 ], [ -0.783865, 43.234163 ], [ -0.78001, 43.230155 ], [ -0.782272, 43.222326 ], [ -0.786654, 43.216777 ], [ -0.796898, 43.208867 ], [ -0.806327, 43.200105 ], [ -0.812914, 43.198977 ], [ -0.815231, 43.199155 ], [ -0.817946, 43.200477 ] ] ] ] } },
{ "type": "Feature", "properties": { "codgeo": "64204", "libgeo": "Eaux-Bonnes", "dept": "64" }, "geometry": { "type": "MultiPolygon", "coordinates": [ [ [ [ -0.326875, 42.916869 ], [ -0.335559, 42.926161 ], [ -0.347657, 42.927924 ], [ -0.352023, 42.929213 ], [ -0.36363, 42.935078 ], [ -0.377289, 42.937046 ], [ -0.390656, 42.941417 ], [ -0.401443, 42.943891 ], [ -0.414536, 42.959599 ], [ -0.412223, 42.963937 ], [ -0.410666, 42.970323 ], [ -0.411489, 42.977387 ], [ -0.414126, 42.985631 ], [ -0.398536, 42.982705 ], [ -0.393004, 42.982505 ], [ -0.382539, 42.980192 ], [ -0.370381, 42.974451 ], [ -0.339335, 42.969884 ], [ -0.332478, 42.96744 ], [ -0.321562, 42.958957 ], [ -0.310853, 42.945345 ], [ -0.297779, 42.930973 ], [ -0.303445, 42.927284 ], [ -0.310889, 42.91972 ], [ -0.316749, 42.917764 ], [ -0.326875, 42.916869 ] ] ] ] } },
{ "type": "Feature", "properties": { "codgeo": "64206", "libgeo": "Escot", "dept": "64" }, "geometry": { "type": "MultiPolygon", "coordinates": [ [ [ [ -0.577993, 43.096957 ], [ -0.571059, 43.097136 ], [ -0.555154, 43.094851 ], [ -0.545289, 43.090248 ], [ -0.541013, 43.08706 ], [ -0.535816, 43.086156 ], [ -0.52372, 43.086353 ], [ -0.525154, 43.079226 ], [ -0.520308, 43.059853 ], [ -0.523627, 43.055845 ], [ -0.543455, 43.057138 ], [ -0.552063, 43.058678 ], [ -0.557826, 43.060909 ], [ -0.562249, 43.063499 ], [ -0.562319, 43.064901 ], [ -0.572232, 43.069369 ], [ -0.58489, 43.070661 ], [ -0.606291, 43.071606 ], [ -0.612354, 43.0845 ], [ -0.61477, 43.094344 ], [ -0.618151, 43.097466 ], [ -0.614955, 43.098098 ], [ -0.60194, 43.092809 ], [ -0.59801, 43.092731 ], [ -0.577993, 43.096957 ] ] ] ] } },
{ "type": "Feature", "properties": { "codgeo": "64207", "libgeo": "Escou", "dept": "64" }, "geometry": { "type": "MultiPolygon", "coordinates": [ [ [ [ -0.550185, 43.175585 ], [ -0.542676, 43.185609 ], [ -0.54131, 43.188328 ], [ -0.541346, 43.191889 ], [ -0.539041, 43.195575 ], [ -0.528377, 43.197442 ], [ -0.525357, 43.197109 ], [ -0.516293, 43.188875 ], [ -0.506581, 43.183983 ], [ -0.514214, 43.178815 ], [ -0.520819, 43.168998 ], [ -0.531874, 43.173936 ], [ -0.542487, 43.174342 ], [ -0.550185, 43.175585 ] ] ] ] } },
{ "type": "Feature", "properties": { "codgeo": "64209", "libgeo": "Escout", "dept": "64" }, "geometry": { "type": "MultiPolygon", "coordinates": [ [ [ [ -0.575826, 43.174155 ], [ -0.563664, 43.192664 ], [ -0.552951, 43.205816 ], [ -0.548667, 43.212669 ], [ -0.546911, 43.211493 ], [ -0.536395, 43.209121 ], [ -0.529014, 43.199843 ], [ -0.528377, 43.197442 ], [ -0.539041, 43.195575 ], [ -0.541346, 43.191889 ], [ -0.54131, 43.188328 ], [ -0.542676, 43.185609 ], [ -0.551047, 43.174618 ], [ -0.548928, 43.168919 ], [ -0.554239, 43.166242 ], [ -0.570582, 43.166424 ], [ -0.575826, 43.174155 ] ] ] ] } },
{ "type": "Feature", "properties": { "codgeo": "64213", "libgeo": "Espelette", "dept": "64" }, "geometry": { "type": "MultiPolygon", "coordinates": [ [ [ [ -1.477929, 43.37412 ], [ -1.471316, 43.375631 ], [ -1.471334, 43.372461 ], [ -1.467465, 43.36686 ], [ -1.454625, 43.361837 ], [ -1.427768, 43.348313 ], [ -1.424823, 43.349701 ], [ -1.425286, 43.346987 ], [ -1.42717, 43.345072 ], [ -1.436768, 43.328368 ], [ -1.437115, 43.326094 ], [ -1.432974, 43.32132 ], [ -1.431553, 43.311011 ], [ -1.431954, 43.299002 ], [ -1.439507, 43.285085 ], [ -1.446035, 43.269049 ], [ -1.453054, 43.283167 ], [ -1.459052, 43.289956 ], [ -1.471382, 43.295499 ], [ -1.475819, 43.302738 ], [ -1.479142, 43.31141 ], [ -1.471717, 43.322489 ], [ -1.467063, 43.334397 ], [ -1.466805, 43.338977 ], [ -1.467847, 43.348779 ], [ -1.470537, 43.359408 ], [ -1.478606, 43.368515 ], [ -1.479658, 43.371744 ], [ -1.477929, 43.37412 ] ] ] ] } },
{ "type": "Feature", "properties": { "codgeo": "64214", "libgeo": "Espès-Undurein", "dept": "64" }, "geometry": { "type": "MultiPolygon", "coordinates": [ [ [ [ -0.867547, 43.260527 ], [ -0.871974, 43.261927 ], [ -0.885798, 43.263143 ], [ -0.914885, 43.262872 ], [ -0.911658, 43.272462 ], [ -0.918067, 43.280834 ], [ -0.917758, 43.281812 ], [ -0.916501, 43.281536 ], [ -0.91227, 43.284256 ], [ -0.908321, 43.2854 ], [ -0.894943, 43.284086 ], [ -0.875969, 43.288622 ], [ -0.872219, 43.285136 ], [ -0.864223, 43.288646 ], [ -0.863766, 43.285498 ], [ -0.865185, 43.285007 ], [ -0.867258, 43.281937 ], [ -0.869253, 43.27587 ], [ -0.867547, 43.260527 ] ] ] ] } },
{ "type": "Feature", "properties": { "codgeo": "64217", "libgeo": "Esquiule", "dept": "64" }, "geometry": { "type": "MultiPolygon", "coordinates": [ [ [ [ -0.745892, 43.203074 ], [ -0.735678, 43.202853 ], [ -0.729689, 43.200476 ], [ -0.722736, 43.201198 ], [ -0.70802, 43.20598 ], [ -0.694056, 43.20784 ], [ -0.686774, 43.20548 ], [ -0.669126, 43.204559 ], [ -0.659465, 43.203168 ], [ -0.657424, 43.19518 ], [ -0.653934, 43.192355 ], [ -0.652573, 43.189841 ], [ -0.659363, 43.185591 ], [ -0.674134, 43.183635 ], [ -0.689771, 43.188669 ], [ -0.696098, 43.188612 ], [ -0.706261, 43.184853 ], [ -0.719865, 43.178288 ], [ -0.722796, 43.175642 ], [ -0.726051, 43.170536 ], [ -0.729605, 43.161261 ], [ -0.731828, 43.161075 ], [ -0.740809, 43.157766 ], [ -0.754769, 43.158929 ], [ -0.764188, 43.158382 ], [ -0.768906, 43.159126 ], [ -0.77305, 43.167705 ], [ -0.774013, 43.174663 ], [ -0.771826, 43.180384 ], [ -0.766731, 43.188589 ], [ -0.761921, 43.193529 ], [ -0.750587, 43.201523 ], [ -0.746336, 43.202285 ], [ -0.745892, 43.203074 ] ] ] ] } },
{ "type": "Feature", "properties": { "codgeo": "64218", "libgeo": "Estérençuby", "dept": "64" }, "geometry": { "type": "MultiPolygon", "coordinates": [ [ [ [ -1.211839, 43.049676 ], [ -1.214816, 43.079606 ], [ -1.219131, 43.077764 ], [ -1.221786, 43.079833 ], [ -1.221639, 43.087346 ], [ -1.217208, 43.094807 ], [ -1.214778, 43.116393 ], [ -1.2015, 43.121838 ], [ -1.192519, 43.120777 ], [ -1.186153, 43.117503 ], [ -1.176334, 43.119474 ], [ -1.162794, 43.1178 ], [ -1.156561, 43.114014 ], [ -1.150949, 43.106975 ], [ -1.136203, 43.09814 ], [ -1.130431, 43.084509 ], [ -1.134685, 43.082864 ], [ -1.140799, 43.082811 ], [ -1.149567, 43.077576 ], [ -1.157943, 43.06834 ], [ -1.158842, 43.048275 ], [ -1.16443, 43.044198 ], [ -1.171492, 43.044235 ], [ -1.174256, 43.034642 ], [ -1.180966, 43.032621 ], [ -1.211839, 43.049676 ] ] ] ] } },
{ "type": "Feature", "properties": { "codgeo": "64220", "libgeo": "Estos", "dept": "64" }, "geometry": { "type": "MultiPolygon", "coordinates": [ [ [ [ -0.594246, 43.228011 ], [ -0.596248, 43.225222 ], [ -0.595248, 43.218368 ], [ -0.59711, 43.211315 ], [ -0.609345, 43.200035 ], [ -0.618259, 43.202333 ], [ -0.619989, 43.203672 ], [ -0.616679, 43.211058 ], [ -0.607149, 43.21947 ], [ -0.599202, 43.228862 ], [ -0.594246, 43.228011 ] ] ] ] } },
{ "type": "Feature", "properties": { "codgeo": "64222", "libgeo": "Etchebar", "dept": "64" }, "geometry": { "type": "MultiPolygon", "coordinates": [ [ [ [ -0.930878, 43.05851 ], [ -0.917678, 43.063173 ], [ -0.917231, 43.06503 ], [ -0.910594, 43.073967 ], [ -0.89599, 43.087082 ], [ -0.890172, 43.088552 ], [ -0.885248, 43.086339 ], [ -0.880494, 43.082216 ], [ -0.883998, 43.071412 ], [ -0.907295, 43.051451 ], [ -0.909874, 43.047001 ], [ -0.911552, 43.04632 ], [ -0.91913, 43.047862 ], [ -0.92593, 43.052123 ], [ -0.930878, 43.05851 ] ] ] ] } },
{ "type": "Feature", "properties": { "codgeo": "64223", "libgeo": "Etsaut", "dept": "64" }, "geometry": { "type": "MultiPolygon", "coordinates": [ [ [ [ -0.499364, 42.850628 ], [ -0.512851, 42.864057 ], [ -0.513755, 42.866514 ], [ -0.517234, 42.87016 ], [ -0.526958, 42.876398 ], [ -0.550665, 42.884299 ], [ -0.562533, 42.884124 ], [ -0.569867, 42.904731 ], [ -0.574062, 42.91443 ], [ -0.578735, 42.922393 ], [ -0.577145, 42.922932 ], [ -0.577625, 42.925414 ], [ -0.571847, 42.927526 ], [ -0.558227, 42.927158 ], [ -0.552744, 42.923918 ], [ -0.548847, 42.923259 ], [ -0.54022, 42.926134 ], [ -0.537019, 42.928422 ], [ -0.52831, 42.92694 ], [ -0.521828, 42.923252 ], [ -0.508661, 42.920903 ], [ -0.506808, 42.911586 ], [ -0.505216, 42.908788 ], [ -0.493883, 42.901107 ], [ -0.489841, 42.897089 ], [ -0.490232, 42.885731 ], [ -0.492608, 42.876324 ], [ -0.493811, 42.863601 ], [ -0.495164, 42.85711 ], [ -0.497859, 42.851342 ], [ -0.499364, 42.850628 ] ] ] ] } },
{ "type": "Feature", "properties": { "codgeo": "64224", "libgeo": "Eysus", "dept": "64" }, "geometry": { "type": "MultiPolygon", "coordinates": [ [ [ [ -0.593022, 43.124809 ], [ -0.601812, 43.126822 ], [ -0.597334, 43.134649 ], [ -0.597218, 43.138334 ], [ -0.589061, 43.152002 ], [ -0.588713, 43.157785 ], [ -0.583736, 43.158003 ], [ -0.578287, 43.14783 ], [ -0.572161, 43.142186 ], [ -0.564906, 43.137183 ], [ -0.563179, 43.129642 ], [ -0.56493, 43.126948 ], [ -0.567291, 43.126062 ], [ -0.58104, 43.125117 ], [ -0.592303, 43.125654 ], [ -0.593022, 43.124809 ] ] ] ] } },
{ "type": "Feature", "properties": { "codgeo": "64225", "libgeo": "Ance Féas", "dept": "64" }, "geometry": { "type": "MultiPolygon", "coordinates": [ [ [ [ -0.66561, 43.127493 ], [ -0.675984, 43.125706 ], [ -0.688873, 43.130757 ], [ -0.71755, 43.148088 ], [ -0.723515, 43.154769 ], [ -0.731828, 43.161075 ], [ -0.729605, 43.161261 ], [ -0.726051, 43.170536 ], [ -0.722796, 43.175642 ], [ -0.719865, 43.178288 ], [ -0.706261, 43.184853 ], [ -0.696098, 43.188612 ], [ -0.689771, 43.188669 ], [ -0.68514, 43.187326 ], [ -0.684013, 43.182555 ], [ -0.681525, 43.178723 ], [ -0.676335, 43.176122 ], [ -0.666426, 43.166684 ], [ -0.668062, 43.162047 ], [ -0.666935, 43.158976 ], [ -0.659668, 43.151431 ], [ -0.656618, 43.150083 ], [ -0.661433, 43.148032 ], [ -0.665078, 43.143169 ], [ -0.665422, 43.141192 ], [ -0.668867, 43.138791 ], [ -0.673311, 43.130383 ], [ -0.665217, 43.128418 ], [ -0.66561, 43.127493 ] ] ] ] } },
{ "type": "Feature", "properties": { "codgeo": "64229", "libgeo": "Gamarthe", "dept": "64" }, "geometry": { "type": "MultiPolygon", "coordinates": [ [ [ [ -1.111378, 43.174957 ], [ -1.112411, 43.172711 ], [ -1.114246, 43.172392 ], [ -1.117521, 43.173725 ], [ -1.117853, 43.176377 ], [ -1.120171, 43.180178 ], [ -1.124662, 43.182831 ], [ -1.134598, 43.182886 ], [ -1.135563, 43.182185 ], [ -1.144029, 43.18181 ], [ -1.147545, 43.182987 ], [ -1.151344, 43.189204 ], [ -1.15203, 43.194502 ], [ -1.147725, 43.199056 ], [ -1.143159, 43.208521 ], [ -1.131825, 43.219141 ], [ -1.122156, 43.207239 ], [ -1.117259, 43.202478 ], [ -1.11073, 43.190862 ], [ -1.112242, 43.180053 ], [ -1.111378, 43.174957 ] ] ] ] } },
{ "type": "Feature", "properties": { "codgeo": "64231", "libgeo": "Garindein", "dept": "64" }, "geometry": { "type": "MultiPolygon", "coordinates": [ [ [ [ -0.912032, 43.200934 ], [ -0.921385, 43.204573 ], [ -0.929362, 43.210839 ], [ -0.939956, 43.221552 ], [ -0.955844, 43.240649 ], [ -0.951622, 43.240981 ], [ -0.946969, 43.239017 ], [ -0.932848, 43.229841 ], [ -0.930173, 43.226933 ], [ -0.925612, 43.226843 ], [ -0.923758, 43.228535 ], [ -0.918881, 43.225465 ], [ -0.914378, 43.21994 ], [ -0.906185, 43.215682 ], [ -0.898526, 43.213436 ], [ -0.895512, 43.210837 ], [ -0.8989, 43.207218 ], [ -0.907223, 43.20193 ], [ -0.912032, 43.200934 ] ] ] ] } },
{ "type": "Feature", "properties": { "codgeo": "64240", "libgeo": "Gère-Bélesten", "dept": "64" }, "geometry": { "type": "MultiPolygon", "coordinates": [ [ [ [ -0.419791, 43.018648 ], [ -0.424957, 43.018513 ], [ -0.429434, 43.017363 ], [ -0.442139, 43.009789 ], [ -0.472864, 43.001068 ], [ -0.481847, 43.010095 ], [ -0.482394, 43.013393 ], [ -0.464637, 43.014846 ], [ -0.462351, 43.026953 ], [ -0.455806, 43.034117 ], [ -0.449157, 43.039163 ], [ -0.435447, 43.040426 ], [ -0.424676, 43.039231 ], [ -0.42263, 43.039697 ], [ -0.423119, 43.037515 ], [ -0.421341, 43.035594 ], [ -0.418306, 43.03407 ], [ -0.415479, 43.029772 ], [ -0.418115, 43.019506 ], [ -0.419791, 43.018648 ] ] ] ] } },
{ "type": "Feature", "properties": { "codgeo": "64241", "libgeo": "Géronce", "dept": "64" }, "geometry": { "type": "MultiPolygon", "coordinates": [ [ [ [ -0.755739, 43.211816 ], [ -0.748394, 43.212162 ], [ -0.744509, 43.213082 ], [ -0.728813, 43.220846 ], [ -0.723125, 43.226395 ], [ -0.720567, 43.230531 ], [ -0.715708, 43.234136 ], [ -0.701874, 43.24014 ], [ -0.691089, 43.246275 ], [ -0.690114, 43.250862 ], [ -0.685161, 43.25158 ], [ -0.676329, 43.249835 ], [ -0.679549, 43.245287 ], [ -0.67915, 43.243345 ], [ -0.677588, 43.242447 ], [ -0.68099, 43.236449 ], [ -0.679902, 43.233503 ], [ -0.680328, 43.230877 ], [ -0.693336, 43.211142 ], [ -0.694056, 43.20784 ], [ -0.70802, 43.20598 ], [ -0.722736, 43.201198 ], [ -0.729689, 43.200476 ], [ -0.735678, 43.202853 ], [ -0.745892, 43.203074 ], [ -0.755739, 43.211816 ] ] ] ] } },
{ "type": "Feature", "properties": { "codgeo": "64244", "libgeo": "Geüs-d'Oloron", "dept": "64" }, "geometry": { "type": "MultiPolygon", "coordinates": [ [ [ [ -0.762156, 43.22457 ], [ -0.757403, 43.227419 ], [ -0.747795, 43.235117 ], [ -0.745974, 43.238671 ], [ -0.739954, 43.242114 ], [ -0.731361, 43.244843 ], [ -0.717812, 43.247121 ], [ -0.718027, 43.252001 ], [ -0.715735, 43.254699 ], [ -0.710913, 43.255152 ], [ -0.700312, 43.258895 ], [ -0.69453, 43.255745 ], [ -0.726285, 43.233755 ], [ -0.741004, 43.224999 ], [ -0.758003, 43.217186 ], [ -0.760469, 43.218087 ], [ -0.762156, 43.22457 ] ] ] ] } },
{ "type": "Feature", "properties": { "codgeo": "64245", "libgeo": "Goès", "dept": "64" }, "geometry": { "type": "MultiPolygon", "coordinates": [ [ [ [ -0.572096, 43.214461 ], [ -0.575073, 43.209835 ], [ -0.589479, 43.196365 ], [ -0.591284, 43.196037 ], [ -0.597667, 43.19694 ], [ -0.600089, 43.198705 ], [ -0.598326, 43.201945 ], [ -0.584791, 43.212141 ], [ -0.576768, 43.221787 ], [ -0.5778, 43.224517 ], [ -0.579416, 43.225032 ], [ -0.581092, 43.227126 ], [ -0.579384, 43.229428 ], [ -0.575925, 43.23214 ], [ -0.563575, 43.236177 ], [ -0.555583, 43.226739 ], [ -0.572096, 43.214461 ] ] ] ] } },
{ "type": "Feature", "properties": { "codgeo": "64247", "libgeo": "Gotein-Libarrenx", "dept": "64" }, "geometry": { "type": "MultiPolygon", "coordinates": [ [ [ [ -0.897591, 43.170657 ], [ -0.912618, 43.185996 ], [ -0.914692, 43.191698 ], [ -0.913671, 43.196199 ], [ -0.914607, 43.198297 ], [ -0.912032, 43.200934 ], [ -0.907223, 43.20193 ], [ -0.8989, 43.207218 ], [ -0.895512, 43.210837 ], [ -0.882197, 43.208032 ], [ -0.860449, 43.196826 ], [ -0.854875, 43.192522 ], [ -0.860064, 43.192384 ], [ -0.863248, 43.191482 ], [ -0.865189, 43.189715 ], [ -0.863716, 43.186423 ], [ -0.865253, 43.186507 ], [ -0.867729, 43.183246 ], [ -0.894269, 43.172292 ], [ -0.895745, 43.170544 ], [ -0.897591, 43.170657 ] ] ] ] } },
{ "type": "Feature", "properties": { "codgeo": "64252", "libgeo": "Gurmençon", "dept": "64" }, "geometry": { "type": "MultiPolygon", "coordinates": [ [ [ [ -0.591821, 43.147745 ], [ -0.600952, 43.150208 ], [ -0.608254, 43.150343 ], [ -0.608437, 43.16805 ], [ -0.598827, 43.169857 ], [ -0.598267, 43.168419 ], [ -0.592402, 43.163054 ], [ -0.588713, 43.157785 ], [ -0.589061, 43.152002 ], [ -0.591821, 43.147745 ] ] ] ] } },
{ "type": "Feature", "properties": { "codgeo": "64256", "libgeo": "Hasparren", "dept": "64" }, "geometry": { "type": "MultiPolygon", "coordinates": [ [ [ [ -1.294323, 43.357753 ], [ -1.311338, 43.351519 ], [ -1.319325, 43.351606 ], [ -1.323845, 43.350904 ], [ -1.327655, 43.346829 ], [ -1.347171, 43.346058 ], [ -1.351574, 43.343893 ], [ -1.357417, 43.354951 ], [ -1.361326, 43.366161 ], [ -1.362603, 43.373113 ], [ -1.375966, 43.384572 ], [ -1.381596, 43.392067 ], [ -1.385047, 43.393889 ], [ -1.391222, 43.403104 ], [ -1.390096, 43.407361 ], [ -1.383135, 43.409805 ], [ -1.380139, 43.41319 ], [ -1.383669, 43.419444 ], [ -1.388954, 43.424703 ], [ -1.388351, 43.426155 ], [ -1.38556, 43.426488 ], [ -1.381028, 43.428419 ], [ -1.368599, 43.440556 ], [ -1.363533, 43.43972 ], [ -1.35772, 43.437347 ], [ -1.342504, 43.43584 ], [ -1.33605, 43.434715 ], [ -1.335455, 43.434053 ], [ -1.321376, 43.43466 ], [ -1.295475, 43.437964 ], [ -1.276278, 43.444955 ], [ -1.274946, 43.446228 ], [ -1.266503, 43.441343 ], [ -1.258463, 43.438912 ], [ -1.256114, 43.438719 ], [ -1.251324, 43.440408 ], [ -1.247846, 43.438334 ], [ -1.247455, 43.437825 ], [ -1.249013, 43.436387 ], [ -1.263535, 43.432034 ], [ -1.271233, 43.426839 ], [ -1.275023, 43.421533 ], [ -1.277511, 43.410929 ], [ -1.278999, 43.408319 ], [ -1.28717, 43.399585 ], [ -1.28856, 43.395191 ], [ -1.287504, 43.393953 ], [ -1.281115, 43.393704 ], [ -1.276576, 43.390523 ], [ -1.264487, 43.374538 ], [ -1.265464, 43.37292 ], [ -1.270038, 43.37202 ], [ -1.276512, 43.367421 ], [ -1.279046, 43.367519 ], [ -1.29187, 43.365072 ], [ -1.294323, 43.357753 ] ] ] ] } },
{ "type": "Feature", "properties": { "codgeo": "64257", "libgeo": "Haut-de-Bosdarros", "dept": "64" }, "geometry": { "type": "MultiPolygon", "coordinates": [ [ [ [ -0.318992, 43.18942 ], [ -0.319771, 43.186688 ], [ -0.323728, 43.183225 ], [ -0.323101, 43.180433 ], [ -0.321612, 43.179186 ], [ -0.313093, 43.177142 ], [ -0.297872, 43.175476 ], [ -0.313848, 43.163904 ], [ -0.319253, 43.157655 ], [ -0.319635, 43.156123 ], [ -0.310336, 43.15452 ], [ -0.310739, 43.156087 ], [ -0.309537, 43.159156 ], [ -0.303139, 43.161429 ], [ -0.296428, 43.16203 ], [ -0.295351, 43.161056 ], [ -0.30654, 43.153722 ], [ -0.326472, 43.145871 ], [ -0.339694, 43.155161 ], [ -0.346953, 43.161332 ], [ -0.349307, 43.162319 ], [ -0.354778, 43.168724 ], [ -0.347801, 43.17303 ], [ -0.342162, 43.180099 ], [ -0.341031, 43.182327 ], [ -0.343363, 43.19055 ], [ -0.342262, 43.191769 ], [ -0.336553, 43.192779 ], [ -0.324628, 43.191171 ], [ -0.318992, 43.18942 ] ] ] ] } },
{ "type": "Feature", "properties": { "codgeo": "64258", "libgeo": "Haux", "dept": "64" }, "geometry": { "type": "MultiPolygon", "coordinates": [ [ [ [ -0.863552, 43.083731 ], [ -0.856816, 43.083585 ], [ -0.831663, 43.087385 ], [ -0.831462, 43.085728 ], [ -0.816952, 43.068636 ], [ -0.811028, 43.05932 ], [ -0.815475, 43.059693 ], [ -0.820203, 43.05706 ], [ -0.822423, 43.044999 ], [ -0.825884, 43.038303 ], [ -0.826535, 43.032789 ], [ -0.825883, 43.025335 ], [ -0.844358, 43.030958 ], [ -0.852264, 43.034348 ], [ -0.849103, 43.045791 ], [ -0.850472, 43.057084 ], [ -0.852247, 43.062795 ], [ -0.862113, 43.069316 ], [ -0.863552, 43.083731 ] ] ] ] } },
{ "type": "Feature", "properties": { "codgeo": "64259", "libgeo": "Hélette", "dept": "64" }, "geometry": { "type": "MultiPolygon", "coordinates": [ [ [ [ -1.24304, 43.338122 ], [ -1.23537, 43.328258 ], [ -1.230192, 43.325016 ], [ -1.224882, 43.317686 ], [ -1.224405, 43.315313 ], [ -1.205736, 43.296528 ], [ -1.21596, 43.286836 ], [ -1.22191, 43.283034 ], [ -1.227536, 43.281289 ], [ -1.242535, 43.281612 ], [ -1.248826, 43.287679 ], [ -1.260084, 43.291408 ], [ -1.278277, 43.292214 ], [ -1.288708, 43.294671 ], [ -1.285385, 43.301485 ], [ -1.261817, 43.332184 ], [ -1.252709, 43.333653 ], [ -1.244392, 43.336571 ], [ -1.24304, 43.338122 ] ] ] ] } },
{ "type": "Feature", "properties": { "codgeo": "64261", "libgeo": "Herrère", "dept": "64" }, "geometry": { "type": "MultiPolygon", "coordinates": [ [ [ [ -0.520819, 43.168998 ], [ -0.532864, 43.151937 ], [ -0.545332, 43.141037 ], [ -0.549823, 43.140284 ], [ -0.549943, 43.141196 ], [ -0.550908, 43.141261 ], [ -0.568634, 43.158559 ], [ -0.570582, 43.166424 ], [ -0.554239, 43.166242 ], [ -0.548928, 43.168919 ], [ -0.551047, 43.174618 ], [ -0.550185, 43.175585 ], [ -0.542487, 43.174342 ], [ -0.531874, 43.173936 ], [ -0.520819, 43.168998 ] ] ] ] } },
{ "type": "Feature", "properties": { "codgeo": "64264", "libgeo": "L'Hôpital-Saint-Blaise", "dept": "64" }, "geometry": { "type": "MultiPolygon", "coordinates": [ [ [ [ -0.77668, 43.264739 ], [ -0.764719, 43.261103 ], [ -0.762805, 43.259468 ], [ -0.761151, 43.255511 ], [ -0.761375, 43.252877 ], [ -0.759444, 43.250292 ], [ -0.770377, 43.246202 ], [ -0.772578, 43.248604 ], [ -0.775306, 43.248784 ], [ -0.775697, 43.252728 ], [ -0.780254, 43.25886 ], [ -0.782256, 43.2598 ], [ -0.77668, 43.264739 ] ] ] ] } },
{ "type": "Feature", "properties": { "codgeo": "64265", "libgeo": "Hosta", "dept": "64" }, "geometry": { "type": "MultiPolygon", "coordinates": [ [ [ [ -1.111408, 43.172384 ], [ -1.102615, 43.1704 ], [ -1.098138, 43.170362 ], [ -1.094798, 43.171406 ], [ -1.059113, 43.164256 ], [ -1.048794, 43.150395 ], [ -1.04905, 43.126086 ], [ -1.044628, 43.115183 ], [ -1.05729, 43.123812 ], [ -1.10068, 43.144022 ], [ -1.105648, 43.161593 ], [ -1.111408, 43.172384 ] ] ] ] } },
{ "type": "Feature", "properties": { "codgeo": "64267", "libgeo": "Ibarrolle", "dept": "64" }, "geometry": { "type": "MultiPolygon", "coordinates": [ [ [ [ -1.111408, 43.172384 ], [ -1.112242, 43.180053 ], [ -1.11073, 43.190862 ], [ -1.117259, 43.202478 ], [ -1.113575, 43.208082 ], [ -1.108234, 43.211491 ], [ -1.10274, 43.209216 ], [ -1.087305, 43.206799 ], [ -1.082518, 43.207681 ], [ -1.079973, 43.195279 ], [ -1.089381, 43.185867 ], [ -1.094798, 43.171406 ], [ -1.098138, 43.170362 ], [ -1.102615, 43.1704 ], [ -1.111408, 43.172384 ] ] ] ] } },
{ "type": "Feature", "properties": { "codgeo": "64268", "libgeo": "Idaux-Mendy", "dept": "64" }, "geometry": { "type": "MultiPolygon", "coordinates": [ [ [ [ -0.91804, 43.152851 ], [ -0.929027, 43.158718 ], [ -0.937401, 43.16748 ], [ -0.940475, 43.169465 ], [ -0.949939, 43.173175 ], [ -0.943873, 43.176134 ], [ -0.937356, 43.1811 ], [ -0.93697, 43.18518 ], [ -0.934179, 43.187827 ], [ -0.929402, 43.190408 ], [ -0.915518, 43.193749 ], [ -0.914245, 43.193117 ], [ -0.914692, 43.191698 ], [ -0.912618, 43.185996 ], [ -0.898756, 43.172305 ], [ -0.908344, 43.165435 ], [ -0.911635, 43.153879 ], [ -0.91804, 43.152851 ] ] ] ] } },
{ "type": "Feature", "properties": { "codgeo": "64271", "libgeo": "Iholdy", "dept": "64" }, "geometry": { "type": "MultiPolygon", "coordinates": [ [ [ [ -1.179814, 43.253754 ], [ -1.184421, 43.251616 ], [ -1.200661, 43.254168 ], [ -1.205241, 43.260039 ], [ -1.20869, 43.266654 ], [ -1.208049, 43.279163 ], [ -1.211589, 43.280509 ], [ -1.21428, 43.28335 ], [ -1.21596, 43.286836 ], [ -1.206337, 43.296283 ], [ -1.20575, 43.295762 ], [ -1.200017, 43.29592 ], [ -1.180177, 43.29055 ], [ -1.157626, 43.288974 ], [ -1.15454, 43.28818 ], [ -1.143302, 43.280371 ], [ -1.138427, 43.27322 ], [ -1.135539, 43.270611 ], [ -1.142851, 43.261982 ], [ -1.147377, 43.257987 ], [ -1.169245, 43.254058 ], [ -1.175119, 43.254852 ], [ -1.179814, 43.253754 ] ] ] ] } },
{ "type": "Feature", "properties": { "codgeo": "64273", "libgeo": "Irissarry", "dept": "64" }, "geometry": { "type": "MultiPolygon", "coordinates": [ [ [ [ -1.224667, 43.217235 ], [ -1.232028, 43.217719 ], [ -1.233851, 43.229256 ], [ -1.23612, 43.235878 ], [ -1.25043, 43.246555 ], [ -1.259774, 43.261468 ], [ -1.260167, 43.265509 ], [ -1.262069, 43.269559 ], [ -1.265019, 43.273204 ], [ -1.279068, 43.280667 ], [ -1.28871, 43.292763 ], [ -1.288708, 43.294671 ], [ -1.278277, 43.292214 ], [ -1.260084, 43.291408 ], [ -1.254463, 43.289995 ], [ -1.248826, 43.287679 ], [ -1.242535, 43.281612 ], [ -1.227536, 43.281289 ], [ -1.22191, 43.283034 ], [ -1.21596, 43.286836 ], [ -1.21428, 43.28335 ], [ -1.211589, 43.280509 ], [ -1.208049, 43.279163 ], [ -1.20869, 43.266654 ], [ -1.205241, 43.260039 ], [ -1.200661, 43.254168 ], [ -1.212323, 43.236548 ], [ -1.211245, 43.232117 ], [ -1.212109, 43.228208 ], [ -1.217734, 43.220576 ], [ -1.224667, 43.217235 ] ] ] ] } },
{ "type": "Feature", "properties": { "codgeo": "64274", "libgeo": "Irouléguy", "dept": "64" }, "geometry": { "type": "MultiPolygon", "coordinates": [ [ [ [ -1.304025, 43.162098 ], [ -1.305519, 43.161293 ], [ -1.306504, 43.173129 ], [ -1.308767, 43.183116 ], [ -1.303236, 43.193499 ], [ -1.301986, 43.200267 ], [ -1.276137, 43.200459 ], [ -1.27632, 43.199463 ], [ -1.272549, 43.199896 ], [ -1.269057, 43.196357 ], [ -1.26927, 43.190769 ], [ -1.271208, 43.184039 ], [ -1.269536, 43.175622 ], [ -1.26818, 43.17359 ], [ -1.269886, 43.170513 ], [ -1.271806, 43.169286 ], [ -1.283122, 43.169258 ], [ -1.282944, 43.17249 ], [ -1.287495, 43.174514 ], [ -1.295217, 43.173803 ], [ -1.300443, 43.17142 ], [ -1.304025, 43.162098 ] ] ] ] } },
{ "type": "Feature", "properties": { "codgeo": "64275", "libgeo": "Ispoure", "dept": "64" }, "geometry": { "type": "MultiPolygon", "coordinates": [ [ [ [ -1.233892, 43.1906 ], [ -1.227637, 43.18741 ], [ -1.221789, 43.180112 ], [ -1.220263, 43.167692 ], [ -1.22943, 43.165994 ], [ -1.22947, 43.167971 ], [ -1.245834, 43.170285 ], [ -1.258927, 43.178867 ], [ -1.259118, 43.181065 ], [ -1.256147, 43.189025 ], [ -1.256233, 43.198036 ], [ -1.254658, 43.197712 ], [ -1.243853, 43.201367 ], [ -1.239516, 43.204037 ], [ -1.236556, 43.201271 ], [ -1.235581, 43.193894 ], [ -1.233892, 43.1906 ] ] ] ] } },
{ "type": "Feature", "properties": { "codgeo": "64276", "libgeo": "Issor", "dept": "64" }, "geometry": { "type": "MultiPolygon", "coordinates": [ [ [ [ -0.665625, 43.11793 ], [ -0.649829, 43.116692 ], [ -0.639738, 43.113129 ], [ -0.630679, 43.111119 ], [ -0.625863, 43.100751 ], [ -0.635996, 43.088145 ], [ -0.635965, 43.072565 ], [ -0.63768, 43.063779 ], [ -0.641053, 43.061167 ], [ -0.659001, 43.064901 ], [ -0.666302, 43.06499 ], [ -0.672696, 43.06427 ], [ -0.676476, 43.059713 ], [ -0.684623, 43.071357 ], [ -0.686926, 43.080872 ], [ -0.6859, 43.085852 ], [ -0.680891, 43.09001 ], [ -0.679678, 43.098373 ], [ -0.680396, 43.103679 ], [ -0.682195, 43.106312 ], [ -0.685997, 43.108513 ], [ -0.685131, 43.110302 ], [ -0.665625, 43.11793 ] ] ] ] } },
{ "type": "Feature", "properties": { "codgeo": "64279", "libgeo": "Itxassou", "dept": "64" }, "geometry": { "type": "MultiPolygon", "coordinates": [ [ [ [ -1.363238, 43.300881 ], [ -1.379549, 43.292639 ], [ -1.396592, 43.282036 ], [ -1.413205, 43.273477 ], [ -1.416582, 43.272634 ], [ -1.420623, 43.269247 ], [ -1.427123, 43.267078 ], [ -1.438457, 43.266577 ], [ -1.446035, 43.269049 ], [ -1.439507, 43.285085 ], [ -1.431954, 43.299002 ], [ -1.431553, 43.311011 ], [ -1.432974, 43.32132 ], [ -1.437115, 43.326094 ], [ -1.436768, 43.328368 ], [ -1.42717, 43.345072 ], [ -1.425286, 43.346987 ], [ -1.424823, 43.349701 ], [ -1.418561, 43.352569 ], [ -1.411105, 43.348844 ], [ -1.402944, 43.347369 ], [ -1.389181, 43.340937 ], [ -1.384078, 43.337784 ], [ -1.369581, 43.332978 ], [ -1.36836, 43.33153 ], [ -1.365567, 43.313617 ], [ -1.365583, 43.304539 ], [ -1.363238, 43.300881 ] ] ] ] } },
{ "type": "Feature", "properties": { "codgeo": "64280", "libgeo": "Izeste", "dept": "64" }, "geometry": { "type": "MultiPolygon", "coordinates": [ [ [ [ -0.420061, 43.078402 ], [ -0.428292, 43.078879 ], [ -0.440962, 43.074318 ], [ -0.467459, 43.077529 ], [ -0.471618, 43.077061 ], [ -0.477474, 43.081465 ], [ -0.47543, 43.084389 ], [ -0.473878, 43.085215 ], [ -0.455766, 43.087838 ], [ -0.440988, 43.090885 ], [ -0.425847, 43.095897 ], [ -0.424184, 43.095716 ], [ -0.420061, 43.078402 ] ] ] ] } },
{ "type": "Feature", "properties": { "codgeo": "64283", "libgeo": "Jaxu", "dept": "64" }, "geometry": { "type": "MultiPolygon", "coordinates": [ [ [ [ -1.200574, 43.186867 ], [ -1.203483, 43.190074 ], [ -1.215933, 43.196417 ], [ -1.225841, 43.195674 ], [ -1.233892, 43.1906 ], [ -1.235581, 43.193894 ], [ -1.236556, 43.201271 ], [ -1.239516, 43.204037 ], [ -1.232895, 43.208299 ], [ -1.223653, 43.217943 ], [ -1.221844, 43.215858 ], [ -1.209255, 43.217178 ], [ -1.197521, 43.21681 ], [ -1.183483, 43.213439 ], [ -1.180409, 43.210428 ], [ -1.181731, 43.209329 ], [ -1.184289, 43.200748 ], [ -1.188872, 43.192151 ], [ -1.200574, 43.186867 ] ] ] ] } },
{ "type": "Feature", "properties": { "codgeo": "64285", "libgeo": "Juxue", "dept": "64" }, "geometry": { "type": "MultiPolygon", "coordinates": [ [ [ [ -1.038841, 43.206846 ], [ -1.04279, 43.206358 ], [ -1.047416, 43.207755 ], [ -1.050014, 43.210015 ], [ -1.054514, 43.216682 ], [ -1.060118, 43.222053 ], [ -1.063353, 43.223614 ], [ -1.064357, 43.225438 ], [ -1.061525, 43.235807 ], [ -1.066305, 43.246577 ], [ -1.061284, 43.250332 ], [ -1.054867, 43.253232 ], [ -1.046028, 43.252609 ], [ -1.034414, 43.249103 ], [ -1.026205, 43.247934 ], [ -1.020355, 43.245724 ], [ -1.018224, 43.243515 ], [ -1.016399, 43.231808 ], [ -1.029084, 43.205782 ], [ -1.032427, 43.206172 ], [ -1.035653, 43.202909 ], [ -1.038841, 43.206846 ] ] ] ] } },
{ "type": "Feature", "properties": { "codgeo": "64297", "libgeo": "Lacarre", "dept": "64" }, "geometry": { "type": "MultiPolygon", "coordinates": [ [ [ [ -1.172098, 43.201994 ], [ -1.169777, 43.203099 ], [ -1.164533, 43.202089 ], [ -1.163473, 43.199649 ], [ -1.158003, 43.197046 ], [ -1.151406, 43.195127 ], [ -1.15203, 43.194502 ], [ -1.151344, 43.189204 ], [ -1.147545, 43.182987 ], [ -1.144029, 43.18181 ], [ -1.135563, 43.182185 ], [ -1.134838, 43.181562 ], [ -1.141601, 43.178982 ], [ -1.163603, 43.177521 ], [ -1.174059, 43.178554 ], [ -1.175803, 43.18116 ], [ -1.176522, 43.184878 ], [ -1.172263, 43.19465 ], [ -1.171115, 43.200992 ], [ -1.172098, 43.201994 ] ] ] ] } },
{ "type": "Feature", "properties": { "codgeo": "64298", "libgeo": "Lacarry-Arhan-Charritte-de-Haut", "dept": "64" }, "geometry": { "type": "MultiPolygon", "coordinates": [ [ [ [ -0.898439, 43.088997 ], [ -0.89599, 43.087082 ], [ -0.910594, 43.073967 ], [ -0.917231, 43.06503 ], [ -0.917678, 43.063173 ], [ -0.930878, 43.05851 ], [ -0.931776, 43.059201 ], [ -0.958673, 43.053324 ], [ -0.967354, 43.05267 ], [ -0.976308, 43.054651 ], [ -0.992327, 43.056654 ], [ -1.002929, 43.054116 ], [ -1.013907, 43.052922 ], [ -1.025509, 43.053503 ], [ -1.021317, 43.058049 ], [ -1.017801, 43.055169 ], [ -1.007499, 43.059163 ], [ -0.995066, 43.068718 ], [ -0.986892, 43.072821 ], [ -0.968729, 43.076108 ], [ -0.956546, 43.084171 ], [ -0.937407, 43.094487 ], [ -0.934328, 43.095164 ], [ -0.925123, 43.095058 ], [ -0.901406, 43.088771 ], [ -0.898439, 43.088997 ] ] ] ] } },
{ "type": "Feature", "properties": { "codgeo": "64303", "libgeo": "Laguinge-Restoue", "dept": "64" }, "geometry": { "type": "MultiPolygon", "coordinates": [ [ [ [ -0.869494, 43.091033 ], [ -0.860011, 43.104504 ], [ -0.851717, 43.104211 ], [ -0.845686, 43.105723 ], [ -0.840424, 43.111755 ], [ -0.837725, 43.111447 ], [ -0.83853, 43.109963 ], [ -0.833275, 43.098738 ], [ -0.831663, 43.087385 ], [ -0.856816, 43.083585 ], [ -0.863552, 43.083731 ], [ -0.871728, 43.086256 ], [ -0.869494, 43.091033 ] ] ] ] } },
{ "type": "Feature", "properties": { "codgeo": "64310", "libgeo": "Lanne-en-Barétous", "dept": "64" }, "geometry": { "type": "MultiPolygon", "coordinates": [ [ [ [ -0.783551, 43.118189 ], [ -0.77933, 43.135909 ], [ -0.775039, 43.142331 ], [ -0.77292, 43.141633 ], [ -0.770497, 43.139003 ], [ -0.763282, 43.133843 ], [ -0.74939, 43.126967 ], [ -0.742677, 43.114969 ], [ -0.749362, 43.10471 ], [ -0.751979, 43.091219 ], [ -0.757987, 43.084888 ], [ -0.764797, 43.08106 ], [ -0.775843, 43.068952 ], [ -0.77724, 43.061431 ], [ -0.773381, 43.05306 ], [ -0.779398, 43.04181 ], [ -0.775964, 43.03134 ], [ -0.775262, 43.024356 ], [ -0.776922, 43.021989 ], [ -0.77801, 43.016959 ], [ -0.789076, 43.0153 ], [ -0.796212, 43.015286 ], [ -0.808616, 43.020658 ], [ -0.825883, 43.025335 ], [ -0.826535, 43.032789 ], [ -0.825884, 43.038303 ], [ -0.822423, 43.044999 ], [ -0.820203, 43.05706 ], [ -0.815475, 43.059693 ], [ -0.808303, 43.058816 ], [ -0.801956, 43.060702 ], [ -0.800382, 43.06241 ], [ -0.799552, 43.077747 ], [ -0.793421, 43.08796 ], [ -0.78708, 43.109622 ], [ -0.783551, 43.118189 ] ] ] ] } },
{ "type": "Feature", "properties": { "codgeo": "64313", "libgeo": "Lantabat", "dept": "64" }, "geometry": { "type": "MultiPolygon", "coordinates": [ [ [ [ -1.102048, 43.242269 ], [ -1.122016, 43.239121 ], [ -1.128308, 43.236755 ], [ -1.134778, 43.232797 ], [ -1.14001, 43.227402 ], [ -1.148681, 43.225151 ], [ -1.154678, 43.224471 ], [ -1.15995, 43.226026 ], [ -1.167831, 43.232794 ], [ -1.177539, 43.244424 ], [ -1.181873, 43.25241 ], [ -1.179814, 43.253754 ], [ -1.175119, 43.254852 ], [ -1.169245, 43.254058 ], [ -1.147377, 43.257987 ], [ -1.142851, 43.261982 ], [ -1.135539, 43.270611 ], [ -1.131608, 43.27277 ], [ -1.125086, 43.274222 ], [ -1.124046, 43.27925 ], [ -1.127293, 43.291175 ], [ -1.132852, 43.296523 ], [ -1.135938, 43.301346 ], [ -1.135209, 43.30234 ], [ -1.128028, 43.301961 ], [ -1.106353, 43.287445 ], [ -1.09187, 43.27591 ], [ -1.082359, 43.26656 ], [ -1.08343, 43.26327 ], [ -1.091961, 43.255461 ], [ -1.103624, 43.249467 ], [ -1.104114, 43.247203 ], [ -1.102048, 43.242269 ] ] ] ] } },
{ "type": "Feature", "properties": { "codgeo": "64314", "libgeo": "Larceveau-Arros-Cibits", "dept": "64" }, "geometry": { "type": "MultiPolygon", "coordinates": [ [ [ [ -1.066305, 43.246577 ], [ -1.061525, 43.235807 ], [ -1.064357, 43.225438 ], [ -1.063353, 43.223614 ], [ -1.060118, 43.222053 ], [ -1.068203, 43.220818 ], [ -1.07722, 43.217841 ], [ -1.079337, 43.215327 ], [ -1.080298, 43.212284 ], [ -1.079396, 43.210267 ], [ -1.080326, 43.208021 ], [ -1.081988, 43.207024 ], [ -1.082518, 43.207681 ], [ -1.084716, 43.207622 ], [ -1.087305, 43.206799 ], [ -1.10274, 43.209216 ], [ -1.108234, 43.211491 ], [ -1.113575, 43.208082 ], [ -1.117259, 43.202478 ], [ -1.122156, 43.207239 ], [ -1.131825, 43.219141 ], [ -1.13439, 43.225147 ], [ -1.14001, 43.227402 ], [ -1.134778, 43.232797 ], [ -1.128308, 43.236755 ], [ -1.122016, 43.239121 ], [ -1.102048, 43.242269 ], [ -1.096557, 43.239952 ], [ -1.078332, 43.236954 ], [ -1.07431, 43.238849 ], [ -1.066305, 43.246577 ] ] ] ] } },
{ "type": "Feature", "properties": { "codgeo": "64316", "libgeo": "Larrau", "dept": "64" }, "geometry": { "type": "MultiPolygon", "coordinates": [ [ [ [ -1.083518, 43.011325 ], [ -1.082643, 43.018877 ], [ -1.078885, 43.029096 ], [ -1.066887, 43.031443 ], [ -1.056994, 43.03952 ], [ -1.047407, 43.052032 ], [ -1.047689, 43.055989 ], [ -1.025509, 43.053503 ], [ -1.013907, 43.052922 ], [ -1.002929, 43.054116 ], [ -0.992327, 43.056654 ], [ -0.976308, 43.054651 ], [ -0.967354, 43.05267 ], [ -0.958673, 43.053324 ], [ -0.931776, 43.059201 ], [ -0.92593, 43.052123 ], [ -0.904909, 43.038639 ], [ -0.89781, 43.030194 ], [ -0.89907, 43.023295 ], [ -0.901106, 43.018326 ], [ -0.891977, 43.007433 ], [ -0.89177, 42.992172 ], [ -0.874794, 42.967315 ], [ -0.897078, 42.956166 ], [ -0.897361, 42.959487 ], [ -0.899166, 42.961399 ], [ -0.902059, 42.962886 ], [ -0.908353, 42.964498 ], [ -0.914633, 42.963635 ], [ -0.920391, 42.957911 ], [ -0.920047, 42.956265 ], [ -0.924015, 42.954581 ], [ -0.935995, 42.953095 ], [ -0.946884, 42.954826 ], [ -0.962972, 42.960968 ], [ -0.975331, 42.964224 ], [ -0.98686, 42.972318 ], [ -0.997061, 42.975439 ], [ -1.000461, 42.978069 ], [ -1.00631, 42.988986 ], [ -1.010155, 42.991908 ], [ -1.016486, 42.993929 ], [ -1.063289, 42.996962 ], [ -1.074345, 42.998885 ], [ -1.084144, 43.002026 ], [ -1.085109, 43.003689 ], [ -1.08488, 43.007804 ], [ -1.083518, 43.011325 ] ] ] ] } },
{ "type": "Feature", "properties": { "codgeo": "64320", "libgeo": "Laruns", "dept": "64" }, "geometry": { "type": "MultiPolygon", "coordinates": [ [ [ [ -0.508661, 42.920903 ], [ -0.507682, 42.924848 ], [ -0.510273, 42.929013 ], [ -0.508693, 42.929459 ], [ -0.494459, 42.949592 ], [ -0.492964, 42.955935 ], [ -0.493041, 42.967996 ], [ -0.487957, 42.972768 ], [ -0.472864, 43.001068 ], [ -0.442139, 43.009789 ], [ -0.429434, 43.017363 ], [ -0.424957, 43.018513 ], [ -0.419791, 43.018648 ], [ -0.42057, 43.01784 ], [ -0.419861, 43.011487 ], [ -0.417467, 43.00452 ], [ -0.420248, 43.002355 ], [ -0.419878, 42.990959 ], [ -0.414126, 42.985631 ], [ -0.411489, 42.977387 ], [ -0.410666, 42.970323 ], [ -0.412223, 42.963937 ], [ -0.414536, 42.959599 ], [ -0.401443, 42.943891 ], [ -0.390656, 42.941417 ], [ -0.377289, 42.937046 ], [ -0.36363, 42.935078 ], [ -0.352023, 42.929213 ], [ -0.347657, 42.927924 ], [ -0.335559, 42.926161 ], [ -0.326875, 42.916869 ], [ -0.324591, 42.90526 ], [ -0.315563, 42.890097 ], [ -0.315668, 42.884802 ], [ -0.313963, 42.87992 ], [ -0.310965, 42.876587 ], [ -0.307935, 42.867513 ], [ -0.310124, 42.854499 ], [ -0.313252, 42.849403 ], [ -0.318957, 42.843261 ], [ -0.325093, 42.838471 ], [ -0.33175, 42.834965 ], [ -0.337575, 42.837238 ], [ -0.346365, 42.837823 ], [ -0.353271, 42.831602 ], [ -0.365346, 42.81586 ], [ -0.368303, 42.813663 ], [ -0.381956, 42.807941 ], [ -0.38319, 42.806627 ], [ -0.385031, 42.800858 ], [ -0.390036, 42.800261 ], [ -0.394133, 42.800804 ], [ -0.40179, 42.803251 ], [ -0.407568, 42.807474 ], [ -0.412645, 42.808276 ], [ -0.426983, 42.800898 ], [ -0.441815, 42.795359 ], [ -0.443932, 42.796074 ], [ -0.455238, 42.80379 ], [ -0.46355, 42.805117 ], [ -0.471858, 42.808174 ], [ -0.489105, 42.817042 ], [ -0.494686, 42.821244 ], [ -0.501231, 42.82781 ], [ -0.499007, 42.844373 ], [ -0.499364, 42.850628 ], [ -0.497859, 42.851342 ], [ -0.495164, 42.85711 ], [ -0.493811, 42.863601 ], [ -0.492608, 42.876324 ], [ -0.490232, 42.885731 ], [ -0.489841, 42.897089 ], [ -0.493883, 42.901107 ], [ -0.505216, 42.908788 ], [ -0.506808, 42.911586 ], [ -0.508661, 42.920903 ] ] ] ] } },
{ "type": "Feature", "properties": { "codgeo": "64322", "libgeo": "Lasse", "dept": "64" }, "geometry": { "type": "MultiPolygon", "coordinates": [ [ [ [ -1.33237, 43.107844 ], [ -1.336322, 43.113185 ], [ -1.326236, 43.11748 ], [ -1.300895, 43.12573 ], [ -1.298691, 43.129083 ], [ -1.299321, 43.13354 ], [ -1.296582, 43.137544 ], [ -1.289411, 43.140793 ], [ -1.284596, 43.14568 ], [ -1.275755, 43.160156 ], [ -1.272012, 43.163289 ], [ -1.262929, 43.166512 ], [ -1.255029, 43.163517 ], [ -1.252421, 43.156486 ], [ -1.252262, 43.152089 ], [ -1.255525, 43.14805 ], [ -1.262138, 43.142477 ], [ -1.269858, 43.125805 ], [ -1.269984, 43.118271 ], [ -1.278079, 43.118494 ], [ -1.303813, 43.115483 ], [ -1.31647, 43.113229 ], [ -1.32487, 43.110643 ], [ -1.328749, 43.108466 ], [ -1.33237, 43.107844 ] ] ] ] } },
{ "type": "Feature", "properties": { "codgeo": "64327", "libgeo": "Lecumberry", "dept": "64" }, "geometry": { "type": "MultiPolygon", "coordinates": [ [ [ [ -1.105648, 43.161593 ], [ -1.10068, 43.144022 ], [ -1.103865, 43.141627 ], [ -1.118953, 43.141317 ], [ -1.122794, 43.140379 ], [ -1.123318, 43.139115 ], [ -1.126588, 43.139182 ], [ -1.138202, 43.134332 ], [ -1.140148, 43.132565 ], [ -1.145271, 43.116295 ], [ -1.142964, 43.110654 ], [ -1.13069, 43.099991 ], [ -1.108983, 43.088131 ], [ -1.098519, 43.080641 ], [ -1.093014, 43.071315 ], [ -1.090554, 43.061747 ], [ -1.095763, 43.04904 ], [ -1.085036, 43.044102 ], [ -1.079272, 43.043839 ], [ -1.072689, 43.042018 ], [ -1.082643, 43.018877 ], [ -1.083518, 43.011325 ], [ -1.088689, 43.011103 ], [ -1.093396, 43.011837 ], [ -1.105768, 43.016583 ], [ -1.110516, 43.019936 ], [ -1.118476, 43.020192 ], [ -1.13582, 43.008919 ], [ -1.140082, 43.009407 ], [ -1.142555, 43.010493 ], [ -1.144396, 43.014634 ], [ -1.144452, 43.023344 ], [ -1.145578, 43.024877 ], [ -1.15875, 43.031645 ], [ -1.173962, 43.037632 ], [ -1.171492, 43.044235 ], [ -1.16443, 43.044198 ], [ -1.158842, 43.048275 ], [ -1.157943, 43.06834 ], [ -1.149567, 43.077576 ], [ -1.140799, 43.082811 ], [ -1.134685, 43.082864 ], [ -1.130431, 43.084509 ], [ -1.136203, 43.09814 ], [ -1.150949, 43.106975 ], [ -1.156561, 43.114014 ], [ -1.162794, 43.1178 ], [ -1.161549, 43.126169 ], [ -1.145966, 43.147331 ], [ -1.12999, 43.155146 ], [ -1.123604, 43.158627 ], [ -1.123227, 43.159503 ], [ -1.106565, 43.162034 ], [ -1.105648, 43.161593 ] ] ] ] } },
{ "type": "Feature", "properties": { "codgeo": "64328", "libgeo": "Ledeuix", "dept": "64" }, "geometry": { "type": "MultiPolygon", "coordinates": [ [ [ [ -0.645454, 43.215465 ], [ -0.637778, 43.221883 ], [ -0.631209, 43.2294 ], [ -0.628075, 43.237682 ], [ -0.622562, 43.240957 ], [ -0.617715, 43.250169 ], [ -0.614009, 43.249113 ], [ -0.603926, 43.248265 ], [ -0.601897, 43.248562 ], [ -0.595707, 43.253371 ], [ -0.589038, 43.254354 ], [ -0.58158, 43.253032 ], [ -0.581377, 43.249972 ], [ -0.58377, 43.247481 ], [ -0.589693, 43.237584 ], [ -0.59149, 43.230473 ], [ -0.594246, 43.228011 ], [ -0.599202, 43.228862 ], [ -0.607149, 43.21947 ], [ -0.616679, 43.211058 ], [ -0.619989, 43.203672 ], [ -0.627492, 43.209884 ], [ -0.64057, 43.212454 ], [ -0.643246, 43.213448 ], [ -0.645454, 43.215465 ] ] ] ] } },
{ "type": "Feature", "properties": { "codgeo": "64330", "libgeo": "Lées-Athas", "dept": "64" }, "geometry": { "type": "MultiPolygon", "coordinates": [ [ [ [ -0.611646, 42.988026 ], [ -0.615448, 42.984696 ], [ -0.614337, 42.984594 ], [ -0.61441, 42.982209 ], [ -0.609788, 42.968965 ], [ -0.610406, 42.960875 ], [ -0.611765, 42.956272 ], [ -0.617255, 42.951387 ], [ -0.63349, 42.947021 ], [ -0.650309, 42.945983 ], [ -0.655481, 42.947913 ], [ -0.667023, 42.957195 ], [ -0.684496, 42.962353 ], [ -0.687805, 42.957664 ], [ -0.68831, 42.954277 ], [ -0.702319, 42.946816 ], [ -0.723471, 42.939805 ], [ -0.730744, 42.938682 ], [ -0.740583, 42.948842 ], [ -0.72046, 42.956622 ], [ -0.724107, 42.972619 ], [ -0.73621, 42.990369 ], [ -0.736027, 42.994069 ], [ -0.723317, 42.986495 ], [ -0.705774, 42.978006 ], [ -0.69357, 42.978335 ], [ -0.69101, 42.979665 ], [ -0.68704, 42.984731 ], [ -0.685799, 42.990845 ], [ -0.683067, 42.996633 ], [ -0.677904, 43.000913 ], [ -0.67268, 43.004031 ], [ -0.659361, 43.005112 ], [ -0.648466, 42.99745 ], [ -0.639817, 42.993606 ], [ -0.633088, 42.992744 ], [ -0.611646, 42.988026 ] ] ] ] } },
{ "type": "Feature", "properties": { "codgeo": "64336", "libgeo": "Lescun", "dept": "64" }, "geometry": { "type": "MultiPolygon", "coordinates": [ [ [ [ -0.730744, 42.938682 ], [ -0.723471, 42.939805 ], [ -0.702319, 42.946816 ], [ -0.68831, 42.954277 ], [ -0.687805, 42.957664 ], [ -0.684496, 42.962353 ], [ -0.667023, 42.957195 ], [ -0.655481, 42.947913 ], [ -0.650309, 42.945983 ], [ -0.63349, 42.947021 ], [ -0.617255, 42.951387 ], [ -0.615236, 42.95259 ], [ -0.613051, 42.942718 ], [ -0.622091, 42.92664 ], [ -0.630485, 42.916035 ], [ -0.64346, 42.888537 ], [ -0.651386, 42.880351 ], [ -0.662707, 42.870737 ], [ -0.666021, 42.874327 ], [ -0.676083, 42.882101 ], [ -0.682522, 42.883207 ], [ -0.700027, 42.880582 ], [ -0.718797, 42.887114 ], [ -0.730339, 42.896249 ], [ -0.732386, 42.899172 ], [ -0.733238, 42.908631 ], [ -0.729579, 42.916881 ], [ -0.727568, 42.925884 ], [ -0.730744, 42.938682 ] ] ] ] } },
{ "type": "Feature", "properties": { "codgeo": "64339", "libgeo": "Lestelle-Bétharram", "dept": "64" }, "geometry": { "type": "MultiPolygon", "coordinates": [ [ [ [ -0.214467, 43.146003 ], [ -0.20631, 43.126889 ], [ -0.190944, 43.111344 ], [ -0.191902, 43.104788 ], [ -0.194378, 43.105519 ], [ -0.215312, 43.104142 ], [ -0.223653, 43.105989 ], [ -0.227538, 43.107647 ], [ -0.225089, 43.110273 ], [ -0.226278, 43.119656 ], [ -0.229779, 43.133721 ], [ -0.224735, 43.141569 ], [ -0.216417, 43.144492 ], [ -0.214467, 43.146003 ] ] ] ] } },
{ "type": "Feature", "properties": { "codgeo": "64340", "libgeo": "Lichans-Sunhar", "dept": "64" }, "geometry": { "type": "MultiPolygon", "coordinates": [ [ [ [ -0.898439, 43.088997 ], [ -0.897509, 43.091956 ], [ -0.891032, 43.098849 ], [ -0.87943, 43.102653 ], [ -0.86518, 43.096891 ], [ -0.869494, 43.091033 ], [ -0.871728, 43.086256 ], [ -0.87924, 43.086256 ], [ -0.880772, 43.083484 ], [ -0.880494, 43.082216 ], [ -0.885248, 43.086339 ], [ -0.890172, 43.088552 ], [ -0.89599, 43.087082 ], [ -0.898439, 43.088997 ] ] ] ] } },
{ "type": "Feature", "properties": { "codgeo": "64342", "libgeo": "Licq-Athérey", "dept": "64" }, "geometry": { "type": "MultiPolygon", "coordinates": [ [ [ [ -0.863552, 43.083731 ], [ -0.862113, 43.069316 ], [ -0.852247, 43.062795 ], [ -0.850472, 43.057084 ], [ -0.849103, 43.045791 ], [ -0.852264, 43.034348 ], [ -0.860729, 43.042948 ], [ -0.866096, 43.043337 ], [ -0.881736, 43.036217 ], [ -0.89781, 43.030194 ], [ -0.904909, 43.038639 ], [ -0.91913, 43.047862 ], [ -0.911552, 43.04632 ], [ -0.909874, 43.047001 ], [ -0.907295, 43.051451 ], [ -0.883998, 43.071412 ], [ -0.880772, 43.083484 ], [ -0.87924, 43.086256 ], [ -0.871728, 43.086256 ], [ -0.863552, 43.083731 ] ] ] ] } },
{ "type": "Feature", "properties": { "codgeo": "64345", "libgeo": "Lohitzun-Oyhercq", "dept": "64" }, "geometry": { "type": "MultiPolygon", "coordinates": [ [ [ [ -0.977231, 43.292768 ], [ -0.95799, 43.286547 ], [ -0.956888, 43.290133 ], [ -0.948919, 43.291888 ], [ -0.940567, 43.290006 ], [ -0.933594, 43.281611 ], [ -0.935252, 43.275724 ], [ -0.93488, 43.270358 ], [ -0.931065, 43.265337 ], [ -0.931539, 43.264417 ], [ -0.936859, 43.262555 ], [ -0.940569, 43.262601 ], [ -0.952316, 43.268239 ], [ -0.956847, 43.265213 ], [ -0.957968, 43.258594 ], [ -0.967492, 43.249595 ], [ -0.97007, 43.24524 ], [ -0.97465, 43.240869 ], [ -0.979527, 43.240079 ], [ -0.988274, 43.244083 ], [ -0.989786, 43.246261 ], [ -0.988989, 43.246692 ], [ -0.987791, 43.252594 ], [ -0.989893, 43.260973 ], [ -0.993056, 43.265194 ], [ -0.991508, 43.265558 ], [ -0.986039, 43.275741 ], [ -0.981803, 43.286232 ], [ -0.988966, 43.292976 ], [ -0.987524, 43.301929 ], [ -0.977231, 43.292768 ] ] ] ] } },
{ "type": "Feature", "properties": { "codgeo": "64350", "libgeo": "Louhossoa", "dept": "64" }, "geometry": { "type": "MultiPolygon", "coordinates": [ [ [ [ -1.363975, 43.335097 ], [ -1.363093, 43.332878 ], [ -1.351081, 43.325068 ], [ -1.348893, 43.32079 ], [ -1.32578, 43.313051 ], [ -1.321309, 43.303207 ], [ -1.321827, 43.302209 ], [ -1.329315, 43.299313 ], [ -1.351965, 43.303307 ], [ -1.360419, 43.301473 ], [ -1.361941, 43.30056 ], [ -1.363238, 43.300881 ], [ -1.365583, 43.304539 ], [ -1.365567, 43.313617 ], [ -1.36836, 43.33153 ], [ -1.366249, 43.334072 ], [ -1.363975, 43.335097 ] ] ] ] } },
{ "type": "Feature", "properties": { "codgeo": "64351", "libgeo": "Lourdios-Ichère", "dept": "64" }, "geometry": { "type": "MultiPolygon", "coordinates": [ [ [ [ -0.687937, 43.033849 ], [ -0.680399, 43.042074 ], [ -0.676097, 43.050676 ], [ -0.677133, 43.059406 ], [ -0.672696, 43.06427 ], [ -0.666302, 43.06499 ], [ -0.659001, 43.064901 ], [ -0.641053, 43.061167 ], [ -0.645353, 43.045976 ], [ -0.640565, 43.042039 ], [ -0.618897, 43.036129 ], [ -0.633435, 43.01998 ], [ -0.635369, 43.019216 ], [ -0.643065, 43.020426 ], [ -0.65103, 43.023324 ], [ -0.652804, 43.024754 ], [ -0.675929, 43.02884 ], [ -0.68944, 43.033575 ], [ -0.687937, 43.033849 ] ] ] ] } },
{ "type": "Feature", "properties": { "codgeo": "64353", "libgeo": "Louvie-Juzon", "dept": "64" }, "geometry": { "type": "MultiPolygon", "coordinates": [ [ [ [ -0.419727, 43.077042 ], [ -0.424184, 43.095716 ], [ -0.415524, 43.101945 ], [ -0.415663, 43.102694 ], [ -0.412323, 43.102439 ], [ -0.412753, 43.098337 ], [ -0.411215, 43.095671 ], [ -0.409925, 43.094356 ], [ -0.406841, 43.093347 ], [ -0.383626, 43.097017 ], [ -0.378364, 43.099775 ], [ -0.371211, 43.105321 ], [ -0.355601, 43.106761 ], [ -0.35208, 43.10785 ], [ -0.352181, 43.110545 ], [ -0.33943, 43.114599 ], [ -0.328285, 43.115434 ], [ -0.315406, 43.109587 ], [ -0.30722, 43.109896 ], [ -0.303585, 43.105569 ], [ -0.309099, 43.102405 ], [ -0.309848, 43.100489 ], [ -0.30876, 43.096879 ], [ -0.300648, 43.095071 ], [ -0.302084, 43.088185 ], [ -0.296721, 43.085275 ], [ -0.291618, 43.076062 ], [ -0.296508, 43.070698 ], [ -0.300285, 43.062619 ], [ -0.302834, 43.055767 ], [ -0.301902, 43.049122 ], [ -0.276584, 43.040454 ], [ -0.275379, 43.041742 ], [ -0.26855, 43.044529 ], [ -0.266594, 43.044337 ], [ -0.262363, 43.042449 ], [ -0.260549, 43.040012 ], [ -0.260444, 43.03802 ], [ -0.274149, 43.035125 ], [ -0.281662, 43.030694 ], [ -0.288061, 43.023348 ], [ -0.293502, 43.022715 ], [ -0.304146, 43.02477 ], [ -0.318003, 43.025135 ], [ -0.325727, 43.023999 ], [ -0.341879, 43.025752 ], [ -0.342226, 43.027089 ], [ -0.339318, 43.036322 ], [ -0.332483, 43.041061 ], [ -0.331503, 43.04508 ], [ -0.331784, 43.049484 ], [ -0.342368, 43.058379 ], [ -0.355288, 43.063488 ], [ -0.361745, 43.070219 ], [ -0.365663, 43.075974 ], [ -0.367878, 43.077446 ], [ -0.373555, 43.077941 ], [ -0.396487, 43.075632 ], [ -0.419727, 43.077042 ] ] ] ] } },
{ "type": "Feature", "properties": { "codgeo": "64354", "libgeo": "Louvie-Soubiron", "dept": "64" }, "geometry": { "type": "MultiPolygon", "coordinates": [ [ [ [ -0.375206, 43.025987 ], [ -0.341879, 43.025752 ], [ -0.325727, 43.023999 ], [ -0.318003, 43.025135 ], [ -0.304146, 43.02477 ], [ -0.293502, 43.022715 ], [ -0.288061, 43.023348 ], [ -0.281662, 43.030694 ], [ -0.274149, 43.035125 ], [ -0.260444, 43.03802 ], [ -0.256961, 43.029157 ], [ -0.255924, 43.022908 ], [ -0.259022, 43.016291 ], [ -0.264783, 43.010115 ], [ -0.267598, 43.00832 ], [ -0.276371, 43.005985 ], [ -0.288946, 43.005582 ], [ -0.298462, 43.010715 ], [ -0.311749, 43.013485 ], [ -0.320857, 43.012326 ], [ -0.324904, 43.011059 ], [ -0.326886, 43.008184 ], [ -0.335865, 43.005002 ], [ -0.348973, 43.006052 ], [ -0.357289, 43.004559 ], [ -0.36613, 43.000783 ], [ -0.375952, 42.995227 ], [ -0.384653, 42.993279 ], [ -0.389428, 42.992928 ], [ -0.397458, 42.993592 ], [ -0.408467, 42.995751 ], [ -0.420191, 42.999274 ], [ -0.420248, 43.002355 ], [ -0.411506, 43.009025 ], [ -0.403584, 43.010118 ], [ -0.395768, 43.006974 ], [ -0.385018, 43.005469 ], [ -0.380804, 43.006891 ], [ -0.371593, 43.01797 ], [ -0.375391, 43.023385 ], [ -0.375206, 43.025987 ] ] ] ] } },
{ "type": "Feature", "properties": { "codgeo": "64360", "libgeo": "Lurbe-Saint-Christau", "dept": "64" }, "geometry": { "type": "MultiPolygon", "coordinates": [ [ [ [ -0.593022, 43.124809 ], [ -0.590257, 43.110378 ], [ -0.584707, 43.097277 ], [ -0.577993, 43.096957 ], [ -0.59801, 43.092731 ], [ -0.60194, 43.092809 ], [ -0.614955, 43.098098 ], [ -0.618151, 43.097466 ], [ -0.618266, 43.096857 ], [ -0.620686, 43.097764 ], [ -0.624474, 43.108325 ], [ -0.622018, 43.112378 ], [ -0.617249, 43.113869 ], [ -0.610109, 43.117957 ], [ -0.606642, 43.120843 ], [ -0.601812, 43.126822 ], [ -0.593022, 43.124809 ] ] ] ] } },
{ "type": "Feature", "properties": { "codgeo": "64363", "libgeo": "Lys", "dept": "64" }, "geometry": { "type": "MultiPolygon", "coordinates": [ [ [ [ -0.326472, 43.145871 ], [ -0.329057, 43.137271 ], [ -0.324132, 43.128057 ], [ -0.31987, 43.124077 ], [ -0.328285, 43.115434 ], [ -0.33943, 43.114599 ], [ -0.352181, 43.110545 ], [ -0.351934, 43.111073 ], [ -0.361609, 43.119921 ], [ -0.370149, 43.123617 ], [ -0.379337, 43.129248 ], [ -0.364058, 43.14162 ], [ -0.360633, 43.149371 ], [ -0.349307, 43.162319 ], [ -0.346953, 43.161332 ], [ -0.339694, 43.155161 ], [ -0.326472, 43.145871 ] ] ] ] } },
{ "type": "Feature", "properties": { "codgeo": "64364", "libgeo": "Macaye", "dept": "64" }, "geometry": { "type": "MultiPolygon", "coordinates": [ [ [ [ -1.327655, 43.346829 ], [ -1.321801, 43.345511 ], [ -1.311899, 43.339413 ], [ -1.302207, 43.329617 ], [ -1.296644, 43.320803 ], [ -1.298499, 43.306512 ], [ -1.288708, 43.294671 ], [ -1.292882, 43.290374 ], [ -1.328486, 43.2986 ], [ -1.329315, 43.299313 ], [ -1.321827, 43.302209 ], [ -1.321309, 43.303207 ], [ -1.32578, 43.313051 ], [ -1.348893, 43.32079 ], [ -1.351081, 43.325068 ], [ -1.363093, 43.332878 ], [ -1.363975, 43.335097 ], [ -1.351574, 43.343893 ], [ -1.347171, 43.346058 ], [ -1.327655, 43.346829 ] ] ] ] } },
{ "type": "Feature", "properties": { "codgeo": "64371", "libgeo": "Mauléon-Licharre", "dept": "64" }, "geometry": { "type": "MultiPolygon", "coordinates": [ [ [ [ -0.895512, 43.210837 ], [ -0.898526, 43.213436 ], [ -0.906185, 43.215682 ], [ -0.914378, 43.21994 ], [ -0.918881, 43.225465 ], [ -0.923758, 43.228535 ], [ -0.9226, 43.234634 ], [ -0.919335, 43.231531 ], [ -0.903356, 43.23213 ], [ -0.891581, 43.233448 ], [ -0.884072, 43.233047 ], [ -0.877135, 43.23091 ], [ -0.877688, 43.229262 ], [ -0.868541, 43.218779 ], [ -0.861238, 43.215422 ], [ -0.847297, 43.202139 ], [ -0.846164, 43.202293 ], [ -0.852732, 43.192901 ], [ -0.854875, 43.192522 ], [ -0.860449, 43.196826 ], [ -0.882197, 43.208032 ], [ -0.895512, 43.210837 ] ] ] ] } },
{ "type": "Feature", "properties": { "codgeo": "64377", "libgeo": "Mendionde", "dept": "64" }, "geometry": { "type": "MultiPolygon", "coordinates": [ [ [ [ -1.294323, 43.357753 ], [ -1.29187, 43.365072 ], [ -1.279046, 43.367519 ], [ -1.276512, 43.367421 ], [ -1.269088, 43.362409 ], [ -1.263192, 43.362957 ], [ -1.260929, 43.362269 ], [ -1.261817, 43.332184 ], [ -1.285385, 43.301485 ], [ -1.288708, 43.294671 ], [ -1.298499, 43.306512 ], [ -1.296644, 43.320803 ], [ -1.302207, 43.329617 ], [ -1.311899, 43.339413 ], [ -1.321801, 43.345511 ], [ -1.327655, 43.346829 ], [ -1.323845, 43.350904 ], [ -1.319325, 43.351606 ], [ -1.311338, 43.351519 ], [ -1.295442, 43.357061 ], [ -1.294323, 43.357753 ] ] ] ] } },
{ "type": "Feature", "properties": { "codgeo": "64378", "libgeo": "Menditte", "dept": "64" }, "geometry": { "type": "MultiPolygon", "coordinates": [ [ [ [ -0.898756, 43.172305 ], [ -0.897591, 43.170657 ], [ -0.895745, 43.170544 ], [ -0.894269, 43.172292 ], [ -0.867729, 43.183246 ], [ -0.865253, 43.186507 ], [ -0.863716, 43.186423 ], [ -0.853909, 43.17801 ], [ -0.858335, 43.173865 ], [ -0.867818, 43.169931 ], [ -0.879267, 43.166309 ], [ -0.892969, 43.163375 ], [ -0.897414, 43.158033 ], [ -0.900674, 43.152399 ], [ -0.900262, 43.150328 ], [ -0.906744, 43.148863 ], [ -0.911635, 43.153879 ], [ -0.908344, 43.165435 ], [ -0.898756, 43.172305 ] ] ] ] } },
{ "type": "Feature", "properties": { "codgeo": "64379", "libgeo": "Mendive", "dept": "64" }, "geometry": { "type": "MultiPolygon", "coordinates": [ [ [ [ -1.078885, 43.029096 ], [ -1.072689, 43.042018 ], [ -1.079272, 43.043839 ], [ -1.085036, 43.044102 ], [ -1.095763, 43.04904 ], [ -1.090554, 43.061747 ], [ -1.093014, 43.071315 ], [ -1.098519, 43.080641 ], [ -1.108983, 43.088131 ], [ -1.13069, 43.099991 ], [ -1.142964, 43.110654 ], [ -1.145271, 43.116295 ], [ -1.140148, 43.132565 ], [ -1.138202, 43.134332 ], [ -1.126588, 43.139182 ], [ -1.123318, 43.139115 ], [ -1.126488, 43.132867 ], [ -1.124815, 43.119371 ], [ -1.116757, 43.113872 ], [ -1.107821, 43.109968 ], [ -1.099579, 43.107501 ], [ -1.086418, 43.105179 ], [ -1.080405, 43.109733 ], [ -1.07335, 43.109843 ], [ -1.06896, 43.108425 ], [ -1.058922, 43.099714 ], [ -1.038119, 43.094163 ], [ -1.032097, 43.084281 ], [ -1.029831, 43.072701 ], [ -1.042554, 43.073803 ], [ -1.047689, 43.055989 ], [ -1.047407, 43.052032 ], [ -1.056994, 43.03952 ], [ -1.066887, 43.031443 ], [ -1.078885, 43.029096 ] ] ] ] } },
{ "type": "Feature", "properties": { "codgeo": "64391", "libgeo": "Moncayolle-Larrory-Mendibieu", "dept": "64" }, "geometry": { "type": "MultiPolygon", "coordinates": [ [ [ [ -0.782256, 43.2598 ], [ -0.785854, 43.261651 ], [ -0.802748, 43.261116 ], [ -0.811738, 43.25828 ], [ -0.824332, 43.253008 ], [ -0.834186, 43.242791 ], [ -0.840226, 43.241678 ], [ -0.845436, 43.242394 ], [ -0.851225, 43.245321 ], [ -0.848392, 43.248626 ], [ -0.846794, 43.2532 ], [ -0.865453, 43.259517 ], [ -0.858488, 43.267919 ], [ -0.84916, 43.277106 ], [ -0.838027, 43.284573 ], [ -0.829342, 43.292644 ], [ -0.826003, 43.294543 ], [ -0.823497, 43.28682 ], [ -0.823172, 43.282299 ], [ -0.821062, 43.279454 ], [ -0.811434, 43.273167 ], [ -0.809948, 43.273402 ], [ -0.77668, 43.264739 ], [ -0.782256, 43.2598 ] ] ] ] } },
{ "type": "Feature", "properties": { "codgeo": "64404", "libgeo": "Montory", "dept": "64" }, "geometry": { "type": "MultiPolygon", "coordinates": [ [ [ [ -0.811028, 43.05932 ], [ -0.816952, 43.068636 ], [ -0.831462, 43.085728 ], [ -0.833275, 43.098738 ], [ -0.83853, 43.109963 ], [ -0.828914, 43.122596 ], [ -0.810427, 43.130635 ], [ -0.799373, 43.122978 ], [ -0.783551, 43.118189 ], [ -0.78708, 43.109622 ], [ -0.793421, 43.08796 ], [ -0.799552, 43.077747 ], [ -0.800382, 43.06241 ], [ -0.801956, 43.060702 ], [ -0.808303, 43.058816 ], [ -0.811028, 43.05932 ] ] ] ] } },
{ "type": "Feature", "properties": { "codgeo": "65050", "libgeo": "Avajan", "dept": "65" }, "geometry": { "type": "MultiPolygon", "coordinates": [ [ [ [ 0.390174, 42.854297 ], [ 0.403814, 42.856153 ], [ 0.412485, 42.856089 ], [ 0.41164, 42.854389 ], [ 0.414843, 42.83849 ], [ 0.40899, 42.837462 ], [ 0.389496, 42.842847 ], [ 0.390174, 42.854297 ] ] ] ] } },
{ "type": "Feature", "properties": { "codgeo": "64409", "libgeo": "Moumour", "dept": "64" }, "geometry": { "type": "MultiPolygon", "coordinates": [ [ [ [ -0.64057, 43.212454 ], [ -0.643956, 43.206066 ], [ -0.635435, 43.201746 ], [ -0.638669, 43.199441 ], [ -0.657424, 43.19518 ], [ -0.659465, 43.203168 ], [ -0.669126, 43.204559 ], [ -0.686774, 43.20548 ], [ -0.694056, 43.20784 ], [ -0.678458, 43.217293 ], [ -0.669471, 43.221209 ], [ -0.657268, 43.231563 ], [ -0.653556, 43.229966 ], [ -0.65076, 43.218702 ], [ -0.643246, 43.213448 ], [ -0.64057, 43.212454 ] ] ] ] } },
{ "type": "Feature", "properties": { "codgeo": "64411", "libgeo": "Musculdy", "dept": "64" }, "geometry": { "type": "MultiPolygon", "coordinates": [ [ [ [ -1.023496, 43.130074 ], [ -1.020951, 43.14882 ], [ -1.023688, 43.158507 ], [ -1.026401, 43.161421 ], [ -1.029505, 43.171396 ], [ -1.02339, 43.176624 ], [ -1.019947, 43.186552 ], [ -1.022432, 43.199795 ], [ -1.016175, 43.206024 ], [ -1.00894, 43.208187 ], [ -0.99746, 43.208234 ], [ -0.972674, 43.212811 ], [ -0.971228, 43.217403 ], [ -0.972948, 43.225144 ], [ -0.969338, 43.22566 ], [ -0.966532, 43.223446 ], [ -0.964422, 43.220242 ], [ -0.964117, 43.206144 ], [ -0.960231, 43.19505 ], [ -0.957881, 43.192082 ], [ -0.95849, 43.186218 ], [ -0.964662, 43.179625 ], [ -0.996508, 43.172609 ], [ -1.004013, 43.169283 ], [ -1.009535, 43.162915 ], [ -1.011148, 43.151134 ], [ -1.016875, 43.13583 ], [ -1.023496, 43.130074 ] ] ] ] } },
{ "type": "Feature", "properties": { "codgeo": "64421", "libgeo": "Ogeu-les-Bains", "dept": "64" }, "geometry": { "type": "MultiPolygon", "coordinates": [ [ [ [ -0.468071, 43.173162 ], [ -0.468498, 43.16734 ], [ -0.482065, 43.155291 ], [ -0.485137, 43.140829 ], [ -0.487239, 43.136524 ], [ -0.50543, 43.125481 ], [ -0.507096, 43.126659 ], [ -0.519257, 43.129801 ], [ -0.528626, 43.1335 ], [ -0.547479, 43.136942 ], [ -0.549823, 43.140284 ], [ -0.545332, 43.141037 ], [ -0.532864, 43.151937 ], [ -0.514214, 43.178815 ], [ -0.506581, 43.183983 ], [ -0.498416, 43.181888 ], [ -0.476478, 43.181327 ], [ -0.473186, 43.18 ], [ -0.468071, 43.173162 ] ] ] ] } },
{ "type": "Feature", "properties": { "codgeo": "64422", "libgeo": "Oloron-Sainte-Marie", "dept": "64" }, "geometry": { "type": "MultiPolygon", "coordinates": [ [ [ [ -0.528626, 43.1335 ], [ -0.519257, 43.129801 ], [ -0.507096, 43.126659 ], [ -0.501165, 43.122707 ], [ -0.509156, 43.114744 ], [ -0.512735, 43.105742 ], [ -0.518565, 43.096911 ], [ -0.52372, 43.086353 ], [ -0.535816, 43.086156 ], [ -0.541013, 43.08706 ], [ -0.545289, 43.090248 ], [ -0.555154, 43.094851 ], [ -0.571059, 43.097136 ], [ -0.584707, 43.097277 ], [ -0.590257, 43.110378 ], [ -0.593022, 43.124809 ], [ -0.592303, 43.125654 ], [ -0.58104, 43.125117 ], [ -0.567291, 43.126062 ], [ -0.56493, 43.126948 ], [ -0.563179, 43.129642 ], [ -0.564906, 43.137183 ], [ -0.572161, 43.142186 ], [ -0.578287, 43.14783 ], [ -0.583736, 43.158003 ], [ -0.588713, 43.157785 ], [ -0.592402, 43.163054 ], [ -0.598267, 43.168419 ], [ -0.598885, 43.177133 ], [ -0.600109, 43.179984 ], [ -0.606853, 43.182767 ], [ -0.609854, 43.181961 ], [ -0.609673, 43.178906 ], [ -0.612982, 43.177024 ], [ -0.610829, 43.172113 ], [ -0.629023, 43.168101 ], [ -0.637016, 43.159314 ], [ -0.643398, 43.154871 ], [ -0.647226, 43.152971 ], [ -0.656618, 43.150083 ], [ -0.659668, 43.151431 ], [ -0.666935, 43.158976 ], [ -0.668062, 43.162047 ], [ -0.666426, 43.166684 ], [ -0.676335, 43.176122 ], [ -0.681525, 43.178723 ], [ -0.684013, 43.182555 ], [ -0.68514, 43.187326 ], [ -0.674134, 43.183635 ], [ -0.659363, 43.185591 ], [ -0.652573, 43.189841 ], [ -0.653934, 43.192355 ], [ -0.657424, 43.19518 ], [ -0.638669, 43.199441 ], [ -0.635435, 43.201746 ], [ -0.643956, 43.206066 ], [ -0.64057, 43.212454 ], [ -0.627492, 43.209884 ], [ -0.618259, 43.202333 ], [ -0.609345, 43.200035 ], [ -0.59711, 43.211315 ], [ -0.595248, 43.218368 ], [ -0.596248, 43.225222 ], [ -0.59149, 43.230473 ], [ -0.589693, 43.237584 ], [ -0.58377, 43.247481 ], [ -0.581377, 43.249972 ], [ -0.578484, 43.247786 ], [ -0.565914, 43.24653 ], [ -0.564219, 43.244354 ], [ -0.563575, 43.236177 ], [ -0.575925, 43.23214 ], [ -0.579384, 43.229428 ], [ -0.581092, 43.227126 ], [ -0.579416, 43.225032 ], [ -0.5778, 43.224517 ], [ -0.576768, 43.221787 ], [ -0.584791, 43.212141 ], [ -0.598326, 43.201945 ], [ -0.600089, 43.198705 ], [ -0.597667, 43.19694 ], [ -0.591284, 43.196037 ], [ -0.589479, 43.196365 ], [ -0.590683, 43.190247 ], [ -0.586952, 43.187746 ], [ -0.578178, 43.185239 ], [ -0.583397, 43.17689 ], [ -0.575826, 43.174155 ], [ -0.570582, 43.166424 ], [ -0.568634, 43.158559 ], [ -0.550908, 43.141261 ], [ -0.549943, 43.141196 ], [ -0.547479, 43.136942 ], [ -0.528626, 43.1335 ] ] ] ] } },
{ "type": "Feature", "properties": { "codgeo": "64424", "libgeo": "Ordiarp", "dept": "64" }, "geometry": { "type": "MultiPolygon", "coordinates": [ [ [ [ -0.912032, 43.200934 ], [ -0.914607, 43.198297 ], [ -0.913671, 43.196199 ], [ -0.914245, 43.193117 ], [ -0.915518, 43.193749 ], [ -0.929402, 43.190408 ], [ -0.934179, 43.187827 ], [ -0.93697, 43.18518 ], [ -0.937356, 43.1811 ], [ -0.943873, 43.176134 ], [ -0.949939, 43.173175 ], [ -0.953796, 43.169902 ], [ -0.96412, 43.167073 ], [ -0.97572, 43.162004 ], [ -0.984534, 43.155543 ], [ -0.988296, 43.151538 ], [ -0.990385, 43.14509 ], [ -0.99867, 43.132504 ], [ -1.003662, 43.131583 ], [ -1.012281, 43.136198 ], [ -1.016875, 43.13583 ], [ -1.011148, 43.151134 ], [ -1.009535, 43.162915 ], [ -1.004013, 43.169283 ], [ -0.996508, 43.172609 ], [ -0.964662, 43.179625 ], [ -0.95849, 43.186218 ], [ -0.957881, 43.192082 ], [ -0.960231, 43.19505 ], [ -0.964117, 43.206144 ], [ -0.964422, 43.220242 ], [ -0.966532, 43.223446 ], [ -0.969338, 43.22566 ], [ -0.971503, 43.225683 ], [ -0.972748, 43.227002 ], [ -0.975275, 43.237816 ], [ -0.97465, 43.240869 ], [ -0.97007, 43.24524 ], [ -0.967492, 43.249595 ], [ -0.965431, 43.249408 ], [ -0.955844, 43.240649 ], [ -0.939956, 43.221552 ], [ -0.929362, 43.210839 ], [ -0.921385, 43.204573 ], [ -0.912032, 43.200934 ] ] ] ] } },
{ "type": "Feature", "properties": { "codgeo": "64426", "libgeo": "Orin", "dept": "64" }, "geometry": { "type": "MultiPolygon", "coordinates": [ [ [ [ -0.665241, 43.237557 ], [ -0.660938, 43.232703 ], [ -0.657268, 43.231563 ], [ -0.669471, 43.221209 ], [ -0.678458, 43.217293 ], [ -0.694056, 43.20784 ], [ -0.693336, 43.211142 ], [ -0.680328, 43.230877 ], [ -0.679902, 43.233503 ], [ -0.68099, 43.236449 ], [ -0.677588, 43.242447 ], [ -0.665241, 43.237557 ] ] ] ] } },
{ "type": "Feature", "properties": { "codgeo": "64432", "libgeo": "Ossas-Suhare", "dept": "64" }, "geometry": { "type": "MultiPolygon", "coordinates": [ [ [ [ -0.91804, 43.152851 ], [ -0.911635, 43.153879 ], [ -0.906744, 43.148863 ], [ -0.900262, 43.150328 ], [ -0.884549, 43.140875 ], [ -0.883144, 43.141007 ], [ -0.8814, 43.138605 ], [ -0.881665, 43.129007 ], [ -0.889869, 43.127793 ], [ -0.891784, 43.126403 ], [ -0.902332, 43.132969 ], [ -0.911593, 43.134056 ], [ -0.916613, 43.133334 ], [ -0.926586, 43.129074 ], [ -0.93254, 43.124306 ], [ -0.937522, 43.124254 ], [ -0.933095, 43.125422 ], [ -0.926536, 43.141602 ], [ -0.918217, 43.151396 ], [ -0.91804, 43.152851 ] ] ] ] } },
{ "type": "Feature", "properties": { "codgeo": "64433", "libgeo": "Osse-en-Aspe", "dept": "64" }, "geometry": { "type": "MultiPolygon", "coordinates": [ [ [ [ -0.611646, 42.988026 ], [ -0.633088, 42.992744 ], [ -0.639817, 42.993606 ], [ -0.648466, 42.99745 ], [ -0.659361, 43.005112 ], [ -0.67268, 43.004031 ], [ -0.683067, 42.996633 ], [ -0.685799, 42.990845 ], [ -0.68704, 42.984731 ], [ -0.69101, 42.979665 ], [ -0.69357, 42.978335 ], [ -0.705774, 42.978006 ], [ -0.723317, 42.986495 ], [ -0.736027, 42.994069 ], [ -0.735687, 42.998268 ], [ -0.724407, 43.011636 ], [ -0.714539, 43.019857 ], [ -0.711856, 43.027291 ], [ -0.712806, 43.040818 ], [ -0.702459, 43.048673 ], [ -0.696103, 43.044385 ], [ -0.687937, 43.033849 ], [ -0.68944, 43.033575 ], [ -0.675929, 43.02884 ], [ -0.652804, 43.024754 ], [ -0.65103, 43.023324 ], [ -0.643065, 43.020426 ], [ -0.635369, 43.019216 ], [ -0.633435, 43.01998 ], [ -0.618897, 43.036129 ], [ -0.60652, 43.034846 ], [ -0.602018, 43.022955 ], [ -0.603944, 43.019122 ], [ -0.602068, 43.005297 ], [ -0.604178, 43.000195 ], [ -0.611646, 42.988026 ] ] ] ] } },
{ "type": "Feature", "properties": { "codgeo": "64436", "libgeo": "Ossès", "dept": "64" }, "geometry": { "type": "MultiPolygon", "coordinates": [ [ [ [ -1.274285, 43.204886 ], [ -1.277432, 43.208817 ], [ -1.280946, 43.211582 ], [ -1.290803, 43.213523 ], [ -1.29498, 43.217868 ], [ -1.301299, 43.229363 ], [ -1.29978, 43.235135 ], [ -1.300233, 43.237758 ], [ -1.303739, 43.241117 ], [ -1.307624, 43.242957 ], [ -1.311988, 43.243902 ], [ -1.31522, 43.245783 ], [ -1.320081, 43.251575 ], [ -1.320929, 43.255975 ], [ -1.31966, 43.256356 ], [ -1.320502, 43.259843 ], [ -1.312242, 43.27493 ], [ -1.308418, 43.27596 ], [ -1.301648, 43.279283 ], [ -1.295397, 43.284486 ], [ -1.292882, 43.290374 ], [ -1.288708, 43.294671 ], [ -1.28871, 43.292763 ], [ -1.279068, 43.280667 ], [ -1.265019, 43.273204 ], [ -1.262069, 43.269559 ], [ -1.260167, 43.265509 ], [ -1.259774, 43.261468 ], [ -1.25043, 43.246555 ], [ -1.23612, 43.235878 ], [ -1.233851, 43.229256 ], [ -1.232028, 43.217719 ], [ -1.224667, 43.217235 ], [ -1.232895, 43.208299 ], [ -1.243853, 43.201367 ], [ -1.254658, 43.197712 ], [ -1.256233, 43.198036 ], [ -1.259866, 43.202451 ], [ -1.263515, 43.20409 ], [ -1.268479, 43.204933 ], [ -1.274285, 43.204886 ] ] ] ] } },
{ "type": "Feature", "properties": { "codgeo": "64437", "libgeo": "Ostabat-Asme", "dept": "64" }, "geometry": { "type": "MultiPolygon", "coordinates": [ [ [ [ -1.037054, 43.267275 ], [ -1.046028, 43.252609 ], [ -1.054867, 43.253232 ], [ -1.061284, 43.250332 ], [ -1.07431, 43.238849 ], [ -1.078332, 43.236954 ], [ -1.096557, 43.239952 ], [ -1.102048, 43.242269 ], [ -1.104114, 43.247203 ], [ -1.103624, 43.249467 ], [ -1.091961, 43.255461 ], [ -1.08343, 43.26327 ], [ -1.082717, 43.265138 ], [ -1.082359, 43.26656 ], [ -1.091672, 43.27567 ], [ -1.08312, 43.273402 ], [ -1.075194, 43.272891 ], [ -1.062063, 43.281388 ], [ -1.0583, 43.282432 ], [ -1.047887, 43.282867 ], [ -1.041949, 43.277377 ], [ -1.038818, 43.271615 ], [ -1.037852, 43.267546 ], [ -1.037054, 43.267275 ] ] ] ] } },
{ "type": "Feature", "properties": { "codgeo": "64441", "libgeo": "Pagolle", "dept": "64" }, "geometry": { "type": "MultiPolygon", "coordinates": [ [ [ [ -0.971503, 43.225683 ], [ -0.972948, 43.225144 ], [ -0.971228, 43.217403 ], [ -0.972674, 43.212811 ], [ -0.99746, 43.208234 ], [ -1.00894, 43.208187 ], [ -1.016175, 43.206024 ], [ -1.022432, 43.199795 ], [ -1.031429, 43.203776 ], [ -1.035653, 43.202909 ], [ -1.032427, 43.206172 ], [ -1.029084, 43.205782 ], [ -1.016399, 43.231808 ], [ -1.018224, 43.243515 ], [ -1.012227, 43.245073 ], [ -1.006757, 43.248334 ], [ -1.004535, 43.253516 ], [ -1.007229, 43.255667 ], [ -0.998207, 43.252228 ], [ -0.990505, 43.24614 ], [ -0.989786, 43.246261 ], [ -0.988274, 43.244083 ], [ -0.979527, 43.240079 ], [ -0.97465, 43.240869 ], [ -0.975275, 43.237816 ], [ -0.972748, 43.227002 ], [ -0.971503, 43.225683 ] ] ] ] } },
{ "type": "Feature", "properties": { "codgeo": "64449", "libgeo": "Poey-d'Oloron", "dept": "64" }, "geometry": { "type": "MultiPolygon", "coordinates": [ [ [ [ -0.662909, 43.23533 ], [ -0.665241, 43.237557 ], [ -0.67915, 43.243345 ], [ -0.679549, 43.245287 ], [ -0.676329, 43.249835 ], [ -0.676416, 43.253516 ], [ -0.678449, 43.256536 ], [ -0.669945, 43.257736 ], [ -0.662516, 43.257819 ], [ -0.644637, 43.246438 ], [ -0.645204, 43.245301 ], [ -0.646969, 43.24567 ], [ -0.662909, 43.23533 ] ] ] ] } },
{ "type": "Feature", "properties": { "codgeo": "64460", "libgeo": "Précilhon", "dept": "64" }, "geometry": { "type": "MultiPolygon", "coordinates": [ [ [ [ -0.583397, 43.17689 ], [ -0.578178, 43.185239 ], [ -0.586952, 43.187746 ], [ -0.590683, 43.190247 ], [ -0.589479, 43.196365 ], [ -0.575073, 43.209835 ], [ -0.572842, 43.212829 ], [ -0.552951, 43.205816 ], [ -0.563664, 43.192664 ], [ -0.575826, 43.174155 ], [ -0.583397, 43.17689 ] ] ] ] } },
{ "type": "Feature", "properties": { "codgeo": "64463", "libgeo": "Rébénacq", "dept": "64" }, "geometry": { "type": "MultiPolygon", "coordinates": [ [ [ [ -0.421218, 43.148032 ], [ -0.412367, 43.156027 ], [ -0.409372, 43.160428 ], [ -0.397079, 43.164494 ], [ -0.394331, 43.175424 ], [ -0.393305, 43.178207 ], [ -0.392079, 43.179068 ], [ -0.374496, 43.177064 ], [ -0.378484, 43.163266 ], [ -0.378372, 43.152081 ], [ -0.379304, 43.149848 ], [ -0.381363, 43.146918 ], [ -0.390326, 43.139356 ], [ -0.400369, 43.133341 ], [ -0.400921, 43.137535 ], [ -0.402426, 43.138886 ], [ -0.4054, 43.139448 ], [ -0.409779, 43.138347 ], [ -0.419665, 43.145919 ], [ -0.421218, 43.148032 ] ] ] ] } },
{ "type": "Feature", "properties": { "codgeo": "64468", "libgeo": "Roquiague", "dept": "64" }, "geometry": { "type": "MultiPolygon", "coordinates": [ [ [ [ -0.846164, 43.202293 ], [ -0.84284, 43.205388 ], [ -0.82983, 43.206477 ], [ -0.81866, 43.20173 ], [ -0.817946, 43.200477 ], [ -0.830309, 43.185651 ], [ -0.833136, 43.175309 ], [ -0.830693, 43.168577 ], [ -0.843409, 43.164123 ], [ -0.849421, 43.162866 ], [ -0.855054, 43.169191 ], [ -0.853525, 43.171785 ], [ -0.853909, 43.17801 ], [ -0.863716, 43.186423 ], [ -0.865189, 43.189715 ], [ -0.863248, 43.191482 ], [ -0.860064, 43.192384 ], [ -0.852732, 43.192901 ], [ -0.846164, 43.202293 ] ] ] ] } },
{ "type": "Feature", "properties": { "codgeo": "64473", "libgeo": "Sainte-Colome", "dept": "64" }, "geometry": { "type": "MultiPolygon", "coordinates": [ [ [ [ -0.412323, 43.102439 ], [ -0.406454, 43.104813 ], [ -0.388819, 43.118452 ], [ -0.381231, 43.127936 ], [ -0.379337, 43.129248 ], [ -0.370149, 43.123617 ], [ -0.361609, 43.119921 ], [ -0.351934, 43.111073 ], [ -0.35208, 43.10785 ], [ -0.355601, 43.106761 ], [ -0.371211, 43.105321 ], [ -0.378364, 43.099775 ], [ -0.383626, 43.097017 ], [ -0.406841, 43.093347 ], [ -0.409925, 43.094356 ], [ -0.411215, 43.095671 ], [ -0.412753, 43.098337 ], [ -0.412323, 43.102439 ] ] ] ] } },
{ "type": "Feature", "properties": { "codgeo": "64475", "libgeo": "Sainte-Engrâce", "dept": "64" }, "geometry": { "type": "MultiPolygon", "coordinates": [ [ [ [ -0.897078, 42.956166 ], [ -0.874794, 42.967315 ], [ -0.89177, 42.992172 ], [ -0.891977, 43.007433 ], [ -0.901106, 43.018326 ], [ -0.89907, 43.023295 ], [ -0.89781, 43.030194 ], [ -0.881736, 43.036217 ], [ -0.866096, 43.043337 ], [ -0.860729, 43.042948 ], [ -0.852264, 43.034348 ], [ -0.844358, 43.030958 ], [ -0.808616, 43.020658 ], [ -0.796212, 43.015286 ], [ -0.789076, 43.0153 ], [ -0.77801, 43.016959 ], [ -0.774909, 43.016824 ], [ -0.763675, 43.012628 ], [ -0.754244, 43.001279 ], [ -0.754467, 42.998758 ], [ -0.776799, 42.998205 ], [ -0.794428, 42.990434 ], [ -0.797878, 42.987666 ], [ -0.797259, 42.983006 ], [ -0.793653, 42.975261 ], [ -0.787713, 42.968144 ], [ -0.784715, 42.967236 ], [ -0.783825, 42.964465 ], [ -0.792991, 42.962435 ], [ -0.799959, 42.958956 ], [ -0.811963, 42.951282 ], [ -0.818689, 42.951056 ], [ -0.837863, 42.954006 ], [ -0.848932, 42.951972 ], [ -0.858383, 42.951308 ], [ -0.870196, 42.953005 ], [ -0.876594, 42.954724 ], [ -0.885162, 42.955543 ], [ -0.895598, 42.955484 ], [ -0.897078, 42.956166 ] ] ] ] } },
{ "type": "Feature", "properties": { "codgeo": "64477", "libgeo": "Saint-Étienne-de-Baïgorry", "dept": "64" }, "geometry": { "type": "MultiPolygon", "coordinates": [ [ [ [ -1.332315, 43.121012 ], [ -1.335523, 43.120844 ], [ -1.337742, 43.122024 ], [ -1.346497, 43.131434 ], [ -1.356867, 43.140659 ], [ -1.364313, 43.141977 ], [ -1.367717, 43.138592 ], [ -1.372921, 43.137086 ], [ -1.397544, 43.146879 ], [ -1.407553, 43.155483 ], [ -1.403987, 43.160406 ], [ -1.401938, 43.178434 ], [ -1.390873, 43.186305 ], [ -1.385654, 43.192722 ], [ -1.381912, 43.225639 ], [ -1.378072, 43.23202 ], [ -1.378281, 43.235105 ], [ -1.364228, 43.233768 ], [ -1.359779, 43.235987 ], [ -1.356486, 43.236457 ], [ -1.350806, 43.234206 ], [ -1.33649, 43.233076 ], [ -1.333674, 43.231138 ], [ -1.333095, 43.225986 ], [ -1.324277, 43.21474 ], [ -1.311253, 43.204776 ], [ -1.305519, 43.201319 ], [ -1.301986, 43.200267 ], [ -1.303236, 43.193499 ], [ -1.308767, 43.183116 ], [ -1.306504, 43.173129 ], [ -1.305519, 43.161293 ], [ -1.304025, 43.162098 ], [ -1.303629, 43.158173 ], [ -1.312701, 43.139843 ], [ -1.317995, 43.135506 ], [ -1.325219, 43.131627 ], [ -1.329035, 43.128665 ], [ -1.33036, 43.127077 ], [ -1.332315, 43.121012 ] ] ] ] } },
{ "type": "Feature", "properties": { "codgeo": "64481", "libgeo": "Saint-Goin", "dept": "64" }, "geometry": { "type": "MultiPolygon", "coordinates": [ [ [ [ -0.755739, 43.211816 ], [ -0.760469, 43.218087 ], [ -0.758003, 43.217186 ], [ -0.741004, 43.224999 ], [ -0.726285, 43.233755 ], [ -0.69453, 43.255745 ], [ -0.693259, 43.253934 ], [ -0.691214, 43.253451 ], [ -0.690114, 43.250862 ], [ -0.691089, 43.246275 ], [ -0.701874, 43.24014 ], [ -0.715708, 43.234136 ], [ -0.720567, 43.230531 ], [ -0.723125, 43.226395 ], [ -0.728813, 43.220846 ], [ -0.744509, 43.213082 ], [ -0.748394, 43.212162 ], [ -0.755739, 43.211816 ] ] ] ] } },
{ "type": "Feature", "properties": { "codgeo": "64484", "libgeo": "Saint-Jean-le-Vieux", "dept": "64" }, "geometry": { "type": "MultiPolygon", "coordinates": [ [ [ [ -1.181122, 43.172073 ], [ -1.180332, 43.170021 ], [ -1.181285, 43.166303 ], [ -1.18269, 43.164683 ], [ -1.186317, 43.16336 ], [ -1.187404, 43.161411 ], [ -1.181867, 43.154349 ], [ -1.185305, 43.15517 ], [ -1.18693, 43.153361 ], [ -1.203305, 43.148401 ], [ -1.205151, 43.148611 ], [ -1.210072, 43.151831 ], [ -1.214467, 43.158764 ], [ -1.219346, 43.161675 ], [ -1.221144, 43.161139 ], [ -1.222529, 43.163679 ], [ -1.22864, 43.164844 ], [ -1.22943, 43.165994 ], [ -1.220263, 43.167692 ], [ -1.220605, 43.174945 ], [ -1.221789, 43.180112 ], [ -1.223556, 43.182851 ], [ -1.227637, 43.18741 ], [ -1.233892, 43.1906 ], [ -1.225841, 43.195674 ], [ -1.215933, 43.196417 ], [ -1.203483, 43.190074 ], [ -1.200574, 43.186867 ], [ -1.201758, 43.185928 ], [ -1.200142, 43.178741 ], [ -1.19154, 43.171711 ], [ -1.181122, 43.172073 ] ] ] ] } },
{ "type": "Feature", "properties": { "codgeo": "64485", "libgeo": "Saint-Jean-Pied-de-Port", "dept": "64" }, "geometry": { "type": "MultiPolygon", "coordinates": [ [ [ [ -1.221144, 43.161139 ], [ -1.222295, 43.159325 ], [ -1.228745, 43.154995 ], [ -1.232215, 43.150223 ], [ -1.235084, 43.143884 ], [ -1.236633, 43.143766 ], [ -1.236558, 43.143138 ], [ -1.23901, 43.143618 ], [ -1.242432, 43.147066 ], [ -1.241663, 43.153902 ], [ -1.242468, 43.163102 ], [ -1.245834, 43.170285 ], [ -1.22947, 43.167971 ], [ -1.22864, 43.164844 ], [ -1.222529, 43.163679 ], [ -1.221144, 43.161139 ] ] ] ] } },
{ "type": "Feature", "properties": { "codgeo": "64487", "libgeo": "Saint-Just-Ibarre", "dept": "64" }, "geometry": { "type": "MultiPolygon", "coordinates": [ [ [ [ -1.079973, 43.195279 ], [ -1.073566, 43.193136 ], [ -1.054314, 43.196642 ], [ -1.039677, 43.204993 ], [ -1.038841, 43.206846 ], [ -1.035653, 43.202909 ], [ -1.031429, 43.203776 ], [ -1.022432, 43.199795 ], [ -1.019947, 43.186552 ], [ -1.02339, 43.176624 ], [ -1.029505, 43.171396 ], [ -1.026401, 43.161421 ], [ -1.023688, 43.158507 ], [ -1.020951, 43.14882 ], [ -1.023496, 43.130074 ], [ -1.034999, 43.118676 ], [ -1.04459, 43.115132 ], [ -1.04905, 43.126086 ], [ -1.048794, 43.150395 ], [ -1.059113, 43.164256 ], [ -1.094798, 43.171406 ], [ -1.089381, 43.185867 ], [ -1.079973, 43.195279 ] ] ] ] } },
{ "type": "Feature", "properties": { "codgeo": "64490", "libgeo": "Saint-Martin-d'Arrossa", "dept": "64" }, "geometry": { "type": "MultiPolygon", "coordinates": [ [ [ [ -1.355282, 43.235674 ], [ -1.350818, 43.237927 ], [ -1.345189, 43.242203 ], [ -1.339129, 43.260125 ], [ -1.334677, 43.261726 ], [ -1.325552, 43.263175 ], [ -1.320502, 43.259843 ], [ -1.319522, 43.257924 ], [ -1.31966, 43.256356 ], [ -1.320929, 43.255975 ], [ -1.320081, 43.251575 ], [ -1.31522, 43.245783 ], [ -1.311988, 43.243902 ], [ -1.307624, 43.242957 ], [ -1.303739, 43.241117 ], [ -1.300233, 43.237758 ], [ -1.29978, 43.235135 ], [ -1.301299, 43.229363 ], [ -1.29498, 43.217868 ], [ -1.290803, 43.213523 ], [ -1.280946, 43.211582 ], [ -1.277432, 43.208817 ], [ -1.274285, 43.204886 ], [ -1.275856, 43.203057 ], [ -1.276137, 43.200459 ], [ -1.301986, 43.200267 ], [ -1.305519, 43.201319 ], [ -1.311253, 43.204776 ], [ -1.324277, 43.21474 ], [ -1.333095, 43.225986 ], [ -1.333674, 43.231138 ], [ -1.33649, 43.233076 ], [ -1.350806, 43.234206 ], [ -1.355282, 43.235674 ] ] ] ] } },
{ "type": "Feature", "properties": { "codgeo": "64492", "libgeo": "Saint-Michel", "dept": "64" }, "geometry": { "type": "MultiPolygon", "coordinates": [ [ [ [ -1.243014, 43.133582 ], [ -1.236633, 43.143766 ], [ -1.234064, 43.144278 ], [ -1.222801, 43.141594 ], [ -1.210622, 43.135783 ], [ -1.206794, 43.11991 ], [ -1.214778, 43.116393 ], [ -1.217208, 43.094807 ], [ -1.221639, 43.087346 ], [ -1.221786, 43.079833 ], [ -1.219131, 43.077764 ], [ -1.214816, 43.079606 ], [ -1.212579, 43.051454 ], [ -1.22975, 43.055508 ], [ -1.240466, 43.04703 ], [ -1.2476, 43.042636 ], [ -1.258652, 43.049123 ], [ -1.267154, 43.058561 ], [ -1.268147, 43.059878 ], [ -1.268952, 43.068099 ], [ -1.266649, 43.07332 ], [ -1.262515, 43.077621 ], [ -1.247459, 43.088891 ], [ -1.245612, 43.088508 ], [ -1.243683, 43.091311 ], [ -1.238783, 43.104851 ], [ -1.237223, 43.112555 ], [ -1.238555, 43.1179 ], [ -1.245303, 43.122541 ], [ -1.246523, 43.125308 ], [ -1.243014, 43.133582 ] ] ] ] } },
{ "type": "Feature", "properties": { "codgeo": "64504", "libgeo": "Sare", "dept": "64" }, "geometry": { "type": "MultiPolygon", "coordinates": [ [ [ [ -1.635412, 43.309021 ], [ -1.621026, 43.319367 ], [ -1.609652, 43.32542 ], [ -1.602699, 43.331512 ], [ -1.594912, 43.340427 ], [ -1.587311, 43.340229 ], [ -1.580082, 43.338324 ], [ -1.563667, 43.331995 ], [ -1.555974, 43.326813 ], [ -1.556885, 43.323992 ], [ -1.555983, 43.321107 ], [ -1.549162, 43.31788 ], [ -1.538294, 43.315271 ], [ -1.53521, 43.302638 ], [ -1.529037, 43.293437 ], [ -1.532918, 43.293736 ], [ -1.552154, 43.291901 ], [ -1.565023, 43.288009 ], [ -1.563659, 43.28468 ], [ -1.561483, 43.284119 ], [ -1.560771, 43.273923 ], [ -1.568584, 43.257392 ], [ -1.575152, 43.249922 ], [ -1.582717, 43.252991 ], [ -1.590902, 43.253774 ], [ -1.60163, 43.253632 ], [ -1.605245, 43.25261 ], [ -1.609345, 43.252886 ], [ -1.617868, 43.258074 ], [ -1.625491, 43.270549 ], [ -1.628099, 43.280701 ], [ -1.630679, 43.285021 ], [ -1.628593, 43.292253 ], [ -1.624856, 43.297076 ], [ -1.622902, 43.302184 ], [ -1.623871, 43.305687 ], [ -1.624874, 43.306496 ], [ -1.635412, 43.309021 ] ] ] ] } },
{ "type": "Feature", "properties": { "codgeo": "64506", "libgeo": "Sarrance", "dept": "64" }, "geometry": { "type": "MultiPolygon", "coordinates": [ [ [ [ -0.509338, 43.034102 ], [ -0.515031, 43.03377 ], [ -0.517213, 43.03205 ], [ -0.519571, 43.025954 ], [ -0.522836, 43.022361 ], [ -0.53052, 43.017481 ], [ -0.541747, 43.015699 ], [ -0.562208, 43.01554 ], [ -0.565277, 43.012895 ], [ -0.566055, 43.01495 ], [ -0.570543, 43.017715 ], [ -0.587788, 43.023888 ], [ -0.599841, 43.029608 ], [ -0.604102, 43.029671 ], [ -0.60652, 43.034846 ], [ -0.618897, 43.036129 ], [ -0.640565, 43.042039 ], [ -0.645353, 43.045976 ], [ -0.641053, 43.061167 ], [ -0.63768, 43.063779 ], [ -0.636955, 43.070145 ], [ -0.612618, 43.070501 ], [ -0.606291, 43.071606 ], [ -0.58489, 43.070661 ], [ -0.572232, 43.069369 ], [ -0.562319, 43.064901 ], [ -0.562249, 43.063499 ], [ -0.557826, 43.060909 ], [ -0.552063, 43.058678 ], [ -0.543455, 43.057138 ], [ -0.523627, 43.055845 ], [ -0.502095, 43.044776 ], [ -0.509338, 43.034102 ] ] ] ] } },
{ "type": "Feature", "properties": { "codgeo": "64508", "libgeo": "Saucède", "dept": "64" }, "geometry": { "type": "MultiPolygon", "coordinates": [ [ [ [ -0.687766, 43.276771 ], [ -0.673606, 43.278546 ], [ -0.66994, 43.278155 ], [ -0.659017, 43.273352 ], [ -0.654318, 43.26898 ], [ -0.652713, 43.264046 ], [ -0.644951, 43.256679 ], [ -0.644158, 43.251111 ], [ -0.644637, 43.246438 ], [ -0.662516, 43.257819 ], [ -0.669945, 43.257736 ], [ -0.678449, 43.256536 ], [ -0.687872, 43.263919 ], [ -0.693658, 43.264393 ], [ -0.698128, 43.26883 ], [ -0.701603, 43.269736 ], [ -0.695648, 43.274693 ], [ -0.69285, 43.275146 ], [ -0.688152, 43.274519 ], [ -0.687766, 43.276771 ] ] ] ] } },
{ "type": "Feature", "properties": { "codgeo": "64509", "libgeo": "Sauguis-Saint-Étienne", "dept": "64" }, "geometry": { "type": "MultiPolygon", "coordinates": [ [ [ [ -0.853909, 43.17801 ], [ -0.853525, 43.171785 ], [ -0.855054, 43.169191 ], [ -0.849421, 43.162866 ], [ -0.84609, 43.157234 ], [ -0.849651, 43.151396 ], [ -0.858929, 43.153675 ], [ -0.868393, 43.152206 ], [ -0.883573, 43.142298 ], [ -0.883144, 43.141007 ], [ -0.884549, 43.140875 ], [ -0.900262, 43.150328 ], [ -0.900674, 43.152399 ], [ -0.897414, 43.158033 ], [ -0.892969, 43.163375 ], [ -0.879267, 43.166309 ], [ -0.867818, 43.169931 ], [ -0.858335, 43.173865 ], [ -0.853909, 43.17801 ] ] ] ] } },
{ "type": "Feature", "properties": { "codgeo": "64522", "libgeo": "Sévignacq-Meyracq", "dept": "64" }, "geometry": { "type": "MultiPolygon", "coordinates": [ [ [ [ -0.349307, 43.162319 ], [ -0.360633, 43.149371 ], [ -0.364058, 43.14162 ], [ -0.381231, 43.127936 ], [ -0.388819, 43.118452 ], [ -0.406454, 43.104813 ], [ -0.412323, 43.102439 ], [ -0.415663, 43.102694 ], [ -0.42556, 43.116015 ], [ -0.414991, 43.122901 ], [ -0.40189, 43.129353 ], [ -0.400369, 43.133341 ], [ -0.390326, 43.139356 ], [ -0.381363, 43.146918 ], [ -0.378372, 43.152081 ], [ -0.378484, 43.163266 ], [ -0.374496, 43.177064 ], [ -0.373537, 43.177805 ], [ -0.354778, 43.168724 ], [ -0.349307, 43.162319 ] ] ] ] } },
{ "type": "Feature", "properties": { "codgeo": "64527", "libgeo": "Souraïde", "dept": "64" }, "geometry": { "type": "MultiPolygon", "coordinates": [ [ [ [ -1.479142, 43.31141 ], [ -1.483249, 43.321676 ], [ -1.486631, 43.324552 ], [ -1.505851, 43.324124 ], [ -1.507881, 43.326313 ], [ -1.514981, 43.341154 ], [ -1.505441, 43.362894 ], [ -1.503873, 43.364289 ], [ -1.499214, 43.364598 ], [ -1.498391, 43.366469 ], [ -1.47929, 43.374886 ], [ -1.477929, 43.37412 ], [ -1.479658, 43.371744 ], [ -1.478606, 43.368515 ], [ -1.470537, 43.359408 ], [ -1.467847, 43.348779 ], [ -1.466805, 43.338977 ], [ -1.467063, 43.334397 ], [ -1.471717, 43.322489 ], [ -1.479142, 43.31141 ] ] ] ] } },
{ "type": "Feature", "properties": { "codgeo": "64528", "libgeo": "Suhescun", "dept": "64" }, "geometry": { "type": "MultiPolygon", "coordinates": [ [ [ [ -1.167831, 43.232794 ], [ -1.176582, 43.226592 ], [ -1.179762, 43.222564 ], [ -1.183483, 43.213439 ], [ -1.197521, 43.21681 ], [ -1.209255, 43.217178 ], [ -1.221844, 43.215858 ], [ -1.223653, 43.217943 ], [ -1.217734, 43.220576 ], [ -1.212109, 43.228208 ], [ -1.211245, 43.232117 ], [ -1.212323, 43.236548 ], [ -1.200661, 43.254168 ], [ -1.184421, 43.251616 ], [ -1.181873, 43.25241 ], [ -1.177539, 43.244424 ], [ -1.167831, 43.232794 ] ] ] ] } },
{ "type": "Feature", "properties": { "codgeo": "64533", "libgeo": "Tardets-Sorholus", "dept": "64" }, "geometry": { "type": "MultiPolygon", "coordinates": [ [ [ [ -0.837725, 43.111447 ], [ -0.840424, 43.111755 ], [ -0.845686, 43.105723 ], [ -0.851717, 43.104211 ], [ -0.860011, 43.104504 ], [ -0.861179, 43.111504 ], [ -0.865971, 43.11731 ], [ -0.876287, 43.123318 ], [ -0.863082, 43.130457 ], [ -0.855944, 43.13768 ], [ -0.843806, 43.14753 ], [ -0.813613, 43.147612 ], [ -0.808973, 43.144727 ], [ -0.80218, 43.134939 ], [ -0.802887, 43.132605 ], [ -0.810427, 43.130635 ], [ -0.828914, 43.122596 ], [ -0.837725, 43.111447 ] ] ] ] } },
{ "type": "Feature", "properties": { "codgeo": "64537", "libgeo": "Trois-Villes", "dept": "64" }, "geometry": { "type": "MultiPolygon", "coordinates": [ [ [ [ -0.876287, 43.123318 ], [ -0.880154, 43.123598 ], [ -0.881665, 43.129007 ], [ -0.8814, 43.138605 ], [ -0.883573, 43.142298 ], [ -0.868393, 43.152206 ], [ -0.858929, 43.153675 ], [ -0.849651, 43.151396 ], [ -0.84609, 43.157234 ], [ -0.843806, 43.14753 ], [ -0.855944, 43.13768 ], [ -0.863082, 43.130457 ], [ -0.876287, 43.123318 ] ] ] ] } },
{ "type": "Feature", "properties": { "codgeo": "64538", "libgeo": "Uhart-Cize", "dept": "64" }, "geometry": { "type": "MultiPolygon", "coordinates": [ [ [ [ -1.255029, 43.163517 ], [ -1.254361, 43.165535 ], [ -1.250161, 43.168119 ], [ -1.247822, 43.171329 ], [ -1.245834, 43.170285 ], [ -1.242468, 43.163102 ], [ -1.241663, 43.153902 ], [ -1.242432, 43.147066 ], [ -1.23901, 43.143618 ], [ -1.236558, 43.143138 ], [ -1.243014, 43.133582 ], [ -1.246523, 43.125308 ], [ -1.245303, 43.122541 ], [ -1.238555, 43.1179 ], [ -1.237631, 43.115951 ], [ -1.237223, 43.112555 ], [ -1.238783, 43.104851 ], [ -1.243683, 43.091311 ], [ -1.245612, 43.088508 ], [ -1.247459, 43.088891 ], [ -1.250379, 43.08645 ], [ -1.256954, 43.091228 ], [ -1.251342, 43.097096 ], [ -1.250013, 43.100792 ], [ -1.252278, 43.110501 ], [ -1.256102, 43.116936 ], [ -1.26349, 43.120603 ], [ -1.270376, 43.12155 ], [ -1.269858, 43.125805 ], [ -1.262138, 43.142477 ], [ -1.255525, 43.14805 ], [ -1.252262, 43.152089 ], [ -1.252421, 43.156486 ], [ -1.255029, 43.163517 ] ] ] ] } },
{ "type": "Feature", "properties": { "codgeo": "64542", "libgeo": "Urdos", "dept": "64" }, "geometry": { "type": "MultiPolygon", "coordinates": [ [ [ [ -0.562533, 42.884124 ], [ -0.550665, 42.884299 ], [ -0.526958, 42.876398 ], [ -0.517234, 42.87016 ], [ -0.513755, 42.866514 ], [ -0.512851, 42.864057 ], [ -0.499364, 42.850628 ], [ -0.499007, 42.844373 ], [ -0.501231, 42.82781 ], [ -0.512685, 42.822271 ], [ -0.523796, 42.812764 ], [ -0.522996, 42.799377 ], [ -0.529655, 42.791659 ], [ -0.539676, 42.793306 ], [ -0.545488, 42.789094 ], [ -0.551036, 42.779352 ], [ -0.553432, 42.778803 ], [ -0.567625, 42.780812 ], [ -0.55495, 42.799301 ], [ -0.554562, 42.803882 ], [ -0.556622, 42.810012 ], [ -0.560883, 42.814631 ], [ -0.55992, 42.832905 ], [ -0.557855, 42.838141 ], [ -0.550861, 42.84926 ], [ -0.550466, 42.851601 ], [ -0.551032, 42.859131 ], [ -0.552782, 42.865473 ], [ -0.562533, 42.884124 ] ] ] ] } },
{ "type": "Feature", "properties": { "codgeo": "64543", "libgeo": "Urepel", "dept": "64" }, "geometry": { "type": "MultiPolygon", "coordinates": [ [ [ [ -1.393064, 43.09136 ], [ -1.389778, 43.086313 ], [ -1.387566, 43.076209 ], [ -1.376956, 43.067792 ], [ -1.373786, 43.061357 ], [ -1.37205, 43.049247 ], [ -1.365543, 43.030726 ], [ -1.441248, 43.046272 ], [ -1.456069, 43.063236 ], [ -1.44357, 43.065849 ], [ -1.414825, 43.081403 ], [ -1.401917, 43.089769 ], [ -1.393064, 43.09136 ] ] ] ] } },
{ "type": "Feature", "properties": { "codgeo": "64551", "libgeo": "Verdets", "dept": "64" }, "geometry": { "type": "MultiPolygon", "coordinates": [ [ [ [ -0.645204, 43.245301 ], [ -0.6439, 43.243826 ], [ -0.628075, 43.237682 ], [ -0.631209, 43.2294 ], [ -0.637778, 43.221883 ], [ -0.645454, 43.215465 ], [ -0.65076, 43.218702 ], [ -0.653556, 43.229966 ], [ -0.660938, 43.232703 ], [ -0.662909, 43.23533 ], [ -0.646969, 43.24567 ], [ -0.645204, 43.245301 ] ] ] ] } },
{ "type": "Feature", "properties": { "codgeo": "64559", "libgeo": "Viodos-Abense-de-Bas", "dept": "64" }, "geometry": { "type": "MultiPolygon", "coordinates": [ [ [ [ -0.873046, 43.242668 ], [ -0.873092, 43.238553 ], [ -0.875381, 43.232974 ], [ -0.877135, 43.23091 ], [ -0.884072, 43.233047 ], [ -0.891581, 43.233448 ], [ -0.903356, 43.23213 ], [ -0.919335, 43.231531 ], [ -0.9226, 43.234634 ], [ -0.920172, 43.247071 ], [ -0.91669, 43.255944 ], [ -0.916213, 43.262177 ], [ -0.914885, 43.262872 ], [ -0.885798, 43.263143 ], [ -0.871974, 43.261927 ], [ -0.865453, 43.259517 ], [ -0.866566, 43.257416 ], [ -0.870112, 43.255691 ], [ -0.872723, 43.255354 ], [ -0.874982, 43.252203 ], [ -0.874992, 43.248081 ], [ -0.873046, 43.242668 ] ] ] ] } },
{ "type": "Feature", "properties": { "codgeo": "65001", "libgeo": "Adast", "dept": "65" }, "geometry": { "type": "MultiPolygon", "coordinates": [ [ [ [ -0.068734, 42.970456 ], [ -0.07784, 42.968937 ], [ -0.078699, 42.969741 ], [ -0.077343, 42.984467 ], [ -0.068734, 42.970456 ] ] ] ] } },
{ "type": "Feature", "properties": { "codgeo": "65002", "libgeo": "Adé", "dept": "65" }, "geometry": { "type": "MultiPolygon", "coordinates": [ [ [ [ -0.045908, 43.13958 ], [ -0.031545, 43.152122 ], [ -0.024834, 43.159563 ], [ -0.013943, 43.164301 ], [ -0.016027, 43.160471 ], [ -0.009195, 43.149088 ], [ -0.014887, 43.138047 ], [ -0.013527, 43.13506 ], [ -0.01283, 43.127326 ], [ -0.015212, 43.124892 ], [ -0.024963, 43.124247 ], [ -0.027544, 43.127967 ], [ -0.031333, 43.128538 ], [ -0.038972, 43.127316 ], [ -0.045267, 43.137931 ], [ -0.045908, 43.13958 ] ] ] ] } },
{ "type": "Feature", "properties": { "codgeo": "65003", "libgeo": "Adervielle-Pouchergues", "dept": "65" }, "geometry": { "type": "MultiPolygon", "coordinates": [ [ [ [ 0.408912, 42.826658 ], [ 0.410106, 42.82322 ], [ 0.409898, 42.817486 ], [ 0.410636, 42.815775 ], [ 0.409265, 42.813662 ], [ 0.400755, 42.814004 ], [ 0.39537, 42.809522 ], [ 0.389516, 42.802381 ], [ 0.388097, 42.795283 ], [ 0.388635, 42.7911 ], [ 0.390882, 42.7845 ], [ 0.395519, 42.775486 ], [ 0.396146, 42.770059 ], [ 0.387949, 42.763819 ], [ 0.38533, 42.763366 ], [ 0.378582, 42.776688 ], [ 0.378503, 42.782945 ], [ 0.380184, 42.789351 ], [ 0.379247, 42.800485 ], [ 0.375137, 42.808334 ], [ 0.384303, 42.822932 ], [ 0.384922, 42.826742 ], [ 0.389509, 42.827268 ], [ 0.408912, 42.826658 ] ] ] ] } },
{ "type": "Feature", "properties": { "codgeo": "65004", "libgeo": "Agos-Vidalos", "dept": "65" }, "geometry": { "type": "MultiPolygon", "coordinates": [ [ [ [ -0.053028, 43.05138 ], [ -0.059955, 43.043872 ], [ -0.062771, 43.042301 ], [ -0.062217, 43.028962 ], [ -0.078334, 43.026741 ], [ -0.080474, 43.024025 ], [ -0.084034, 43.024253 ], [ -0.086856, 43.032845 ], [ -0.093447, 43.036644 ], [ -0.091482, 43.036847 ], [ -0.087708, 43.039523 ], [ -0.089746, 43.043804 ], [ -0.089394, 43.052494 ], [ -0.077454, 43.052163 ], [ -0.073771, 43.051407 ], [ -0.053028, 43.05138 ] ] ] ] } },
{ "type": "Feature", "properties": { "codgeo": "65006", "libgeo": "Ancizan", "dept": "65" }, "geometry": { "type": "MultiPolygon", "coordinates": [ [ [ [ 0.30615, 42.862031 ], [ 0.302698, 42.86748 ], [ 0.302529, 42.869482 ], [ 0.298284, 42.872536 ], [ 0.289929, 42.876209 ], [ 0.286261, 42.877171 ], [ 0.275276, 42.875645 ], [ 0.26941, 42.876198 ], [ 0.258225, 42.879915 ], [ 0.251904, 42.880573 ], [ 0.236414, 42.886107 ], [ 0.235701, 42.90204 ], [ 0.23944, 42.905377 ], [ 0.244365, 42.907607 ], [ 0.248096, 42.918906 ], [ 0.246059, 42.92188 ], [ 0.245593, 42.924604 ], [ 0.247787, 42.928372 ], [ 0.253881, 42.93541 ], [ 0.275283, 42.943749 ], [ 0.280414, 42.943288 ], [ 0.290595, 42.939254 ], [ 0.294962, 42.936545 ], [ 0.292548, 42.929848 ], [ 0.292431, 42.926221 ], [ 0.29426, 42.914787 ], [ 0.297508, 42.91165 ], [ 0.306716, 42.907103 ], [ 0.305225, 42.902907 ], [ 0.306207, 42.899768 ], [ 0.318725, 42.893043 ], [ 0.345797, 42.880792 ], [ 0.34825, 42.880928 ], [ 0.349308, 42.875378 ], [ 0.345017, 42.869071 ], [ 0.335071, 42.866966 ], [ 0.316812, 42.866938 ], [ 0.30615, 42.862031 ] ] ] ] } },
{ "type": "Feature", "properties": { "codgeo": "65009", "libgeo": "Anères", "dept": "65" }, "geometry": { "type": "MultiPolygon", "coordinates": [ [ [ [ 0.46411, 43.06486 ], [ 0.455227, 43.06664 ], [ 0.458406, 43.070813 ], [ 0.459538, 43.075739 ], [ 0.458689, 43.083381 ], [ 0.45939, 43.090422 ], [ 0.466035, 43.089726 ], [ 0.472339, 43.071137 ], [ 0.474265, 43.068399 ], [ 0.472255, 43.06676 ], [ 0.46411, 43.06486 ] ] ] ] } },
{ "type": "Feature", "properties": { "codgeo": "65011", "libgeo": "Les Angles", "dept": "65" }, "geometry": { "type": "MultiPolygon", "coordinates": [ [ [ [ 0.013063, 43.087037 ], [ 0.014466, 43.081787 ], [ 0.015958, 43.08029 ], [ 0.019748, 43.079066 ], [ 0.022437, 43.07952 ], [ 0.021919, 43.077216 ], [ 0.023662, 43.075073 ], [ 0.01034, 43.076637 ], [ 0.007868, 43.07554 ], [ 0.006816, 43.074188 ], [ 0.007683, 43.076004 ], [ 0.004862, 43.081281 ], [ 0.002331, 43.081693 ], [ -0.006417, 43.080353 ], [ -0.011595, 43.087982 ], [ -0.015806, 43.090091 ], [ -0.003251, 43.093076 ], [ 0.004567, 43.092936 ], [ 0.004694, 43.093427 ], [ 0.007301, 43.089864 ], [ 0.013063, 43.087037 ] ] ] ] } },
{ "type": "Feature", "properties": { "codgeo": "65012", "libgeo": "Anla", "dept": "65" }, "geometry": { "type": "MultiPolygon", "coordinates": [ [ [ [ 0.578964, 43.011417 ], [ 0.581855, 43.010951 ], [ 0.587611, 43.012765 ], [ 0.587372, 43.010733 ], [ 0.588051, 43.010564 ], [ 0.595921, 43.00983 ], [ 0.599078, 43.011138 ], [ 0.608483, 43.008227 ], [ 0.609716, 43.003835 ], [ 0.607866, 43.002233 ], [ 0.59707, 43.002156 ], [ 0.592189, 43.001269 ], [ 0.585932, 42.997188 ], [ 0.578609, 42.999649 ], [ 0.577099, 43.008757 ], [ 0.578964, 43.011417 ] ] ] ] } },
{ "type": "Feature", "properties": { "codgeo": "65014", "libgeo": "Antichan", "dept": "65" }, "geometry": { "type": "MultiPolygon", "coordinates": [ [ [ [ 0.58783, 42.996405 ], [ 0.589563, 42.987383 ], [ 0.588393, 42.983918 ], [ 0.583534, 42.985765 ], [ 0.576254, 42.995692 ], [ 0.578609, 42.999649 ], [ 0.58783, 42.996405 ] ] ] ] } },
{ "type": "Feature", "properties": { "codgeo": "65016", "libgeo": "Antist", "dept": "65" }, "geometry": { "type": "MultiPolygon", "coordinates": [ [ [ [ 0.120534, 43.115479 ], [ 0.119487, 43.11821 ], [ 0.121429, 43.121805 ], [ 0.12263, 43.122446 ], [ 0.147347, 43.126006 ], [ 0.151935, 43.119325 ], [ 0.146252, 43.116408 ], [ 0.124644, 43.112736 ], [ 0.120534, 43.115479 ] ] ] ] } },
{ "type": "Feature", "properties": { "codgeo": "65017", "libgeo": "Aragnouet", "dept": "65" }, "geometry": { "type": "MultiPolygon", "coordinates": [ [ [ [ 0.136732, 42.722452 ], [ 0.13333, 42.736223 ], [ 0.137136, 42.745719 ], [ 0.129466, 42.75641 ], [ 0.112208, 42.770197 ], [ 0.113871, 42.788742 ], [ 0.100254, 42.800769 ], [ 0.103389, 42.804093 ], [ 0.105537, 42.809171 ], [ 0.107486, 42.827724 ], [ 0.111476, 42.830458 ], [ 0.115517, 42.834682 ], [ 0.141285, 42.828782 ], [ 0.151515, 42.829395 ], [ 0.176572, 42.826572 ], [ 0.223909, 42.82304 ], [ 0.230438, 42.821785 ], [ 0.253006, 42.808731 ], [ 0.259341, 42.806924 ], [ 0.267424, 42.807153 ], [ 0.271192, 42.804689 ], [ 0.275451, 42.803073 ], [ 0.281318, 42.803246 ], [ 0.281019, 42.801961 ], [ 0.275231, 42.797279 ], [ 0.270982, 42.78704 ], [ 0.258527, 42.767969 ], [ 0.243251, 42.777564 ], [ 0.244718, 42.783034 ], [ 0.236981, 42.781651 ], [ 0.22617, 42.772233 ], [ 0.217727, 42.76058 ], [ 0.215289, 42.746842 ], [ 0.208517, 42.737615 ], [ 0.206243, 42.729362 ], [ 0.182892, 42.735664 ], [ 0.179551, 42.736375 ], [ 0.175917, 42.736173 ], [ 0.161256, 42.726726 ], [ 0.140895, 42.721851 ], [ 0.136732, 42.722452 ] ] ] ] } },
{ "type": "Feature", "properties": { "codgeo": "65018", "libgeo": "Arbéost", "dept": "65" }, "geometry": { "type": "MultiPolygon", "coordinates": [ [ [ [ -0.259565, 42.998517 ], [ -0.259006, 42.992417 ], [ -0.261612, 42.990429 ], [ -0.262739, 42.984117 ], [ -0.259418, 42.980904 ], [ -0.250845, 42.975749 ], [ -0.249418, 42.973934 ], [ -0.249078, 42.970948 ], [ -0.267707, 42.95632 ], [ -0.276145, 42.947781 ], [ -0.279275, 42.942348 ], [ -0.280721, 42.94322 ], [ -0.286298, 42.957434 ], [ -0.292588, 42.9918 ], [ -0.287576, 43.005513 ], [ -0.276371, 43.005985 ], [ -0.267598, 43.00832 ], [ -0.264783, 43.010115 ], [ -0.261564, 43.001255 ], [ -0.259565, 42.998517 ] ] ] ] } },
{ "type": "Feature", "properties": { "codgeo": "65020", "libgeo": "Arcizac-ez-Angles", "dept": "65" }, "geometry": { "type": "MultiPolygon", "coordinates": [ [ [ [ 0.006978, 43.101137 ], [ 0.012173, 43.100492 ], [ 0.014956, 43.102404 ], [ 0.020916, 43.102988 ], [ 0.029082, 43.100145 ], [ 0.013063, 43.087037 ], [ 0.007301, 43.089864 ], [ 0.004694, 43.093427 ], [ 0.006978, 43.101137 ] ] ] ] } },
{ "type": "Feature", "properties": { "codgeo": "65021", "libgeo": "Arcizans-Avant", "dept": "65" }, "geometry": { "type": "MultiPolygon", "coordinates": [ [ [ [ -0.111773, 42.99727 ], [ -0.109325, 42.997302 ], [ -0.107324, 42.998228 ], [ -0.098301, 42.992722 ], [ -0.097076, 42.989402 ], [ -0.104612, 42.975273 ], [ -0.100306, 42.967598 ], [ -0.097467, 42.964674 ], [ -0.096535, 42.960223 ], [ -0.099901, 42.960216 ], [ -0.114286, 42.951308 ], [ -0.117194, 42.94586 ], [ -0.120131, 42.936546 ], [ -0.117185, 42.928478 ], [ -0.121945, 42.922435 ], [ -0.127365, 42.922399 ], [ -0.131585, 42.923627 ], [ -0.139618, 42.922376 ], [ -0.139875, 42.931872 ], [ -0.13653, 42.9394 ], [ -0.134182, 42.95821 ], [ -0.126813, 42.968625 ], [ -0.122605, 42.981365 ], [ -0.117825, 42.990331 ], [ -0.111773, 42.99727 ] ] ] ] } },
{ "type": "Feature", "properties": { "codgeo": "65022", "libgeo": "Arcizans-Dessus", "dept": "65" }, "geometry": { "type": "MultiPolygon", "coordinates": [ [ [ [ -0.151886, 42.979815 ], [ -0.157926, 42.977571 ], [ -0.162958, 42.976602 ], [ -0.166785, 42.996213 ], [ -0.178214, 43.01307 ], [ -0.164211, 43.01495 ], [ -0.165273, 43.013795 ], [ -0.164494, 43.012394 ], [ -0.148679, 42.995983 ], [ -0.147718, 42.990639 ], [ -0.150327, 42.981664 ], [ -0.151886, 42.979815 ] ] ] ] } },
{ "type": "Feature", "properties": { "codgeo": "65023", "libgeo": "Ardengost", "dept": "65" }, "geometry": { "type": "MultiPolygon", "coordinates": [ [ [ [ 0.408475, 42.920597 ], [ 0.401705, 42.922156 ], [ 0.392026, 42.92697 ], [ 0.384373, 42.92888 ], [ 0.379422, 42.932266 ], [ 0.378684, 42.93453 ], [ 0.401948, 42.932847 ], [ 0.408707, 42.934968 ], [ 0.409848, 42.935977 ], [ 0.417851, 42.932878 ], [ 0.438917, 42.928869 ], [ 0.446291, 42.925298 ], [ 0.447814, 42.922579 ], [ 0.43437, 42.920393 ], [ 0.418843, 42.919317 ], [ 0.408475, 42.920597 ] ] ] ] } },
{ "type": "Feature", "properties": { "codgeo": "65024", "libgeo": "Argelès-Bagnères", "dept": "65" }, "geometry": { "type": "MultiPolygon", "coordinates": [ [ [ [ 0.207443, 43.088739 ], [ 0.203339, 43.086781 ], [ 0.202122, 43.084454 ], [ 0.193942, 43.08212 ], [ 0.190001, 43.082871 ], [ 0.186544, 43.086086 ], [ 0.1903, 43.089655 ], [ 0.189109, 43.090904 ], [ 0.185127, 43.092147 ], [ 0.191033, 43.099879 ], [ 0.203139, 43.098508 ], [ 0.209178, 43.096929 ], [ 0.207775, 43.095877 ], [ 0.207443, 43.088739 ] ] ] ] } },
{ "type": "Feature", "properties": { "codgeo": "65025", "libgeo": "Argelès-Gazost", "dept": "65" }, "geometry": { "type": "MultiPolygon", "coordinates": [ [ [ [ -0.100702, 43.016993 ], [ -0.099481, 43.016594 ], [ -0.098302, 43.012827 ], [ -0.093152, 43.011992 ], [ -0.084312, 43.011938 ], [ -0.080662, 43.00386 ], [ -0.081574, 43.001814 ], [ -0.095045, 42.998663 ], [ -0.10523, 42.999595 ], [ -0.109325, 42.997302 ], [ -0.111773, 42.99727 ], [ -0.112632, 42.997946 ], [ -0.109524, 43.001239 ], [ -0.100702, 43.016993 ] ] ] ] } },
{ "type": "Feature", "properties": { "codgeo": "65029", "libgeo": "Arras-en-Lavedan", "dept": "65" }, "geometry": { "type": "MultiPolygon", "coordinates": [ [ [ [ -0.151886, 42.979815 ], [ -0.150327, 42.981664 ], [ -0.147718, 42.990639 ], [ -0.148679, 42.995983 ], [ -0.164494, 43.012394 ], [ -0.165273, 43.013795 ], [ -0.164211, 43.01495 ], [ -0.135422, 43.01019 ], [ -0.121469, 43.009327 ], [ -0.111109, 43.000089 ], [ -0.112632, 42.997946 ], [ -0.111773, 42.99727 ], [ -0.117825, 42.990331 ], [ -0.122605, 42.981365 ], [ -0.126813, 42.968625 ], [ -0.134182, 42.95821 ], [ -0.13653, 42.9394 ], [ -0.139875, 42.931872 ], [ -0.139618, 42.922376 ], [ -0.143517, 42.921811 ], [ -0.151462, 42.91507 ], [ -0.154547, 42.914084 ], [ -0.172609, 42.932596 ], [ -0.174892, 42.936411 ], [ -0.174516, 42.942796 ], [ -0.169951, 42.946669 ], [ -0.16852, 42.950133 ], [ -0.162055, 42.952469 ], [ -0.15644, 42.956769 ], [ -0.148499, 42.968174 ], [ -0.143173, 42.978603 ], [ -0.149333, 42.979928 ], [ -0.151886, 42.979815 ] ] ] ] } },
{ "type": "Feature", "properties": { "codgeo": "65031", "libgeo": "Arreau", "dept": "65" }, "geometry": { "type": "MultiPolygon", "coordinates": [ [ [ [ 0.306716, 42.907103 ], [ 0.297508, 42.91165 ], [ 0.29426, 42.914787 ], [ 0.292431, 42.926221 ], [ 0.292548, 42.929848 ], [ 0.294387, 42.934012 ], [ 0.306185, 42.929197 ], [ 0.309835, 42.92552 ], [ 0.312699, 42.924047 ], [ 0.327307, 42.921804 ], [ 0.348971, 42.915966 ], [ 0.353211, 42.915773 ], [ 0.359034, 42.919842 ], [ 0.360846, 42.924138 ], [ 0.357946, 42.929221 ], [ 0.351845, 42.931748 ], [ 0.349707, 42.935819 ], [ 0.352428, 42.934621 ], [ 0.368402, 42.933004 ], [ 0.368003, 42.929047 ], [ 0.364007, 42.919735 ], [ 0.366123, 42.91945 ], [ 0.366561, 42.917891 ], [ 0.362867, 42.914723 ], [ 0.362187, 42.911377 ], [ 0.363637, 42.906003 ], [ 0.368082, 42.90422 ], [ 0.367076, 42.902502 ], [ 0.369107, 42.897592 ], [ 0.372205, 42.895392 ], [ 0.373527, 42.891851 ], [ 0.369976, 42.890136 ], [ 0.367044, 42.890127 ], [ 0.365143, 42.892114 ], [ 0.349381, 42.898255 ], [ 0.336712, 42.901828 ], [ 0.342887, 42.907793 ], [ 0.34286, 42.910318 ], [ 0.340977, 42.914101 ], [ 0.321833, 42.918025 ], [ 0.316095, 42.918437 ], [ 0.313725, 42.917444 ], [ 0.306716, 42.907103 ] ] ] ] } },
{ "type": "Feature", "properties": { "codgeo": "65051", "libgeo": "Aventignan", "dept": "65" }, "geometry": { "type": "MultiPolygon", "coordinates": [ [ [ [ 0.540428, 43.065877 ], [ 0.538229, 43.052512 ], [ 0.529316, 43.048749 ], [ 0.529455, 43.047044 ], [ 0.524772, 43.045685 ], [ 0.519799, 43.050058 ], [ 0.514344, 43.056594 ], [ 0.51467, 43.057648 ], [ 0.517505, 43.058565 ], [ 0.516999, 43.060335 ], [ 0.512487, 43.061314 ], [ 0.512893, 43.063442 ], [ 0.510448, 43.067673 ], [ 0.503331, 43.074126 ], [ 0.51284, 43.075631 ], [ 0.518497, 43.075542 ], [ 0.524287, 43.073383 ], [ 0.527703, 43.069237 ], [ 0.52964, 43.068284 ], [ 0.536807, 43.067245 ], [ 0.540428, 43.065877 ] ] ] ] } },
{ "type": "Feature", "properties": { "codgeo": "65032", "libgeo": "Arrens-Marsous", "dept": "65" }, "geometry": { "type": "MultiPolygon", "coordinates": [ [ [ [ -0.279275, 42.942348 ], [ -0.276145, 42.947781 ], [ -0.267707, 42.95632 ], [ -0.249078, 42.970948 ], [ -0.249418, 42.973934 ], [ -0.250845, 42.975749 ], [ -0.259418, 42.980904 ], [ -0.262739, 42.984117 ], [ -0.261612, 42.990429 ], [ -0.259006, 42.992417 ], [ -0.259565, 42.998517 ], [ -0.250852, 42.994073 ], [ -0.246981, 42.986689 ], [ -0.241429, 42.984611 ], [ -0.231489, 42.98299 ], [ -0.226329, 42.984237 ], [ -0.225168, 42.982908 ], [ -0.212089, 42.976591 ], [ -0.198244, 42.971001 ], [ -0.179866, 42.958927 ], [ -0.176267, 42.954819 ], [ -0.180386, 42.953009 ], [ -0.187282, 42.952397 ], [ -0.190237, 42.949923 ], [ -0.203607, 42.936982 ], [ -0.20871, 42.92803 ], [ -0.216013, 42.920168 ], [ -0.218758, 42.918102 ], [ -0.223847, 42.915632 ], [ -0.225713, 42.915433 ], [ -0.238174, 42.905576 ], [ -0.250938, 42.890366 ], [ -0.252497, 42.880964 ], [ -0.250499, 42.861614 ], [ -0.251079, 42.85054 ], [ -0.243388, 42.823369 ], [ -0.252593, 42.821627 ], [ -0.259008, 42.82145 ], [ -0.267943, 42.825982 ], [ -0.275444, 42.832391 ], [ -0.276889, 42.835598 ], [ -0.289929, 42.838368 ], [ -0.296942, 42.838835 ], [ -0.306595, 42.841465 ], [ -0.313252, 42.849403 ], [ -0.310124, 42.854499 ], [ -0.307935, 42.867513 ], [ -0.310965, 42.876587 ], [ -0.313963, 42.87992 ], [ -0.315668, 42.884802 ], [ -0.315563, 42.890097 ], [ -0.324591, 42.90526 ], [ -0.326875, 42.916869 ], [ -0.316749, 42.917764 ], [ -0.310889, 42.91972 ], [ -0.303445, 42.927284 ], [ -0.297779, 42.930973 ], [ -0.290037, 42.929088 ], [ -0.285353, 42.929912 ], [ -0.281197, 42.934292 ], [ -0.279275, 42.942348 ] ] ] ] } },
{ "type": "Feature", "properties": { "codgeo": "65033", "libgeo": "Arrodets-ez-Angles", "dept": "65" }, "geometry": { "type": "MultiPolygon", "coordinates": [ [ [ [ 0.058765, 43.067698 ], [ 0.05882, 43.062481 ], [ 0.056531, 43.053843 ], [ 0.037624, 43.063179 ], [ 0.034072, 43.067718 ], [ 0.023662, 43.075073 ], [ 0.021919, 43.077216 ], [ 0.022437, 43.07952 ], [ 0.030466, 43.082068 ], [ 0.032634, 43.086189 ], [ 0.035697, 43.085762 ], [ 0.047241, 43.075365 ], [ 0.045721, 43.074419 ], [ 0.047216, 43.072553 ], [ 0.052522, 43.069596 ], [ 0.058765, 43.067698 ] ] ] ] } },
{ "type": "Feature", "properties": { "codgeo": "65034", "libgeo": "Arrodets", "dept": "65" }, "geometry": { "type": "MultiPolygon", "coordinates": [ [ [ [ 0.272913, 43.031893 ], [ 0.286715, 43.035707 ], [ 0.289417, 43.026977 ], [ 0.287094, 43.025855 ], [ 0.274903, 43.026408 ], [ 0.272573, 43.030749 ], [ 0.273555, 43.030804 ], [ 0.272913, 43.031893 ] ] ] ] } },
{ "type": "Feature", "properties": { "codgeo": "65036", "libgeo": "Artalens-Souin", "dept": "65" }, "geometry": { "type": "MultiPolygon", "coordinates": [ [ [ [ -0.026934, 42.978295 ], [ -0.027634, 42.970414 ], [ -0.029191, 42.968816 ], [ -0.033943, 42.967857 ], [ -0.044867, 42.968834 ], [ -0.050324, 42.971045 ], [ -0.051676, 42.978473 ], [ -0.057935, 42.988679 ], [ -0.059321, 42.9897 ], [ -0.049147, 42.988818 ], [ -0.04025, 42.985302 ], [ -0.026934, 42.978295 ] ] ] ] } },
{ "type": "Feature", "properties": { "codgeo": "65037", "libgeo": "Artiguemy", "dept": "65" }, "geometry": { "type": "MultiPolygon", "coordinates": [ [ [ [ 0.257633, 43.120769 ], [ 0.234428, 43.119618 ], [ 0.23089, 43.120034 ], [ 0.228346, 43.12524 ], [ 0.233783, 43.130522 ], [ 0.236517, 43.128612 ], [ 0.239475, 43.127884 ], [ 0.258225, 43.133863 ], [ 0.258421, 43.131567 ], [ 0.261256, 43.131258 ], [ 0.260808, 43.127301 ], [ 0.257633, 43.120769 ] ] ] ] } },
{ "type": "Feature", "properties": { "codgeo": "65038", "libgeo": "Artigues", "dept": "65" }, "geometry": { "type": "MultiPolygon", "coordinates": [ [ [ [ 0.007683, 43.076004 ], [ -0.004589, 43.060705 ], [ -0.006438, 43.060708 ], [ -0.00754, 43.063555 ], [ -0.005458, 43.079036 ], [ -0.006417, 43.080353 ], [ 0.002331, 43.081693 ], [ 0.004862, 43.081281 ], [ 0.007683, 43.076004 ] ] ] ] } },
{ "type": "Feature", "properties": { "codgeo": "65039", "libgeo": "Aspin-Aure", "dept": "65" }, "geometry": { "type": "MultiPolygon", "coordinates": [ [ [ [ 0.349707, 42.935819 ], [ 0.351845, 42.931748 ], [ 0.357946, 42.929221 ], [ 0.360846, 42.924138 ], [ 0.359034, 42.919842 ], [ 0.353211, 42.915773 ], [ 0.348971, 42.915966 ], [ 0.327307, 42.921804 ], [ 0.312699, 42.924047 ], [ 0.309835, 42.92552 ], [ 0.309438, 42.933662 ], [ 0.30693, 42.937818 ], [ 0.300251, 42.943066 ], [ 0.299831, 42.959894 ], [ 0.318576, 42.953135 ], [ 0.338048, 42.944552 ], [ 0.342772, 42.941851 ], [ 0.349707, 42.935819 ] ] ] ] } },
{ "type": "Feature", "properties": { "codgeo": "65040", "libgeo": "Aspin-en-Lavedan", "dept": "65" }, "geometry": { "type": "MultiPolygon", "coordinates": [ [ [ [ -0.042566, 43.080668 ], [ -0.040924, 43.074483 ], [ -0.04229, 43.069858 ], [ -0.041044, 43.068544 ], [ -0.043224, 43.06612 ], [ -0.042626, 43.064805 ], [ -0.049223, 43.069557 ], [ -0.055246, 43.072418 ], [ -0.058371, 43.082381 ], [ -0.051511, 43.08252 ], [ -0.045098, 43.081755 ], [ -0.042566, 43.080668 ] ] ] ] } },
{ "type": "Feature", "properties": { "codgeo": "65041", "libgeo": "Asque", "dept": "65" }, "geometry": { "type": "MultiPolygon", "coordinates": [ [ [ [ 0.268895, 43.034631 ], [ 0.273555, 43.030804 ], [ 0.270726, 43.031037 ], [ 0.264157, 43.028688 ], [ 0.263156, 43.02392 ], [ 0.263614, 43.02092 ], [ 0.268237, 43.012402 ], [ 0.270769, 43.001634 ], [ 0.271063, 42.996479 ], [ 0.263545, 42.997839 ], [ 0.254686, 42.995415 ], [ 0.226029, 43.007427 ], [ 0.228597, 43.01208 ], [ 0.240173, 43.025776 ], [ 0.243603, 43.034329 ], [ 0.2416, 43.041603 ], [ 0.237419, 43.051326 ], [ 0.237612, 43.05292 ], [ 0.239962, 43.055896 ], [ 0.245806, 43.059908 ], [ 0.253755, 43.055474 ], [ 0.261054, 43.053201 ], [ 0.271453, 43.046607 ], [ 0.267008, 43.040556 ], [ 0.266224, 43.037947 ], [ 0.268895, 43.034631 ] ] ] ] } },
{ "type": "Feature", "properties": { "codgeo": "65042", "libgeo": "Asté", "dept": "65" }, "geometry": { "type": "MultiPolygon", "coordinates": [ [ [ [ 0.20999, 43.053279 ], [ 0.20724, 43.051885 ], [ 0.207266, 43.047962 ], [ 0.209819, 43.04675 ], [ 0.209047, 43.046056 ], [ 0.208998, 43.042167 ], [ 0.215179, 43.030108 ], [ 0.216764, 43.02876 ], [ 0.229334, 43.026057 ], [ 0.237321, 43.025175 ], [ 0.240173, 43.025776 ], [ 0.228597, 43.01208 ], [ 0.226029, 43.007427 ], [ 0.254686, 42.995415 ], [ 0.263545, 42.997839 ], [ 0.271063, 42.996479 ], [ 0.278347, 42.993823 ], [ 0.280838, 42.984263 ], [ 0.280051, 42.980035 ], [ 0.268549, 42.969485 ], [ 0.263373, 42.968972 ], [ 0.255604, 42.970973 ], [ 0.247972, 42.978519 ], [ 0.239785, 42.982529 ], [ 0.233748, 42.989936 ], [ 0.247737, 42.990508 ], [ 0.246875, 42.992983 ], [ 0.24371, 42.9953 ], [ 0.232433, 42.998691 ], [ 0.224766, 43.002108 ], [ 0.219991, 43.00682 ], [ 0.202921, 43.015535 ], [ 0.186643, 43.026318 ], [ 0.176723, 43.027395 ], [ 0.173392, 43.025776 ], [ 0.172224, 43.026928 ], [ 0.171663, 43.030361 ], [ 0.167364, 43.034548 ], [ 0.145733, 43.034523 ], [ 0.144586, 43.03626 ], [ 0.150189, 43.042292 ], [ 0.155525, 43.045067 ], [ 0.158662, 43.050342 ], [ 0.175091, 43.050412 ], [ 0.201631, 43.045411 ], [ 0.202842, 43.048649 ], [ 0.205922, 43.052499 ], [ 0.20999, 43.053279 ] ] ] ] } },
{ "type": "Feature", "properties": { "codgeo": "65043", "libgeo": "Astugue", "dept": "65" }, "geometry": { "type": "MultiPolygon", "coordinates": [ [ [ [ 0.053813, 43.106764 ], [ 0.053492, 43.11156 ], [ 0.059221, 43.110036 ], [ 0.092619, 43.106716 ], [ 0.086432, 43.083142 ], [ 0.087662, 43.081862 ], [ 0.084203, 43.079312 ], [ 0.073647, 43.080917 ], [ 0.066748, 43.08361 ], [ 0.065854, 43.085734 ], [ 0.057322, 43.092113 ], [ 0.051853, 43.099858 ], [ 0.051927, 43.103972 ], [ 0.053813, 43.106764 ] ] ] ] } },
{ "type": "Feature", "properties": { "codgeo": "65045", "libgeo": "Aucun", "dept": "65" }, "geometry": { "type": "MultiPolygon", "coordinates": [ [ [ [ -0.226329, 42.984237 ], [ -0.228348, 42.996289 ], [ -0.225841, 43.00482 ], [ -0.211006, 43.017858 ], [ -0.210505, 43.016678 ], [ -0.196183, 43.007257 ], [ -0.200463, 42.99469 ], [ -0.198179, 42.984179 ], [ -0.193381, 42.981397 ], [ -0.174424, 42.977671 ], [ -0.169383, 42.959407 ], [ -0.17416, 42.955428 ], [ -0.176267, 42.954819 ], [ -0.179866, 42.958927 ], [ -0.198244, 42.971001 ], [ -0.212089, 42.976591 ], [ -0.225168, 42.982908 ], [ -0.226329, 42.984237 ] ] ] ] } },
{ "type": "Feature", "properties": { "codgeo": "65046", "libgeo": "Aulon", "dept": "65" }, "geometry": { "type": "MultiPolygon", "coordinates": [ [ [ [ 0.225369, 42.870977 ], [ 0.227099, 42.870536 ], [ 0.232413, 42.871033 ], [ 0.248689, 42.877593 ], [ 0.251904, 42.880573 ], [ 0.258225, 42.879915 ], [ 0.26941, 42.876198 ], [ 0.275276, 42.875645 ], [ 0.286261, 42.877171 ], [ 0.289929, 42.876209 ], [ 0.298284, 42.872536 ], [ 0.302529, 42.869482 ], [ 0.302698, 42.86748 ], [ 0.30615, 42.862031 ], [ 0.309172, 42.859123 ], [ 0.310565, 42.854786 ], [ 0.308279, 42.852659 ], [ 0.305376, 42.847714 ], [ 0.306017, 42.842295 ], [ 0.307154, 42.841493 ], [ 0.276876, 42.834823 ], [ 0.261721, 42.834363 ], [ 0.255075, 42.833392 ], [ 0.242522, 42.835414 ], [ 0.23866, 42.835193 ], [ 0.235961, 42.83382 ], [ 0.233614, 42.835724 ], [ 0.235727, 42.840424 ], [ 0.236295, 42.845471 ], [ 0.227021, 42.849617 ], [ 0.218534, 42.860535 ], [ 0.21622, 42.864756 ], [ 0.211715, 42.866796 ], [ 0.215314, 42.869609 ], [ 0.216861, 42.870072 ], [ 0.221262, 42.869368 ], [ 0.225369, 42.870977 ] ] ] ] } },
{ "type": "Feature", "properties": { "codgeo": "65052", "libgeo": "Averan", "dept": "65" }, "geometry": { "type": "MultiPolygon", "coordinates": [ [ [ [ -0.008469, 43.148287 ], [ 0.011778, 43.140682 ], [ 0.015417, 43.13621 ], [ 0.011246, 43.131345 ], [ 0.011163, 43.12849 ], [ -0.003643, 43.127939 ], [ -0.008686, 43.126536 ], [ -0.010659, 43.124664 ], [ -0.015212, 43.124892 ], [ -0.01283, 43.127326 ], [ -0.013527, 43.13506 ], [ -0.014887, 43.138047 ], [ -0.009195, 43.149088 ], [ -0.008469, 43.148287 ] ] ] ] } },
{ "type": "Feature", "properties": { "codgeo": "65053", "libgeo": "Aveux", "dept": "65" }, "geometry": { "type": "MultiPolygon", "coordinates": [ [ [ [ 0.545872, 43.003729 ], [ 0.556681, 43.014415 ], [ 0.561385, 43.016089 ], [ 0.571777, 43.015356 ], [ 0.5775, 43.01279 ], [ 0.578964, 43.011417 ], [ 0.577099, 43.008757 ], [ 0.577929, 43.006174 ], [ 0.55406, 43.000668 ], [ 0.545872, 43.003729 ] ] ] ] } },
{ "type": "Feature", "properties": { "codgeo": "65054", "libgeo": "Avezac-Prat-Lahitte", "dept": "65" }, "geometry": { "type": "MultiPolygon", "coordinates": [ [ [ [ 0.37223, 43.089761 ], [ 0.363524, 43.08047 ], [ 0.359277, 43.067136 ], [ 0.362174, 43.049493 ], [ 0.35493, 43.049198 ], [ 0.335134, 43.041784 ], [ 0.3209, 43.046688 ], [ 0.316743, 43.047403 ], [ 0.310406, 43.054965 ], [ 0.313454, 43.060306 ], [ 0.312242, 43.063319 ], [ 0.307813, 43.068937 ], [ 0.304164, 43.070235 ], [ 0.301157, 43.070261 ], [ 0.292424, 43.068793 ], [ 0.292689, 43.073958 ], [ 0.29926, 43.074121 ], [ 0.303218, 43.072795 ], [ 0.304909, 43.079085 ], [ 0.311333, 43.081549 ], [ 0.320563, 43.083293 ], [ 0.348324, 43.079063 ], [ 0.354257, 43.080352 ], [ 0.36637, 43.093171 ], [ 0.37223, 43.089761 ] ] ] ] } },
{ "type": "Feature", "properties": { "codgeo": "65055", "libgeo": "Ayros-Arbouix", "dept": "65" }, "geometry": { "type": "MultiPolygon", "coordinates": [ [ [ [ -0.081574, 43.001814 ], [ -0.080662, 43.00386 ], [ -0.082418, 43.006935 ], [ -0.069906, 43.008986 ], [ -0.067101, 43.012043 ], [ -0.066776, 43.009765 ], [ -0.061005, 43.008278 ], [ -0.05842, 43.006049 ], [ -0.056816, 42.99687 ], [ -0.049147, 42.988818 ], [ -0.059321, 42.9897 ], [ -0.059142, 42.99117 ], [ -0.0613, 42.993895 ], [ -0.072691, 43.000815 ], [ -0.076763, 43.001022 ], [ -0.078864, 42.999783 ], [ -0.078888, 42.994986 ], [ -0.080362, 43.000675 ], [ -0.081574, 43.001814 ] ] ] ] } },
{ "type": "Feature", "properties": { "codgeo": "65056", "libgeo": "Ayzac-Ost", "dept": "65" }, "geometry": { "type": "MultiPolygon", "coordinates": [ [ [ [ -0.093447, 43.036644 ], [ -0.086856, 43.032845 ], [ -0.084034, 43.024253 ], [ -0.080474, 43.024025 ], [ -0.085214, 43.017645 ], [ -0.085413, 43.013664 ], [ -0.084312, 43.011938 ], [ -0.093152, 43.011992 ], [ -0.098302, 43.012827 ], [ -0.099481, 43.016594 ], [ -0.100702, 43.016993 ], [ -0.103021, 43.020354 ], [ -0.09722, 43.034737 ], [ -0.093447, 43.036644 ] ] ] ] } },
{ "type": "Feature", "properties": { "codgeo": "65058", "libgeo": "Azet", "dept": "65" }, "geometry": { "type": "MultiPolygon", "coordinates": [ [ [ [ 0.38533, 42.763366 ], [ 0.383757, 42.759062 ], [ 0.383734, 42.756132 ], [ 0.377668, 42.75016 ], [ 0.370115, 42.746439 ], [ 0.364237, 42.741367 ], [ 0.35962, 42.735052 ], [ 0.358021, 42.737223 ], [ 0.352661, 42.738915 ], [ 0.34854, 42.741479 ], [ 0.345101, 42.745763 ], [ 0.341863, 42.761676 ], [ 0.338394, 42.77002 ], [ 0.327901, 42.779846 ], [ 0.335036, 42.788664 ], [ 0.346722, 42.798446 ], [ 0.351638, 42.805989 ], [ 0.348103, 42.812728 ], [ 0.347269, 42.817784 ], [ 0.348752, 42.825774 ], [ 0.351749, 42.829502 ], [ 0.367004, 42.814231 ], [ 0.377299, 42.811527 ], [ 0.375137, 42.808334 ], [ 0.379247, 42.800485 ], [ 0.380184, 42.789351 ], [ 0.378503, 42.782945 ], [ 0.378582, 42.776688 ], [ 0.38533, 42.763366 ] ] ] ] } },
{ "type": "Feature", "properties": { "codgeo": "65059", "libgeo": "Bagnères-de-Bigorre", "dept": "65" }, "geometry": { "type": "MultiPolygon", "coordinates": [ [ [ [ 0.058815, 43.018368 ], [ 0.068973, 43.010091 ], [ 0.073704, 43.010012 ], [ 0.08279, 43.01238 ], [ 0.08033, 43.01706 ], [ 0.07824, 43.019153 ], [ 0.072754, 43.031346 ], [ 0.069013, 43.045485 ], [ 0.088403, 43.044091 ], [ 0.097088, 43.045426 ], [ 0.103482, 43.047527 ], [ 0.103633, 43.055789 ], [ 0.104812, 43.057657 ], [ 0.111336, 43.060649 ], [ 0.127338, 43.071627 ], [ 0.141549, 43.077156 ], [ 0.152471, 43.085593 ], [ 0.156748, 43.087207 ], [ 0.156381, 43.090135 ], [ 0.159913, 43.08978 ], [ 0.159832, 43.088686 ], [ 0.161306, 43.08734 ], [ 0.164922, 43.087293 ], [ 0.167275, 43.088086 ], [ 0.167724, 43.09141 ], [ 0.179991, 43.088111 ], [ 0.185127, 43.092147 ], [ 0.189109, 43.090904 ], [ 0.1903, 43.089655 ], [ 0.182078, 43.082765 ], [ 0.174994, 43.074665 ], [ 0.17475, 43.072252 ], [ 0.170793, 43.070722 ], [ 0.169534, 43.069136 ], [ 0.162057, 43.066259 ], [ 0.160231, 43.068168 ], [ 0.157656, 43.067787 ], [ 0.156362, 43.066042 ], [ 0.156468, 43.056844 ], [ 0.158662, 43.050342 ], [ 0.155525, 43.045067 ], [ 0.150189, 43.042292 ], [ 0.144586, 43.03626 ], [ 0.145733, 43.034523 ], [ 0.135612, 43.026283 ], [ 0.13489, 43.019653 ], [ 0.140335, 43.013928 ], [ 0.138569, 43.006314 ], [ 0.129157, 42.997753 ], [ 0.117922, 42.992475 ], [ 0.115407, 42.989761 ], [ 0.109446, 42.978408 ], [ 0.105707, 42.973872 ], [ 0.102627, 42.971733 ], [ 0.101145, 42.969244 ], [ 0.103664, 42.966362 ], [ 0.111954, 42.963188 ], [ 0.118885, 42.968817 ], [ 0.136626, 42.967229 ], [ 0.143973, 42.958461 ], [ 0.146145, 42.957286 ], [ 0.148473, 42.957257 ], [ 0.152079, 42.959583 ], [ 0.153052, 42.961657 ], [ 0.150465, 42.975381 ], [ 0.161493, 42.979552 ], [ 0.166773, 42.974786 ], [ 0.163429, 42.964601 ], [ 0.163181, 42.959464 ], [ 0.163459, 42.955618 ], [ 0.166122, 42.950879 ], [ 0.177583, 42.944075 ], [ 0.185159, 42.945937 ], [ 0.191117, 42.94559 ], [ 0.199964, 42.940184 ], [ 0.196599, 42.933323 ], [ 0.174589, 42.922595 ], [ 0.186476, 42.91728 ], [ 0.192062, 42.92194 ], [ 0.199833, 42.925905 ], [ 0.205266, 42.926863 ], [ 0.213488, 42.9094 ], [ 0.211511, 42.905731 ], [ 0.21343, 42.900886 ], [ 0.220436, 42.892263 ], [ 0.22471, 42.882367 ], [ 0.225369, 42.870977 ], [ 0.221262, 42.869368 ], [ 0.216861, 42.870072 ], [ 0.215314, 42.869609 ], [ 0.210969, 42.866244 ], [ 0.204334, 42.867167 ], [ 0.191921, 42.876708 ], [ 0.174427, 42.883157 ], [ 0.173662, 42.882594 ], [ 0.167208, 42.883281 ], [ 0.157689, 42.885882 ], [ 0.155942, 42.887275 ], [ 0.149135, 42.898773 ], [ 0.143515, 42.911322 ], [ 0.142545, 42.920391 ], [ 0.138754, 42.931025 ], [ 0.135456, 42.934025 ], [ 0.129709, 42.934683 ], [ 0.11373, 42.933744 ], [ 0.107696, 42.935798 ], [ 0.078929, 42.942665 ], [ 0.065489, 42.946871 ], [ 0.049351, 42.953619 ], [ 0.052227, 42.958629 ], [ 0.052709, 42.970595 ], [ 0.055214, 42.975228 ], [ 0.062698, 42.976337 ], [ 0.064985, 42.977329 ], [ 0.067457, 42.981696 ], [ 0.069309, 42.991234 ], [ 0.067421, 43.003145 ], [ 0.059981, 43.010763 ], [ 0.042792, 43.024377 ], [ 0.046002, 43.024291 ], [ 0.058815, 43.018368 ] ] ] ] } },
{ "type": "Feature", "properties": { "codgeo": "65060", "libgeo": "Banios", "dept": "65" }, "geometry": { "type": "MultiPolygon", "coordinates": [ [ [ [ 0.240173, 43.025776 ], [ 0.237321, 43.025175 ], [ 0.229334, 43.026057 ], [ 0.216764, 43.02876 ], [ 0.215179, 43.030108 ], [ 0.208998, 43.042167 ], [ 0.209047, 43.046056 ], [ 0.209819, 43.04675 ], [ 0.213117, 43.045372 ], [ 0.217379, 43.045004 ], [ 0.234162, 43.049903 ], [ 0.234787, 43.053825 ], [ 0.237612, 43.05292 ], [ 0.237419, 43.051326 ], [ 0.2416, 43.041603 ], [ 0.243603, 43.034329 ], [ 0.240173, 43.025776 ] ] ] ] } },
{ "type": "Feature", "properties": { "codgeo": "65063", "libgeo": "Barbazan-Dessus", "dept": "65" }, "geometry": { "type": "MultiPolygon", "coordinates": [ [ [ [ 0.128145, 43.160977 ], [ 0.130645, 43.166654 ], [ 0.129107, 43.170285 ], [ 0.129578, 43.172176 ], [ 0.14343, 43.17665 ], [ 0.145304, 43.173942 ], [ 0.147745, 43.172821 ], [ 0.147601, 43.170217 ], [ 0.153048, 43.169175 ], [ 0.159989, 43.165569 ], [ 0.155799, 43.160244 ], [ 0.154465, 43.151785 ], [ 0.140886, 43.154589 ], [ 0.135362, 43.156975 ], [ 0.128145, 43.160977 ] ] ] ] } },
{ "type": "Feature", "properties": { "codgeo": "65064", "libgeo": "Bareilles", "dept": "65" }, "geometry": { "type": "MultiPolygon", "coordinates": [ [ [ [ 0.477265, 42.878258 ], [ 0.474993, 42.873159 ], [ 0.472456, 42.859501 ], [ 0.450844, 42.873023 ], [ 0.441773, 42.877098 ], [ 0.43511, 42.879499 ], [ 0.417726, 42.880698 ], [ 0.411819, 42.887484 ], [ 0.400506, 42.891934 ], [ 0.390526, 42.890907 ], [ 0.383716, 42.893255 ], [ 0.385398, 42.89589 ], [ 0.392607, 42.901419 ], [ 0.39819, 42.907203 ], [ 0.404201, 42.909974 ], [ 0.417264, 42.91265 ], [ 0.428565, 42.912086 ], [ 0.432739, 42.909516 ], [ 0.43332, 42.907536 ], [ 0.435382, 42.90541 ], [ 0.443478, 42.902785 ], [ 0.44857, 42.904447 ], [ 0.450385, 42.907229 ], [ 0.457528, 42.909117 ], [ 0.457561, 42.904763 ], [ 0.462376, 42.897431 ], [ 0.472694, 42.892382 ], [ 0.475001, 42.889088 ], [ 0.477589, 42.881616 ], [ 0.477265, 42.878258 ] ] ] ] } },
{ "type": "Feature", "properties": { "codgeo": "65065", "libgeo": "Barlest", "dept": "65" }, "geometry": { "type": "MultiPolygon", "coordinates": [ [ [ [ -0.076406, 43.158015 ], [ -0.079392, 43.147758 ], [ -0.099751, 43.141449 ], [ -0.111446, 43.139665 ], [ -0.110903, 43.141383 ], [ -0.115226, 43.145202 ], [ -0.104897, 43.154067 ], [ -0.089548, 43.159751 ], [ -0.082256, 43.158238 ], [ -0.076406, 43.158015 ] ] ] ] } },
{ "type": "Feature", "properties": { "codgeo": "65066", "libgeo": "Barrancoueu", "dept": "65" }, "geometry": { "type": "MultiPolygon", "coordinates": [ [ [ [ 0.336712, 42.901828 ], [ 0.331651, 42.90327 ], [ 0.323196, 42.902988 ], [ 0.318251, 42.90384 ], [ 0.306716, 42.907103 ], [ 0.313725, 42.917444 ], [ 0.316095, 42.918437 ], [ 0.321833, 42.918025 ], [ 0.340977, 42.914101 ], [ 0.34286, 42.910318 ], [ 0.342887, 42.907793 ], [ 0.336712, 42.901828 ] ] ] ] } },
{ "type": "Feature", "properties": { "codgeo": "65067", "libgeo": "Barry", "dept": "65" }, "geometry": { "type": "MultiPolygon", "coordinates": [ [ [ [ 0.016318, 43.127174 ], [ 0.015707, 43.128792 ], [ 0.018062, 43.130138 ], [ 0.017972, 43.130954 ], [ 0.01493, 43.13037 ], [ 0.011163, 43.12849 ], [ 0.011246, 43.131345 ], [ 0.015417, 43.13621 ], [ 0.011778, 43.140682 ], [ 0.007207, 43.142649 ], [ 0.020259, 43.150257 ], [ 0.024477, 43.148599 ], [ 0.026582, 43.142269 ], [ 0.028459, 43.139557 ], [ 0.033682, 43.136497 ], [ 0.018676, 43.126924 ], [ 0.016318, 43.127174 ] ] ] ] } },
{ "type": "Feature", "properties": { "codgeo": "65069", "libgeo": "La Barthe-de-Neste", "dept": "65" }, "geometry": { "type": "MultiPolygon", "coordinates": [ [ [ [ 0.384239, 43.067306 ], [ 0.382821, 43.068101 ], [ 0.377208, 43.068458 ], [ 0.372995, 43.067145 ], [ 0.359277, 43.067136 ], [ 0.363524, 43.08047 ], [ 0.37223, 43.089761 ], [ 0.378028, 43.089079 ], [ 0.393667, 43.09285 ], [ 0.39836, 43.094655 ], [ 0.40194, 43.088481 ], [ 0.403952, 43.081839 ], [ 0.402197, 43.074818 ], [ 0.396217, 43.070699 ], [ 0.390818, 43.068202 ], [ 0.384239, 43.067306 ] ] ] ] } },
{ "type": "Feature", "properties": { "codgeo": "65070", "libgeo": "Bartrès", "dept": "65" }, "geometry": { "type": "MultiPolygon", "coordinates": [ [ [ [ -0.076406, 43.158015 ], [ -0.070424, 43.160306 ], [ -0.065463, 43.156642 ], [ -0.065492, 43.155832 ], [ -0.057205, 43.147464 ], [ -0.044854, 43.146607 ], [ -0.044157, 43.144968 ], [ -0.044821, 43.140739 ], [ -0.045908, 43.13958 ], [ -0.038972, 43.127316 ], [ -0.038017, 43.123129 ], [ -0.038786, 43.118799 ], [ -0.044349, 43.112809 ], [ -0.055287, 43.111937 ], [ -0.061766, 43.116266 ], [ -0.059263, 43.117651 ], [ -0.060563, 43.123391 ], [ -0.062454, 43.125142 ], [ -0.062447, 43.129604 ], [ -0.065403, 43.145276 ], [ -0.076406, 43.158015 ] ] ] ] } },
{ "type": "Feature", "properties": { "codgeo": "65071", "libgeo": "Batsère", "dept": "65" }, "geometry": { "type": "MultiPolygon", "coordinates": [ [ [ [ 0.292424, 43.068793 ], [ 0.292558, 43.064068 ], [ 0.290706, 43.059675 ], [ 0.293284, 43.053182 ], [ 0.276445, 43.053171 ], [ 0.275094, 43.052118 ], [ 0.273381, 43.054331 ], [ 0.275023, 43.064579 ], [ 0.292424, 43.068793 ] ] ] ] } },
{ "type": "Feature", "properties": { "codgeo": "65075", "libgeo": "Bazus-Aure", "dept": "65" }, "geometry": { "type": "MultiPolygon", "coordinates": [ [ [ [ 0.355356, 42.861787 ], [ 0.358619, 42.855675 ], [ 0.35644, 42.854737 ], [ 0.341358, 42.852339 ], [ 0.341056, 42.853081 ], [ 0.327308, 42.853158 ], [ 0.329676, 42.857061 ], [ 0.345162, 42.862764 ], [ 0.34745, 42.864495 ], [ 0.355356, 42.861787 ] ] ] ] } },
{ "type": "Feature", "properties": { "codgeo": "65076", "libgeo": "Bazus-Neste", "dept": "65" }, "geometry": { "type": "MultiPolygon", "coordinates": [ [ [ [ 0.398785, 43.019979 ], [ 0.396333, 43.019714 ], [ 0.385159, 43.024868 ], [ 0.37897, 43.026165 ], [ 0.378799, 43.031638 ], [ 0.380671, 43.036558 ], [ 0.38415, 43.040843 ], [ 0.387292, 43.041755 ], [ 0.388443, 43.042972 ], [ 0.39135, 43.036745 ], [ 0.395555, 43.032547 ], [ 0.398785, 43.019979 ] ] ] ] } },
{ "type": "Feature", "properties": { "codgeo": "65077", "libgeo": "Beaucens", "dept": "65" }, "geometry": { "type": "MultiPolygon", "coordinates": [ [ [ [ -0.026934, 42.978295 ], [ -0.010052, 42.981811 ], [ -0.000184, 42.978843 ], [ -0.000852, 42.977332 ], [ 0.002216, 42.972552 ], [ 0.006999, 42.968217 ], [ 0.023648, 42.962428 ], [ 0.032911, 42.960062 ], [ 0.035787, 42.962149 ], [ 0.043882, 42.974327 ], [ 0.04803, 42.976203 ], [ 0.053005, 42.974943 ], [ 0.055214, 42.975228 ], [ 0.052709, 42.970595 ], [ 0.052227, 42.958629 ], [ 0.049351, 42.953619 ], [ 0.065489, 42.946871 ], [ 0.078929, 42.942665 ], [ 0.107696, 42.935798 ], [ 0.11373, 42.933744 ], [ 0.110293, 42.926559 ], [ 0.105212, 42.924491 ], [ 0.075207, 42.920979 ], [ 0.058193, 42.923435 ], [ 0.05271, 42.925709 ], [ 0.046531, 42.932343 ], [ 0.039227, 42.930567 ], [ 0.030786, 42.926825 ], [ 0.026991, 42.92698 ], [ 0.021409, 42.9297 ], [ 0.018124, 42.934489 ], [ 0.010181, 42.960319 ], [ 0.000118, 42.961451 ], [ -0.003676, 42.961197 ], [ -0.005739, 42.960599 ], [ -0.007745, 42.958722 ], [ -0.019381, 42.956682 ], [ -0.037196, 42.956345 ], [ -0.046356, 42.959376 ], [ -0.053586, 42.9646 ], [ -0.060389, 42.965447 ], [ -0.064503, 42.964813 ], [ -0.077343, 42.984467 ], [ -0.070224, 42.986658 ], [ -0.065681, 42.989861 ], [ -0.059321, 42.9897 ], [ -0.057935, 42.988679 ], [ -0.051676, 42.978473 ], [ -0.050324, 42.971045 ], [ -0.044867, 42.968834 ], [ -0.033943, 42.967857 ], [ -0.029191, 42.968816 ], [ -0.027634, 42.970414 ], [ -0.026934, 42.978295 ] ] ] ] } },
{ "type": "Feature", "properties": { "codgeo": "65078", "libgeo": "Beaudéan", "dept": "65" }, "geometry": { "type": "MultiPolygon", "coordinates": [ [ [ [ 0.152758, 42.97669 ], [ 0.150465, 42.975381 ], [ 0.153052, 42.961657 ], [ 0.152079, 42.959583 ], [ 0.148473, 42.957257 ], [ 0.146145, 42.957286 ], [ 0.143973, 42.958461 ], [ 0.136626, 42.967229 ], [ 0.118885, 42.968817 ], [ 0.111954, 42.963188 ], [ 0.103664, 42.966362 ], [ 0.101145, 42.969244 ], [ 0.102627, 42.971733 ], [ 0.105707, 42.973872 ], [ 0.109446, 42.978408 ], [ 0.115407, 42.989761 ], [ 0.117922, 42.992475 ], [ 0.129157, 42.997753 ], [ 0.138569, 43.006314 ], [ 0.140335, 43.013928 ], [ 0.13489, 43.019653 ], [ 0.135612, 43.026283 ], [ 0.145733, 43.034523 ], [ 0.167364, 43.034548 ], [ 0.171663, 43.030361 ], [ 0.172224, 43.026928 ], [ 0.166611, 43.020371 ], [ 0.145915, 43.009562 ], [ 0.138753, 43.001856 ], [ 0.140682, 42.988485 ], [ 0.141877, 42.986188 ], [ 0.145908, 42.981646 ], [ 0.14921, 42.980174 ], [ 0.152758, 42.97669 ] ] ] ] } },
{ "type": "Feature", "properties": { "codgeo": "65079", "libgeo": "Bégole", "dept": "65" }, "geometry": { "type": "MultiPolygon", "coordinates": [ [ [ [ 0.339976, 43.178768 ], [ 0.340537, 43.16778 ], [ 0.33757, 43.161146 ], [ 0.337258, 43.158396 ], [ 0.339511, 43.1481 ], [ 0.339708, 43.141758 ], [ 0.333968, 43.141367 ], [ 0.323885, 43.142767 ], [ 0.318667, 43.145114 ], [ 0.314319, 43.15107 ], [ 0.312178, 43.150785 ], [ 0.31186, 43.151904 ], [ 0.308721, 43.151491 ], [ 0.295516, 43.155402 ], [ 0.279788, 43.161474 ], [ 0.291112, 43.165479 ], [ 0.298768, 43.166159 ], [ 0.314719, 43.165296 ], [ 0.322066, 43.16618 ], [ 0.321873, 43.174569 ], [ 0.325511, 43.178842 ], [ 0.339976, 43.178768 ] ] ] ] } },
{ "type": "Feature", "properties": { "codgeo": "65081", "libgeo": "Benqué-Molère", "dept": "65" }, "geometry": { "type": "MultiPolygon", "coordinates": [ [ [ [ 0.281848, 43.085507 ], [ 0.278602, 43.087543 ], [ 0.266886, 43.098507 ], [ 0.267568, 43.099802 ], [ 0.270001, 43.100569 ], [ 0.275662, 43.104572 ], [ 0.278415, 43.102702 ], [ 0.284486, 43.102241 ], [ 0.287854, 43.103814 ], [ 0.28676, 43.105951 ], [ 0.287497, 43.107778 ], [ 0.291821, 43.105917 ], [ 0.297621, 43.099841 ], [ 0.31663, 43.095378 ], [ 0.316824, 43.090721 ], [ 0.317698, 43.090383 ], [ 0.310074, 43.0906 ], [ 0.301739, 43.09515 ], [ 0.294527, 43.094569 ], [ 0.286403, 43.092584 ], [ 0.281848, 43.085507 ] ] ] ] } },
{ "type": "Feature", "properties": { "codgeo": "65082", "libgeo": "Berbérust-Lias", "dept": "65" }, "geometry": { "type": "MultiPolygon", "coordinates": [ [ [ [ -0.025562, 43.053209 ], [ -0.024964, 43.046796 ], [ -0.023273, 43.043209 ], [ -0.019058, 43.038997 ], [ -0.024718, 43.036098 ], [ -0.026495, 43.03347 ], [ -0.023342, 43.027541 ], [ -0.017076, 43.021161 ], [ -0.017693, 43.01904 ], [ -0.02033, 43.017653 ], [ -0.042684, 43.025299 ], [ -0.054085, 43.030195 ], [ -0.053029, 43.032727 ], [ -0.049722, 43.034885 ], [ -0.040201, 43.045866 ], [ -0.03219, 43.053308 ], [ -0.029093, 43.054225 ], [ -0.025562, 43.053209 ] ] ] ] } },
{ "type": "Feature", "properties": { "codgeo": "65087", "libgeo": "Bertren", "dept": "65" }, "geometry": { "type": "MultiPolygon", "coordinates": [ [ [ [ 0.611442, 42.988282 ], [ 0.609036, 42.997526 ], [ 0.609716, 43.003835 ], [ 0.608483, 43.008227 ], [ 0.612026, 43.010935 ], [ 0.615253, 43.010227 ], [ 0.615358, 43.011281 ], [ 0.61828, 43.010115 ], [ 0.627275, 43.000219 ], [ 0.627671, 42.998404 ], [ 0.626907, 42.995117 ], [ 0.623508, 42.991935 ], [ 0.624432, 42.99079 ], [ 0.617332, 42.990443 ], [ 0.611442, 42.988282 ] ] ] ] } },
{ "type": "Feature", "properties": { "codgeo": "65089", "libgeo": "Betpouey", "dept": "65" }, "geometry": { "type": "MultiPolygon", "coordinates": [ [ [ [ 0.030435, 42.88338 ], [ 0.036734, 42.88305 ], [ 0.040039, 42.883876 ], [ 0.043466, 42.886354 ], [ 0.046965, 42.890577 ], [ 0.05972, 42.884386 ], [ 0.073117, 42.870795 ], [ 0.094254, 42.855394 ], [ 0.099365, 42.848682 ], [ 0.097572, 42.840563 ], [ 0.099891, 42.831258 ], [ 0.092541, 42.830122 ], [ 0.088203, 42.830865 ], [ 0.079189, 42.834692 ], [ 0.075741, 42.839327 ], [ 0.066677, 42.847124 ], [ 0.04843, 42.855345 ], [ 0.039528, 42.85687 ], [ 0.036392, 42.858387 ], [ 0.036372, 42.870488 ], [ 0.035523, 42.873466 ], [ 0.031922, 42.879544 ], [ 0.028076, 42.881368 ], [ 0.030435, 42.88338 ] ] ] ] } },
{ "type": "Feature", "properties": { "codgeo": "65091", "libgeo": "Bettes", "dept": "65" }, "geometry": { "type": "MultiPolygon", "coordinates": [ [ [ [ 0.235666, 43.092746 ], [ 0.237684, 43.090636 ], [ 0.238575, 43.086626 ], [ 0.233599, 43.08229 ], [ 0.228603, 43.082291 ], [ 0.224551, 43.079282 ], [ 0.216789, 43.066757 ], [ 0.211024, 43.070999 ], [ 0.204291, 43.072511 ], [ 0.208473, 43.087293 ], [ 0.212181, 43.085323 ], [ 0.220041, 43.085668 ], [ 0.235666, 43.092746 ] ] ] ] } },
{ "type": "Feature", "properties": { "codgeo": "65092", "libgeo": "Beyrède-Jumet-Camous", "dept": "65" }, "geometry": { "type": "MultiPolygon", "coordinates": [ [ [ [ 0.38081, 42.960779 ], [ 0.377179, 42.95261 ], [ 0.382697, 42.945773 ], [ 0.389847, 42.942291 ], [ 0.402627, 42.945264 ], [ 0.408241, 42.940136 ], [ 0.409848, 42.935977 ], [ 0.408707, 42.934968 ], [ 0.401948, 42.932847 ], [ 0.378684, 42.93453 ], [ 0.378552, 42.935646 ], [ 0.371888, 42.941386 ], [ 0.368402, 42.933004 ], [ 0.352428, 42.934621 ], [ 0.349707, 42.935819 ], [ 0.342772, 42.941851 ], [ 0.338048, 42.944552 ], [ 0.318576, 42.953135 ], [ 0.299831, 42.959894 ], [ 0.298616, 42.960995 ], [ 0.2881, 42.959477 ], [ 0.296046, 42.974887 ], [ 0.302485, 42.976533 ], [ 0.308527, 42.97581 ], [ 0.319447, 42.969948 ], [ 0.3222, 42.96991 ], [ 0.327953, 42.971995 ], [ 0.32987, 42.971393 ], [ 0.334421, 42.962311 ], [ 0.340992, 42.959803 ], [ 0.348198, 42.959497 ], [ 0.357201, 42.962306 ], [ 0.38081, 42.960779 ] ] ] ] } },
{ "type": "Feature", "properties": { "codgeo": "65093", "libgeo": "Bize", "dept": "65" }, "geometry": { "type": "MultiPolygon", "coordinates": [ [ [ [ 0.486211, 43.028805 ], [ 0.483643, 43.029159 ], [ 0.477453, 43.024854 ], [ 0.469078, 43.021642 ], [ 0.456772, 43.018731 ], [ 0.45184, 43.019027 ], [ 0.440773, 43.016459 ], [ 0.440056, 43.017793 ], [ 0.435978, 43.020021 ], [ 0.436916, 43.021659 ], [ 0.436022, 43.027746 ], [ 0.439329, 43.035025 ], [ 0.44175, 43.037145 ], [ 0.442315, 43.043053 ], [ 0.445918, 43.048145 ], [ 0.449951, 43.05107 ], [ 0.464158, 43.052536 ], [ 0.465243, 43.051299 ], [ 0.481578, 43.050314 ], [ 0.487705, 43.049214 ], [ 0.486597, 43.041242 ], [ 0.489971, 43.038722 ], [ 0.490759, 43.032493 ], [ 0.486211, 43.028805 ] ] ] ] } },
{ "type": "Feature", "properties": { "codgeo": "65094", "libgeo": "Bizous", "dept": "65" }, "geometry": { "type": "MultiPolygon", "coordinates": [ [ [ [ 0.449544, 43.05309 ], [ 0.44777, 43.05632 ], [ 0.433541, 43.058167 ], [ 0.432014, 43.059023 ], [ 0.427458, 43.070225 ], [ 0.422466, 43.07782 ], [ 0.42736, 43.076644 ], [ 0.438222, 43.071153 ], [ 0.45566, 43.067066 ], [ 0.451651, 43.062645 ], [ 0.450818, 43.060118 ], [ 0.451725, 43.056599 ], [ 0.450982, 43.053849 ], [ 0.449544, 43.05309 ] ] ] ] } },
{ "type": "Feature", "properties": { "codgeo": "65096", "libgeo": "Bonnemazon", "dept": "65" }, "geometry": { "type": "MultiPolygon", "coordinates": [ [ [ [ 0.275662, 43.104572 ], [ 0.270001, 43.100569 ], [ 0.267568, 43.099802 ], [ 0.255539, 43.101011 ], [ 0.245817, 43.100489 ], [ 0.23686, 43.095314 ], [ 0.233902, 43.095643 ], [ 0.233314, 43.098262 ], [ 0.234061, 43.104894 ], [ 0.238379, 43.106119 ], [ 0.239202, 43.11001 ], [ 0.237597, 43.114914 ], [ 0.234428, 43.119618 ], [ 0.257633, 43.120769 ], [ 0.259738, 43.113586 ], [ 0.263385, 43.107008 ], [ 0.268149, 43.105545 ], [ 0.268837, 43.10744 ], [ 0.273443, 43.108063 ], [ 0.276744, 43.106772 ], [ 0.275662, 43.104572 ] ] ] ] } },
{ "type": "Feature", "properties": { "codgeo": "65098", "libgeo": "Boô-Silhen", "dept": "65" }, "geometry": { "type": "MultiPolygon", "coordinates": [ [ [ [ -0.082418, 43.006935 ], [ -0.085413, 43.013664 ], [ -0.085214, 43.017645 ], [ -0.078334, 43.026741 ], [ -0.062217, 43.028962 ], [ -0.061782, 43.032557 ], [ -0.059325, 43.031492 ], [ -0.058618, 43.030162 ], [ -0.066506, 43.018086 ], [ -0.067101, 43.012043 ], [ -0.069906, 43.008986 ], [ -0.082418, 43.006935 ] ] ] ] } },
{ "type": "Feature", "properties": { "codgeo": "65099", "libgeo": "Bordères-Louron", "dept": "65" }, "geometry": { "type": "MultiPolygon", "coordinates": [ [ [ [ 0.370706, 42.873356 ], [ 0.373862, 42.874313 ], [ 0.380237, 42.879776 ], [ 0.38208, 42.879495 ], [ 0.384857, 42.880445 ], [ 0.388494, 42.884899 ], [ 0.391253, 42.885595 ], [ 0.393539, 42.88525 ], [ 0.401065, 42.880955 ], [ 0.417726, 42.880698 ], [ 0.43511, 42.879499 ], [ 0.450844, 42.873023 ], [ 0.472456, 42.859501 ], [ 0.460209, 42.852006 ], [ 0.437579, 42.862624 ], [ 0.428579, 42.860623 ], [ 0.422416, 42.858266 ], [ 0.418516, 42.854724 ], [ 0.412485, 42.856089 ], [ 0.403814, 42.856153 ], [ 0.390174, 42.854297 ], [ 0.374833, 42.865139 ], [ 0.371933, 42.869596 ], [ 0.370706, 42.873356 ] ] ] ] } },
{ "type": "Feature", "properties": { "codgeo": "65105", "libgeo": "Bourg-de-Bigorre", "dept": "65" }, "geometry": { "type": "MultiPolygon", "coordinates": [ [ [ [ 0.24851, 43.070513 ], [ 0.247279, 43.071284 ], [ 0.250134, 43.076146 ], [ 0.249893, 43.081139 ], [ 0.247085, 43.085435 ], [ 0.238575, 43.086626 ], [ 0.237684, 43.090636 ], [ 0.235666, 43.092746 ], [ 0.23686, 43.095314 ], [ 0.245817, 43.100489 ], [ 0.255539, 43.101011 ], [ 0.267568, 43.099802 ], [ 0.266886, 43.098507 ], [ 0.267462, 43.097645 ], [ 0.278602, 43.087543 ], [ 0.272105, 43.085113 ], [ 0.268068, 43.080562 ], [ 0.269815, 43.069456 ], [ 0.267112, 43.06773 ], [ 0.264846, 43.067523 ], [ 0.24851, 43.070513 ] ] ] ] } },
{ "type": "Feature", "properties": { "codgeo": "65109", "libgeo": "Bramevaque", "dept": "65" }, "geometry": { "type": "MultiPolygon", "coordinates": [ [ [ [ 0.56423, 42.971706 ], [ 0.556413, 42.968475 ], [ 0.551934, 42.970836 ], [ 0.54868, 42.975148 ], [ 0.53283, 42.984659 ], [ 0.548507, 42.985092 ], [ 0.555344, 42.981745 ], [ 0.565615, 42.980777 ], [ 0.56871, 42.984018 ], [ 0.575828, 42.984724 ], [ 0.57846, 42.983551 ], [ 0.576646, 42.981712 ], [ 0.576183, 42.978451 ], [ 0.578015, 42.974435 ], [ 0.574766, 42.971802 ], [ 0.56423, 42.971706 ] ] ] ] } },
{ "type": "Feature", "properties": { "codgeo": "65111", "libgeo": "Bulan", "dept": "65" }, "geometry": { "type": "MultiPolygon", "coordinates": [ [ [ [ 0.293284, 43.053182 ], [ 0.294058, 43.051748 ], [ 0.285957, 43.035916 ], [ 0.282008, 43.034004 ], [ 0.272913, 43.031893 ], [ 0.268895, 43.034631 ], [ 0.266224, 43.037947 ], [ 0.267008, 43.040556 ], [ 0.275094, 43.052118 ], [ 0.276445, 43.053171 ], [ 0.293284, 43.053182 ] ] ] ] } },
{ "type": "Feature", "properties": { "codgeo": "65112", "libgeo": "Bun", "dept": "65" }, "geometry": { "type": "MultiPolygon", "coordinates": [ [ [ [ -0.174424, 42.977671 ], [ -0.162958, 42.976602 ], [ -0.157926, 42.977571 ], [ -0.151886, 42.979815 ], [ -0.149333, 42.979928 ], [ -0.153177, 42.975452 ], [ -0.1586, 42.961484 ], [ -0.165702, 42.954538 ], [ -0.170337, 42.95871 ], [ -0.169383, 42.959407 ], [ -0.174424, 42.977671 ] ] ] ] } },
{ "type": "Feature", "properties": { "codgeo": "65116", "libgeo": "Cadéac", "dept": "65" }, "geometry": { "type": "MultiPolygon", "coordinates": [ [ [ [ 0.306716, 42.907103 ], [ 0.323196, 42.902988 ], [ 0.331651, 42.90327 ], [ 0.349381, 42.898255 ], [ 0.363088, 42.892893 ], [ 0.354638, 42.882026 ], [ 0.349671, 42.882711 ], [ 0.34825, 42.880928 ], [ 0.345797, 42.880792 ], [ 0.318725, 42.893043 ], [ 0.306207, 42.899768 ], [ 0.305225, 42.902907 ], [ 0.306716, 42.907103 ] ] ] ] } },
{ "type": "Feature", "properties": { "codgeo": "65117", "libgeo": "Cadeilhan-Trachère", "dept": "65" }, "geometry": { "type": "MultiPolygon", "coordinates": [ [ [ [ 0.263804, 42.806993 ], [ 0.264883, 42.808516 ], [ 0.286859, 42.814349 ], [ 0.29132, 42.811184 ], [ 0.296667, 42.811435 ], [ 0.300659, 42.813115 ], [ 0.294437, 42.817422 ], [ 0.300627, 42.820488 ], [ 0.305669, 42.820369 ], [ 0.316991, 42.818528 ], [ 0.316538, 42.811836 ], [ 0.305968, 42.804866 ], [ 0.297504, 42.800463 ], [ 0.287637, 42.803399 ], [ 0.283868, 42.802815 ], [ 0.275451, 42.803073 ], [ 0.271192, 42.804689 ], [ 0.267424, 42.807153 ], [ 0.263804, 42.806993 ] ] ] ] } },
{ "type": "Feature", "properties": { "codgeo": "65118", "libgeo": "Caharet", "dept": "65" }, "geometry": { "type": "MultiPolygon", "coordinates": [ [ [ [ 0.310979, 43.139825 ], [ 0.301108, 43.148167 ], [ 0.314319, 43.15107 ], [ 0.318667, 43.145114 ], [ 0.323885, 43.142767 ], [ 0.323514, 43.141748 ], [ 0.321022, 43.141126 ], [ 0.314696, 43.141336 ], [ 0.310979, 43.139825 ] ] ] ] } },
{ "type": "Feature", "properties": { "codgeo": "65123", "libgeo": "Campan", "dept": "65" }, "geometry": { "type": "MultiPolygon", "coordinates": [ [ [ [ 0.152758, 42.97669 ], [ 0.14921, 42.980174 ], [ 0.145908, 42.981646 ], [ 0.141877, 42.986188 ], [ 0.140682, 42.988485 ], [ 0.138753, 43.001856 ], [ 0.145915, 43.009562 ], [ 0.166611, 43.020371 ], [ 0.172224, 43.026928 ], [ 0.173392, 43.025776 ], [ 0.176723, 43.027395 ], [ 0.186643, 43.026318 ], [ 0.202921, 43.015535 ], [ 0.219991, 43.00682 ], [ 0.224766, 43.002108 ], [ 0.232433, 42.998691 ], [ 0.24371, 42.9953 ], [ 0.246875, 42.992983 ], [ 0.247737, 42.990508 ], [ 0.233748, 42.989936 ], [ 0.239785, 42.982529 ], [ 0.247972, 42.978519 ], [ 0.255604, 42.970973 ], [ 0.263373, 42.968972 ], [ 0.268549, 42.969485 ], [ 0.280051, 42.980035 ], [ 0.296046, 42.974887 ], [ 0.2881, 42.959477 ], [ 0.298616, 42.960995 ], [ 0.299831, 42.959894 ], [ 0.300251, 42.943066 ], [ 0.30693, 42.937818 ], [ 0.309438, 42.933662 ], [ 0.309835, 42.92552 ], [ 0.306185, 42.929197 ], [ 0.294387, 42.934012 ], [ 0.294962, 42.936545 ], [ 0.290595, 42.939254 ], [ 0.280414, 42.943288 ], [ 0.275283, 42.943749 ], [ 0.253881, 42.93541 ], [ 0.245593, 42.924604 ], [ 0.246059, 42.92188 ], [ 0.248096, 42.918906 ], [ 0.244365, 42.907607 ], [ 0.23944, 42.905377 ], [ 0.235701, 42.90204 ], [ 0.236414, 42.886107 ], [ 0.251904, 42.880573 ], [ 0.248689, 42.877593 ], [ 0.232413, 42.871033 ], [ 0.227099, 42.870536 ], [ 0.225369, 42.870977 ], [ 0.22471, 42.882367 ], [ 0.220436, 42.892263 ], [ 0.21343, 42.900886 ], [ 0.211511, 42.905731 ], [ 0.213488, 42.9094 ], [ 0.205266, 42.926863 ], [ 0.199833, 42.925905 ], [ 0.192062, 42.92194 ], [ 0.186476, 42.91728 ], [ 0.174589, 42.922595 ], [ 0.196599, 42.933323 ], [ 0.199964, 42.940184 ], [ 0.191117, 42.94559 ], [ 0.185159, 42.945937 ], [ 0.177583, 42.944075 ], [ 0.166122, 42.950879 ], [ 0.163459, 42.955618 ], [ 0.163181, 42.959464 ], [ 0.163429, 42.964601 ], [ 0.166773, 42.974786 ], [ 0.161493, 42.979552 ], [ 0.152758, 42.97669 ] ] ] ] } },
{ "type": "Feature", "properties": { "codgeo": "65124", "libgeo": "Camparan", "dept": "65" }, "geometry": { "type": "MultiPolygon", "coordinates": [ [ [ [ 0.363332, 42.81817 ], [ 0.351749, 42.829502 ], [ 0.346999, 42.836504 ], [ 0.352977, 42.842839 ], [ 0.360262, 42.842965 ], [ 0.365551, 42.836127 ], [ 0.366689, 42.831376 ], [ 0.363332, 42.81817 ] ] ] ] } },
{ "type": "Feature", "properties": { "codgeo": "65125", "libgeo": "Campistrous", "dept": "65" }, "geometry": { "type": "MultiPolygon", "coordinates": [ [ [ [ 0.373798, 43.118473 ], [ 0.359731, 43.113019 ], [ 0.355272, 43.121394 ], [ 0.356477, 43.130781 ], [ 0.358569, 43.136768 ], [ 0.363552, 43.142465 ], [ 0.364861, 43.147791 ], [ 0.373836, 43.165932 ], [ 0.378375, 43.171213 ], [ 0.389382, 43.174275 ], [ 0.391631, 43.1739 ], [ 0.400778, 43.166424 ], [ 0.395938, 43.161633 ], [ 0.387544, 43.156871 ], [ 0.382968, 43.145101 ], [ 0.376445, 43.122959 ], [ 0.373798, 43.118473 ] ] ] ] } },
{ "type": "Feature", "properties": { "codgeo": "65127", "libgeo": "Capvern", "dept": "65" }, "geometry": { "type": "MultiPolygon", "coordinates": [ [ [ [ 0.316052, 43.129358 ], [ 0.327116, 43.122193 ], [ 0.330942, 43.121794 ], [ 0.33324, 43.122385 ], [ 0.337833, 43.127837 ], [ 0.349771, 43.118751 ], [ 0.359731, 43.113019 ], [ 0.373798, 43.118473 ], [ 0.36807, 43.100225 ], [ 0.365963, 43.098045 ], [ 0.36637, 43.093171 ], [ 0.354257, 43.080352 ], [ 0.328102, 43.091474 ], [ 0.324123, 43.091806 ], [ 0.317698, 43.090383 ], [ 0.316824, 43.090721 ], [ 0.31663, 43.095378 ], [ 0.297621, 43.099841 ], [ 0.291821, 43.105917 ], [ 0.300265, 43.10691 ], [ 0.301822, 43.107903 ], [ 0.298429, 43.115058 ], [ 0.289161, 43.122024 ], [ 0.285608, 43.123719 ], [ 0.282647, 43.126516 ], [ 0.282524, 43.127822 ], [ 0.288428, 43.129611 ], [ 0.295262, 43.128974 ], [ 0.30251, 43.125837 ], [ 0.307219, 43.125567 ], [ 0.316052, 43.129358 ] ] ] ] } },
{ "type": "Feature", "properties": { "codgeo": "65128", "libgeo": "Castelbajac", "dept": "65" }, "geometry": { "type": "MultiPolygon", "coordinates": [ [ [ [ 0.339976, 43.178768 ], [ 0.341117, 43.179814 ], [ 0.341813, 43.196073 ], [ 0.347379, 43.19379 ], [ 0.350889, 43.198372 ], [ 0.353364, 43.199977 ], [ 0.357452, 43.201696 ], [ 0.362369, 43.200928 ], [ 0.361527, 43.196266 ], [ 0.364063, 43.192265 ], [ 0.367528, 43.189014 ], [ 0.374305, 43.18664 ], [ 0.374312, 43.166439 ], [ 0.373836, 43.165932 ], [ 0.362654, 43.167847 ], [ 0.340537, 43.16778 ], [ 0.339976, 43.178768 ] ] ] ] } },
{ "type": "Feature", "properties": { "codgeo": "65132", "libgeo": "Castéra-Lanusse", "dept": "65" }, "geometry": { "type": "MultiPolygon", "coordinates": [ [ [ [ 0.296637, 43.165709 ], [ 0.291112, 43.165479 ], [ 0.290285, 43.172611 ], [ 0.281949, 43.173996 ], [ 0.283285, 43.177161 ], [ 0.294178, 43.175423 ], [ 0.298683, 43.17547 ], [ 0.296637, 43.165709 ] ] ] ] } },
{ "type": "Feature", "properties": { "codgeo": "65135", "libgeo": "Castillon", "dept": "65" }, "geometry": { "type": "MultiPolygon", "coordinates": [ [ [ [ 0.235666, 43.092746 ], [ 0.220041, 43.085668 ], [ 0.212181, 43.085323 ], [ 0.208473, 43.087293 ], [ 0.207443, 43.088739 ], [ 0.207775, 43.095877 ], [ 0.226064, 43.10401 ], [ 0.234061, 43.104894 ], [ 0.233314, 43.098262 ], [ 0.233902, 43.095643 ], [ 0.23686, 43.095314 ], [ 0.235666, 43.092746 ] ] ] ] } },
{ "type": "Feature", "properties": { "codgeo": "65138", "libgeo": "Cauterets", "dept": "65" }, "geometry": { "type": "MultiPolygon", "coordinates": [ [ [ [ -0.143517, 42.921811 ], [ -0.131585, 42.923627 ], [ -0.127365, 42.922399 ], [ -0.121945, 42.922435 ], [ -0.117185, 42.928478 ], [ -0.120131, 42.936546 ], [ -0.117194, 42.94586 ], [ -0.114286, 42.951308 ], [ -0.099901, 42.960216 ], [ -0.099908, 42.958424 ], [ -0.098142, 42.958094 ], [ -0.099129, 42.948718 ], [ -0.091784, 42.946686 ], [ -0.073193, 42.945807 ], [ -0.053591, 42.940103 ], [ -0.049003, 42.936644 ], [ -0.046816, 42.930711 ], [ -0.059802, 42.931845 ], [ -0.066384, 42.928885 ], [ -0.068861, 42.922937 ], [ -0.070114, 42.911358 ], [ -0.074725, 42.905589 ], [ -0.072421, 42.902678 ], [ -0.073824, 42.892508 ], [ -0.075804, 42.885007 ], [ -0.080633, 42.877519 ], [ -0.082183, 42.872765 ], [ -0.080289, 42.865007 ], [ -0.077639, 42.863294 ], [ -0.074968, 42.858188 ], [ -0.073594, 42.84744 ], [ -0.06648, 42.825937 ], [ -0.062531, 42.820472 ], [ -0.064355, 42.818936 ], [ -0.071723, 42.806481 ], [ -0.071242, 42.801412 ], [ -0.064931, 42.794886 ], [ -0.07332, 42.791587 ], [ -0.07791, 42.779786 ], [ -0.086333, 42.772507 ], [ -0.093265, 42.771352 ], [ -0.097583, 42.772347 ], [ -0.101637, 42.778406 ], [ -0.117873, 42.786121 ], [ -0.119646, 42.786215 ], [ -0.124786, 42.784623 ], [ -0.129982, 42.781636 ], [ -0.131322, 42.780284 ], [ -0.132073, 42.777473 ], [ -0.136418, 42.773816 ], [ -0.138995, 42.772912 ], [ -0.146399, 42.772385 ], [ -0.147734, 42.776968 ], [ -0.155274, 42.789494 ], [ -0.169483, 42.790121 ], [ -0.174228, 42.787714 ], [ -0.180229, 42.785839 ], [ -0.185799, 42.786969 ], [ -0.189178, 42.788201 ], [ -0.200949, 42.796192 ], [ -0.222217, 42.801687 ], [ -0.236225, 42.807868 ], [ -0.238834, 42.809725 ], [ -0.238731, 42.817802 ], [ -0.234811, 42.818052 ], [ -0.220138, 42.823011 ], [ -0.2034, 42.822857 ], [ -0.192478, 42.827232 ], [ -0.175756, 42.851229 ], [ -0.174575, 42.854969 ], [ -0.174221, 42.866587 ], [ -0.168248, 42.875283 ], [ -0.175041, 42.881922 ], [ -0.174427, 42.886744 ], [ -0.170865, 42.891763 ], [ -0.165354, 42.893936 ], [ -0.16307, 42.895638 ], [ -0.160182, 42.902775 ], [ -0.159172, 42.909028 ], [ -0.156964, 42.912898 ], [ -0.151462, 42.91507 ], [ -0.143517, 42.921811 ] ] ] ] } },
{ "type": "Feature", "properties": { "codgeo": "65139", "libgeo": "Cazarilh", "dept": "65" }, "geometry": { "type": "MultiPolygon", "coordinates": [ [ [ [ 0.579224, 42.964288 ], [ 0.582534, 42.964073 ], [ 0.588106, 42.960643 ], [ 0.60174, 42.946272 ], [ 0.605513, 42.934221 ], [ 0.587225, 42.94776 ], [ 0.574397, 42.952914 ], [ 0.57296, 42.956314 ], [ 0.579224, 42.964288 ] ] ] ] } },
{ "type": "Feature", "properties": { "codgeo": "65140", "libgeo": "Cazaux-Debat", "dept": "65" }, "geometry": { "type": "MultiPolygon", "coordinates": [ [ [ [ 0.393539, 42.88525 ], [ 0.391253, 42.885595 ], [ 0.388494, 42.884899 ], [ 0.385766, 42.881045 ], [ 0.38208, 42.879495 ], [ 0.381608, 42.880789 ], [ 0.370335, 42.888561 ], [ 0.369976, 42.890136 ], [ 0.379251, 42.894844 ], [ 0.380728, 42.894871 ], [ 0.390526, 42.890907 ], [ 0.393539, 42.88525 ] ] ] ] } },
{ "type": "Feature", "properties": { "codgeo": "65141", "libgeo": "Cazaux-Fréchet-Anéran-Camors", "dept": "65" }, "geometry": { "type": "MultiPolygon", "coordinates": [ [ [ [ 0.412485, 42.856089 ], [ 0.418516, 42.854724 ], [ 0.422416, 42.858266 ], [ 0.428579, 42.860623 ], [ 0.437579, 42.862624 ], [ 0.460209, 42.852006 ], [ 0.461449, 42.850333 ], [ 0.467499, 42.846747 ], [ 0.466033, 42.841288 ], [ 0.457099, 42.837382 ], [ 0.455148, 42.837141 ], [ 0.453473, 42.838026 ], [ 0.451196, 42.838096 ], [ 0.445256, 42.836929 ], [ 0.437174, 42.830615 ], [ 0.421441, 42.82381 ], [ 0.420519, 42.825316 ], [ 0.417256, 42.82388 ], [ 0.409149, 42.825046 ], [ 0.409934, 42.836032 ], [ 0.40899, 42.837462 ], [ 0.414843, 42.83849 ], [ 0.41164, 42.854389 ], [ 0.412485, 42.856089 ] ] ] ] } },
{ "type": "Feature", "properties": { "codgeo": "65143", "libgeo": "Chelle-Spou", "dept": "65" }, "geometry": { "type": "MultiPolygon", "coordinates": [ [ [ [ 0.233783, 43.130522 ], [ 0.237902, 43.14366 ], [ 0.244407, 43.14943 ], [ 0.241445, 43.151264 ], [ 0.247916, 43.154161 ], [ 0.253978, 43.155208 ], [ 0.254496, 43.156075 ], [ 0.261901, 43.142816 ], [ 0.258225, 43.133863 ], [ 0.239475, 43.127884 ], [ 0.236517, 43.128612 ], [ 0.233783, 43.130522 ] ] ] ] } },
{ "type": "Feature", "properties": { "codgeo": "65144", "libgeo": "Cheust", "dept": "65" }, "geometry": { "type": "MultiPolygon", "coordinates": [ [ [ [ 0.037064, 43.064672 ], [ 0.037624, 43.063179 ], [ 0.054458, 43.054588 ], [ 0.050209, 43.055324 ], [ 0.023673, 43.050998 ], [ 0.016282, 43.047242 ], [ 0.006382, 43.045558 ], [ 0.009075, 43.050944 ], [ 0.010761, 43.051244 ], [ 0.016546, 43.054874 ], [ 0.013733, 43.059321 ], [ 0.029771, 43.062149 ], [ 0.037064, 43.064672 ] ] ] ] } },
{ "type": "Feature", "properties": { "codgeo": "65145", "libgeo": "Chèze", "dept": "65" }, "geometry": { "type": "MultiPolygon", "coordinates": [ [ [ [ -0.035127, 42.90643 ], [ -0.040426, 42.916941 ], [ -0.042353, 42.926885 ], [ -0.046816, 42.930711 ], [ -0.049003, 42.936644 ], [ -0.035921, 42.937445 ], [ -0.022881, 42.932876 ], [ -0.001207, 42.92673 ], [ 0.005515, 42.920053 ], [ 0.00954, 42.912439 ], [ 0.006945, 42.909767 ], [ 0.009541, 42.907242 ], [ -0.00352, 42.910285 ], [ -0.011537, 42.909259 ], [ -0.019439, 42.907105 ], [ -0.02487, 42.903566 ], [ -0.028076, 42.903483 ], [ -0.035127, 42.90643 ] ] ] ] } },
{ "type": "Feature", "properties": { "codgeo": "65147", "libgeo": "Cieutat", "dept": "65" }, "geometry": { "type": "MultiPolygon", "coordinates": [ [ [ [ 0.191033, 43.099879 ], [ 0.186712, 43.101636 ], [ 0.187265, 43.10594 ], [ 0.181512, 43.11321 ], [ 0.184074, 43.115745 ], [ 0.192534, 43.134338 ], [ 0.197778, 43.142654 ], [ 0.201382, 43.141246 ], [ 0.216138, 43.139283 ], [ 0.218652, 43.140415 ], [ 0.221738, 43.144277 ], [ 0.225391, 43.152443 ], [ 0.225453, 43.155195 ], [ 0.233982, 43.152661 ], [ 0.236715, 43.149759 ], [ 0.238873, 43.148934 ], [ 0.241445, 43.151264 ], [ 0.244407, 43.14943 ], [ 0.237902, 43.14366 ], [ 0.233783, 43.130522 ], [ 0.228346, 43.12524 ], [ 0.23089, 43.120034 ], [ 0.234428, 43.119618 ], [ 0.237597, 43.114914 ], [ 0.239202, 43.11001 ], [ 0.238379, 43.106119 ], [ 0.234061, 43.104894 ], [ 0.226064, 43.10401 ], [ 0.209178, 43.096929 ], [ 0.203139, 43.098508 ], [ 0.191033, 43.099879 ] ] ] ] } },
{ "type": "Feature", "properties": { "codgeo": "65150", "libgeo": "Clarens", "dept": "65" }, "geometry": { "type": "MultiPolygon", "coordinates": [ [ [ [ 0.42452, 43.181054 ], [ 0.423135, 43.175819 ], [ 0.423107, 43.169875 ], [ 0.42481, 43.16539 ], [ 0.427571, 43.162312 ], [ 0.433064, 43.162152 ], [ 0.426154, 43.147601 ], [ 0.418404, 43.136484 ], [ 0.416451, 43.129898 ], [ 0.41248, 43.122709 ], [ 0.404158, 43.125331 ], [ 0.405292, 43.134524 ], [ 0.398231, 43.144822 ], [ 0.395938, 43.161633 ], [ 0.400778, 43.166424 ], [ 0.405896, 43.178601 ], [ 0.418725, 43.180801 ], [ 0.42452, 43.181054 ] ] ] ] } },
{ "type": "Feature", "properties": { "codgeo": "65154", "libgeo": "Créchets", "dept": "65" }, "geometry": { "type": "MultiPolygon", "coordinates": [ [ [ [ 0.57708, 42.996467 ], [ 0.568126, 42.998339 ], [ 0.564854, 42.997923 ], [ 0.55406, 43.000668 ], [ 0.577929, 43.006174 ], [ 0.578609, 42.999649 ], [ 0.57708, 42.996467 ] ] ] ] } },
{ "type": "Feature", "properties": { "codgeo": "65157", "libgeo": "Ens", "dept": "65" }, "geometry": { "type": "MultiPolygon", "coordinates": [ [ [ [ 0.350313, 42.803527 ], [ 0.346722, 42.798446 ], [ 0.335036, 42.788664 ], [ 0.327901, 42.779846 ], [ 0.322851, 42.790388 ], [ 0.328329, 42.799957 ], [ 0.33197, 42.808897 ], [ 0.337032, 42.811095 ], [ 0.344884, 42.806982 ], [ 0.343732, 42.80581 ], [ 0.344168, 42.803391 ], [ 0.350313, 42.803527 ] ] ] ] } },
{ "type": "Feature", "properties": { "codgeo": "65158", "libgeo": "Esbareich", "dept": "65" }, "geometry": { "type": "MultiPolygon", "coordinates": [ [ [ [ 0.600185, 42.928017 ], [ 0.596593, 42.920626 ], [ 0.598058, 42.914612 ], [ 0.595493, 42.910069 ], [ 0.592289, 42.908534 ], [ 0.576555, 42.912616 ], [ 0.574611, 42.916984 ], [ 0.573893, 42.921164 ], [ 0.574457, 42.927242 ], [ 0.573318, 42.934174 ], [ 0.571587, 42.937849 ], [ 0.56818, 42.938276 ], [ 0.56121, 42.937469 ], [ 0.55167, 42.931934 ], [ 0.538509, 42.933618 ], [ 0.544844, 42.937139 ], [ 0.547691, 42.940376 ], [ 0.548911, 42.948771 ], [ 0.555752, 42.948302 ], [ 0.559828, 42.952547 ], [ 0.571894, 42.944057 ], [ 0.599344, 42.929575 ], [ 0.600185, 42.928017 ] ] ] ] } },
{ "type": "Feature", "properties": { "codgeo": "65159", "libgeo": "Escala", "dept": "65" }, "geometry": { "type": "MultiPolygon", "coordinates": [ [ [ [ 0.422466, 43.07782 ], [ 0.412003, 43.075836 ], [ 0.402913, 43.075521 ], [ 0.402197, 43.074818 ], [ 0.403952, 43.081839 ], [ 0.40194, 43.088481 ], [ 0.39836, 43.094655 ], [ 0.419458, 43.101742 ], [ 0.418617, 43.096414 ], [ 0.422466, 43.07782 ] ] ] ] } },
{ "type": "Feature", "properties": { "codgeo": "65162", "libgeo": "Esconnets", "dept": "65" }, "geometry": { "type": "MultiPolygon", "coordinates": [ [ [ [ 0.247279, 43.071284 ], [ 0.24851, 43.070513 ], [ 0.246843, 43.067715 ], [ 0.246662, 43.064517 ], [ 0.234834, 43.066841 ], [ 0.220681, 43.064532 ], [ 0.216789, 43.066757 ], [ 0.224551, 43.079282 ], [ 0.228603, 43.082291 ], [ 0.231155, 43.082625 ], [ 0.232377, 43.082059 ], [ 0.230953, 43.080995 ], [ 0.231823, 43.073808 ], [ 0.237301, 43.071628 ], [ 0.247279, 43.071284 ] ] ] ] } },
{ "type": "Feature", "properties": { "codgeo": "65163", "libgeo": "Escots", "dept": "65" }, "geometry": { "type": "MultiPolygon", "coordinates": [ [ [ [ 0.271453, 43.046607 ], [ 0.261054, 43.053201 ], [ 0.253755, 43.055474 ], [ 0.245806, 43.059908 ], [ 0.247402, 43.064059 ], [ 0.246662, 43.064517 ], [ 0.246843, 43.067715 ], [ 0.24851, 43.070513 ], [ 0.264846, 43.067523 ], [ 0.267112, 43.06773 ], [ 0.269815, 43.069456 ], [ 0.275023, 43.064579 ], [ 0.273381, 43.054331 ], [ 0.275094, 43.052118 ], [ 0.271453, 43.046607 ] ] ] ] } },
{ "type": "Feature", "properties": { "codgeo": "65164", "libgeo": "Escoubès-Pouts", "dept": "65" }, "geometry": { "type": "MultiPolygon", "coordinates": [ [ [ [ 0.030088, 43.097801 ], [ 0.028075, 43.09875 ], [ 0.029082, 43.100145 ], [ 0.020916, 43.102988 ], [ 0.014956, 43.102404 ], [ 0.009553, 43.107424 ], [ 0.032051, 43.11219 ], [ 0.039151, 43.114831 ], [ 0.044176, 43.110663 ], [ 0.041126, 43.104062 ], [ 0.030088, 43.097801 ] ] ] ] } },
{ "type": "Feature", "properties": { "codgeo": "65165", "libgeo": "Esparros", "dept": "65" }, "geometry": { "type": "MultiPolygon", "coordinates": [ [ [ [ 0.289417, 43.026977 ], [ 0.304014, 43.027739 ], [ 0.304972, 43.03389 ], [ 0.303235, 43.039196 ], [ 0.310651, 43.03912 ], [ 0.316743, 43.047403 ], [ 0.3209, 43.046688 ], [ 0.335134, 43.041784 ], [ 0.333065, 43.035476 ], [ 0.340387, 43.02755 ], [ 0.342694, 43.026151 ], [ 0.350065, 43.024632 ], [ 0.355904, 43.024566 ], [ 0.363647, 43.026052 ], [ 0.367367, 43.02509 ], [ 0.361817, 43.021863 ], [ 0.342679, 43.016465 ], [ 0.336327, 43.010001 ], [ 0.31181, 42.974494 ], [ 0.308527, 42.97581 ], [ 0.302485, 42.976533 ], [ 0.296046, 42.974887 ], [ 0.280051, 42.980035 ], [ 0.280838, 42.984263 ], [ 0.278347, 42.993823 ], [ 0.271063, 42.996479 ], [ 0.270769, 43.001634 ], [ 0.268237, 43.012402 ], [ 0.263614, 43.02092 ], [ 0.263156, 43.02392 ], [ 0.264157, 43.028688 ], [ 0.270726, 43.031037 ], [ 0.272573, 43.030749 ], [ 0.274903, 43.026408 ], [ 0.287094, 43.025855 ], [ 0.289417, 43.026977 ] ] ] ] } },
{ "type": "Feature", "properties": { "codgeo": "65166", "libgeo": "Espèche", "dept": "65" }, "geometry": { "type": "MultiPolygon", "coordinates": [ [ [ [ 0.310406, 43.054965 ], [ 0.293284, 43.053182 ], [ 0.290706, 43.059675 ], [ 0.292558, 43.064068 ], [ 0.292424, 43.068793 ], [ 0.301157, 43.070261 ], [ 0.304164, 43.070235 ], [ 0.307813, 43.068937 ], [ 0.312242, 43.063319 ], [ 0.313454, 43.060306 ], [ 0.310406, 43.054965 ] ] ] ] } },
{ "type": "Feature", "properties": { "codgeo": "65167", "libgeo": "Espieilh", "dept": "65" }, "geometry": { "type": "MultiPolygon", "coordinates": [ [ [ [ 0.230953, 43.080995 ], [ 0.233599, 43.08229 ], [ 0.238575, 43.086626 ], [ 0.247085, 43.085435 ], [ 0.249893, 43.081139 ], [ 0.250134, 43.076146 ], [ 0.247279, 43.071284 ], [ 0.237301, 43.071628 ], [ 0.231823, 43.073808 ], [ 0.230953, 43.080995 ] ] ] ] } },
{ "type": "Feature", "properties": { "codgeo": "65168", "libgeo": "Esquièze-Sère", "dept": "65" }, "geometry": { "type": "MultiPolygon", "coordinates": [ [ [ [ 0.000089, 42.874034 ], [ -0.003262, 42.87377 ], [ -0.011358, 42.87578 ], [ -0.014782, 42.877988 ], [ -0.016638, 42.886635 ], [ -0.014567, 42.887497 ], [ 0.002889, 42.882271 ], [ -0.000409, 42.875055 ], [ 0.000089, 42.874034 ] ] ] ] } },
{ "type": "Feature", "properties": { "codgeo": "65169", "libgeo": "Estaing", "dept": "65" }, "geometry": { "type": "MultiPolygon", "coordinates": [ [ [ [ -0.180386, 42.953009 ], [ -0.17416, 42.955428 ], [ -0.170337, 42.95871 ], [ -0.165702, 42.954538 ], [ -0.169951, 42.946669 ], [ -0.174516, 42.942796 ], [ -0.174892, 42.936411 ], [ -0.172609, 42.932596 ], [ -0.154547, 42.914084 ], [ -0.156964, 42.912898 ], [ -0.159172, 42.909028 ], [ -0.160182, 42.902775 ], [ -0.16307, 42.895638 ], [ -0.165354, 42.893936 ], [ -0.170865, 42.891763 ], [ -0.174427, 42.886744 ], [ -0.175041, 42.881922 ], [ -0.168248, 42.875283 ], [ -0.174221, 42.866587 ], [ -0.174575, 42.854969 ], [ -0.175756, 42.851229 ], [ -0.192478, 42.827232 ], [ -0.2034, 42.822857 ], [ -0.220138, 42.823011 ], [ -0.234811, 42.818052 ], [ -0.238731, 42.817802 ], [ -0.243388, 42.823369 ], [ -0.251079, 42.85054 ], [ -0.250499, 42.861614 ], [ -0.252497, 42.880964 ], [ -0.250938, 42.890366 ], [ -0.238174, 42.905576 ], [ -0.225713, 42.915433 ], [ -0.223847, 42.915632 ], [ -0.218758, 42.918102 ], [ -0.216013, 42.920168 ], [ -0.20871, 42.92803 ], [ -0.203607, 42.936982 ], [ -0.190237, 42.949923 ], [ -0.187282, 42.952397 ], [ -0.180386, 42.953009 ] ] ] ] } },
{ "type": "Feature", "properties": { "codgeo": "65171", "libgeo": "Estarvielle", "dept": "65" }, "geometry": { "type": "MultiPolygon", "coordinates": [ [ [ [ 0.418254, 42.815883 ], [ 0.41405, 42.817599 ], [ 0.409898, 42.817486 ], [ 0.410106, 42.82322 ], [ 0.409149, 42.825046 ], [ 0.417256, 42.82388 ], [ 0.420519, 42.825316 ], [ 0.421441, 42.82381 ], [ 0.421191, 42.816566 ], [ 0.418254, 42.815883 ] ] ] ] } },
{ "type": "Feature", "properties": { "codgeo": "65172", "libgeo": "Estensan", "dept": "65" }, "geometry": { "type": "MultiPolygon", "coordinates": [ [ [ [ 0.340704, 42.824141 ], [ 0.347336, 42.826556 ], [ 0.351749, 42.829502 ], [ 0.348752, 42.825774 ], [ 0.347269, 42.817784 ], [ 0.348103, 42.812728 ], [ 0.351638, 42.805989 ], [ 0.350313, 42.803527 ], [ 0.344168, 42.803391 ], [ 0.343732, 42.80581 ], [ 0.344884, 42.806982 ], [ 0.337032, 42.811095 ], [ 0.339358, 42.81227 ], [ 0.340995, 42.817896 ], [ 0.340704, 42.824141 ] ] ] ] } },
{ "type": "Feature", "properties": { "codgeo": "65173", "libgeo": "Esterre", "dept": "65" }, "geometry": { "type": "MultiPolygon", "coordinates": [ [ [ [ 0.010231, 42.877432 ], [ 0.008962, 42.876902 ], [ 0.011353, 42.871584 ], [ 0.015406, 42.868395 ], [ 0.029761, 42.860656 ], [ 0.015792, 42.861255 ], [ 0.013161, 42.866143 ], [ 0.010619, 42.868746 ], [ 0.000089, 42.874034 ], [ -0.000409, 42.875055 ], [ 0.004521, 42.886853 ], [ 0.008639, 42.881713 ], [ 0.010231, 42.877432 ] ] ] ] } },
{ "type": "Feature", "properties": { "codgeo": "65175", "libgeo": "Ferrère", "dept": "65" }, "geometry": { "type": "MultiPolygon", "coordinates": [ [ [ [ 0.491925, 42.966708 ], [ 0.492385, 42.965728 ], [ 0.502057, 42.962058 ], [ 0.506429, 42.961144 ], [ 0.509796, 42.961462 ], [ 0.527054, 42.966293 ], [ 0.543093, 42.959413 ], [ 0.548822, 42.956219 ], [ 0.548911, 42.948771 ], [ 0.547691, 42.940376 ], [ 0.544844, 42.937139 ], [ 0.532733, 42.929624 ], [ 0.530978, 42.927328 ], [ 0.531228, 42.900571 ], [ 0.529753, 42.892643 ], [ 0.524701, 42.879153 ], [ 0.525542, 42.86755 ], [ 0.50861, 42.869166 ], [ 0.50295, 42.8708 ], [ 0.500558, 42.874248 ], [ 0.497684, 42.875106 ], [ 0.488921, 42.877309 ], [ 0.477265, 42.878258 ], [ 0.477589, 42.881616 ], [ 0.475001, 42.889088 ], [ 0.472694, 42.892382 ], [ 0.462376, 42.897431 ], [ 0.457561, 42.904763 ], [ 0.458084, 42.910795 ], [ 0.446291, 42.925298 ], [ 0.438917, 42.928869 ], [ 0.448461, 42.935418 ], [ 0.460499, 42.937773 ], [ 0.471924, 42.944455 ], [ 0.47826, 42.95073 ], [ 0.478513, 42.958434 ], [ 0.490439, 42.964976 ], [ 0.491925, 42.966708 ] ] ] ] } },
{ "type": "Feature", "properties": { "codgeo": "65176", "libgeo": "Ferrières", "dept": "65" }, "geometry": { "type": "MultiPolygon", "coordinates": [ [ [ [ -0.256961, 43.029157 ], [ -0.260662, 43.038623 ], [ -0.257918, 43.038306 ], [ -0.253671, 43.03936 ], [ -0.236788, 43.039496 ], [ -0.22933, 43.036858 ], [ -0.223925, 43.033711 ], [ -0.221783, 43.027697 ], [ -0.218132, 43.025302 ], [ -0.215153, 43.024528 ], [ -0.211006, 43.017858 ], [ -0.225841, 43.00482 ], [ -0.228348, 42.996289 ], [ -0.226329, 42.984237 ], [ -0.231489, 42.98299 ], [ -0.241429, 42.984611 ], [ -0.246981, 42.986689 ], [ -0.250852, 42.994073 ], [ -0.259565, 42.998517 ], [ -0.261564, 43.001255 ], [ -0.264783, 43.010115 ], [ -0.259022, 43.016291 ], [ -0.255924, 43.022908 ], [ -0.256961, 43.029157 ] ] ] ] } },
{ "type": "Feature", "properties": { "codgeo": "65179", "libgeo": "Fréchendets", "dept": "65" }, "geometry": { "type": "MultiPolygon", "coordinates": [ [ [ [ 0.237612, 43.05292 ], [ 0.234787, 43.053825 ], [ 0.235803, 43.056008 ], [ 0.22455, 43.058784 ], [ 0.219189, 43.060942 ], [ 0.220681, 43.064532 ], [ 0.234834, 43.066841 ], [ 0.247402, 43.064059 ], [ 0.245806, 43.059908 ], [ 0.239962, 43.055896 ], [ 0.237612, 43.05292 ] ] ] ] } },
{ "type": "Feature", "properties": { "codgeo": "65180", "libgeo": "Fréchet-Aure", "dept": "65" }, "geometry": { "type": "MultiPolygon", "coordinates": [ [ [ [ 0.375358, 42.918763 ], [ 0.364007, 42.919735 ], [ 0.371888, 42.941386 ], [ 0.378552, 42.935646 ], [ 0.379422, 42.932266 ], [ 0.384373, 42.92888 ], [ 0.392026, 42.92697 ], [ 0.401705, 42.922156 ], [ 0.403289, 42.922195 ], [ 0.402014, 42.918288 ], [ 0.383292, 42.921334 ], [ 0.375358, 42.918763 ] ] ] ] } },
{ "type": "Feature", "properties": { "codgeo": "65182", "libgeo": "Gaillagos", "dept": "65" }, "geometry": { "type": "MultiPolygon", "coordinates": [ [ [ [ -0.196183, 43.007257 ], [ -0.189249, 43.009096 ], [ -0.181415, 43.012685 ], [ -0.178214, 43.01307 ], [ -0.166785, 42.996213 ], [ -0.162958, 42.976602 ], [ -0.174424, 42.977671 ], [ -0.193381, 42.981397 ], [ -0.198179, 42.984179 ], [ -0.200463, 42.99469 ], [ -0.196183, 43.007257 ] ] ] ] } },
{ "type": "Feature", "properties": { "codgeo": "65186", "libgeo": "Gaudent", "dept": "65" }, "geometry": { "type": "MultiPolygon", "coordinates": [ [ [ [ 0.575717, 42.996285 ], [ 0.573419, 42.993475 ], [ 0.567374, 42.990746 ], [ 0.565067, 42.991074 ], [ 0.541404, 43.001363 ], [ 0.544151, 43.003449 ], [ 0.545872, 43.003729 ], [ 0.55406, 43.000668 ], [ 0.564854, 42.997923 ], [ 0.568126, 42.998339 ], [ 0.575717, 42.996285 ] ] ] ] } },
{ "type": "Feature", "properties": { "codgeo": "65190", "libgeo": "Gazave", "dept": "65" }, "geometry": { "type": "MultiPolygon", "coordinates": [ [ [ [ 0.409555, 43.033092 ], [ 0.411196, 43.032847 ], [ 0.412766, 43.033823 ], [ 0.409365, 43.037211 ], [ 0.40619, 43.038401 ], [ 0.407063, 43.040382 ], [ 0.409929, 43.041998 ], [ 0.423011, 43.043989 ], [ 0.4266, 43.042146 ], [ 0.439483, 43.042344 ], [ 0.442315, 43.043053 ], [ 0.44175, 43.037145 ], [ 0.439329, 43.035025 ], [ 0.436022, 43.027746 ], [ 0.436916, 43.021659 ], [ 0.435978, 43.020021 ], [ 0.40978, 43.014935 ], [ 0.402845, 43.015043 ], [ 0.400629, 43.017205 ], [ 0.400585, 43.018516 ], [ 0.409555, 43.033092 ] ] ] ] } },
{ "type": "Feature", "properties": { "codgeo": "65191", "libgeo": "Gazost", "dept": "65" }, "geometry": { "type": "MultiPolygon", "coordinates": [ [ [ [ -0.017906, 43.003909 ], [ -0.016182, 43.006898 ], [ -0.016153, 43.009801 ], [ -0.02033, 43.017653 ], [ -0.017693, 43.01904 ], [ -0.017076, 43.021161 ], [ -0.003519, 43.030053 ], [ -0.001637, 43.036496 ], [ 0.003423, 43.03964 ], [ 0.006382, 43.045558 ], [ 0.006865, 43.043662 ], [ 0.032316, 43.027575 ], [ 0.042792, 43.024377 ], [ 0.059981, 43.010763 ], [ 0.067421, 43.003145 ], [ 0.069309, 42.991234 ], [ 0.067457, 42.981696 ], [ 0.064985, 42.977329 ], [ 0.062698, 42.976337 ], [ 0.053005, 42.974943 ], [ 0.04803, 42.976203 ], [ 0.043882, 42.974327 ], [ 0.035787, 42.962149 ], [ 0.032911, 42.960062 ], [ 0.023648, 42.962428 ], [ 0.006999, 42.968217 ], [ 0.002216, 42.972552 ], [ -0.000852, 42.977332 ], [ -0.000238, 42.980485 ], [ -0.008535, 42.98988 ], [ -0.017906, 43.003909 ] ] ] ] } },
{ "type": "Feature", "properties": { "codgeo": "65192", "libgeo": "Gavarnie-Gèdre", "dept": "65" }, "geometry": { "type": "MultiPolygon", "coordinates": [ [ [ [ -0.07332, 42.791587 ], [ -0.052439, 42.799573 ], [ -0.044121, 42.803706 ], [ -0.031964, 42.806483 ], [ -0.026745, 42.805967 ], [ -0.007385, 42.819408 ], [ 0.011361, 42.822353 ], [ 0.028249, 42.816891 ], [ 0.037163, 42.81507 ], [ 0.039835, 42.815286 ], [ 0.064572, 42.820808 ], [ 0.068606, 42.822283 ], [ 0.077751, 42.828396 ], [ 0.079654, 42.828933 ], [ 0.084104, 42.822809 ], [ 0.087111, 42.815337 ], [ 0.089011, 42.801144 ], [ 0.09326, 42.800469 ], [ 0.100254, 42.800769 ], [ 0.113871, 42.788742 ], [ 0.112208, 42.770197 ], [ 0.129466, 42.75641 ], [ 0.137136, 42.745719 ], [ 0.13333, 42.736223 ], [ 0.136732, 42.722452 ], [ 0.134387, 42.719168 ], [ 0.126331, 42.71393 ], [ 0.115403, 42.710732 ], [ 0.105864, 42.710411 ], [ 0.089554, 42.716946 ], [ 0.079842, 42.714885 ], [ 0.076515, 42.713596 ], [ 0.072096, 42.706794 ], [ 0.065946, 42.70174 ], [ 0.061559, 42.698904 ], [ 0.058088, 42.697676 ], [ 0.045962, 42.696678 ], [ 0.024404, 42.702474 ], [ 0.017638, 42.701698 ], [ 0.01465, 42.70066 ], [ 0.015148, 42.695916 ], [ 0.014062, 42.693706 ], [ 0.009826, 42.690388 ], [ 0.000963, 42.685461 ], [ -0.008959, 42.68464 ], [ -0.016784, 42.685369 ], [ -0.028033, 42.689243 ], [ -0.03987, 42.691527 ], [ -0.056304, 42.692251 ], [ -0.061052, 42.694393 ], [ -0.063219, 42.696287 ], [ -0.064565, 42.69976 ], [ -0.063829, 42.710615 ], [ -0.068361, 42.717965 ], [ -0.10171, 42.721959 ], [ -0.10583, 42.72471 ], [ -0.109408, 42.728517 ], [ -0.109776, 42.734931 ], [ -0.137144, 42.765045 ], [ -0.144715, 42.768577 ], [ -0.147321, 42.774013 ], [ -0.146399, 42.772385 ], [ -0.138995, 42.772912 ], [ -0.136418, 42.773816 ], [ -0.132073, 42.777473 ], [ -0.131322, 42.780284 ], [ -0.129982, 42.781636 ], [ -0.124786, 42.784623 ], [ -0.119646, 42.786215 ], [ -0.117873, 42.786121 ], [ -0.101637, 42.778406 ], [ -0.097583, 42.772347 ], [ -0.093265, 42.771352 ], [ -0.086333, 42.772507 ], [ -0.07791, 42.779786 ], [ -0.07332, 42.791587 ] ] ] ] } },
{ "type": "Feature", "properties": { "codgeo": "65193", "libgeo": "Gembrie", "dept": "65" }, "geometry": { "type": "MultiPolygon", "coordinates": [ [ [ [ 0.56871, 42.984018 ], [ 0.568199, 42.984728 ], [ 0.56967, 42.989029 ], [ 0.568963, 42.99144 ], [ 0.573419, 42.993475 ], [ 0.575717, 42.996285 ], [ 0.57708, 42.996467 ], [ 0.576254, 42.995692 ], [ 0.583534, 42.985765 ], [ 0.581433, 42.985256 ], [ 0.580017, 42.982676 ], [ 0.578094, 42.982606 ], [ 0.57846, 42.983551 ], [ 0.575828, 42.984724 ], [ 0.56871, 42.984018 ] ] ] ] } },
{ "type": "Feature", "properties": { "codgeo": "65194", "libgeo": "Générest", "dept": "65" }, "geometry": { "type": "MultiPolygon", "coordinates": [ [ [ [ 0.494002, 43.024433 ], [ 0.502964, 43.029039 ], [ 0.509986, 43.036236 ], [ 0.509816, 43.049865 ], [ 0.519799, 43.050058 ], [ 0.524772, 43.045685 ], [ 0.529455, 43.047044 ], [ 0.532497, 43.042638 ], [ 0.532646, 43.039846 ], [ 0.536249, 43.036258 ], [ 0.536512, 43.029829 ], [ 0.53477, 43.021065 ], [ 0.531571, 43.012367 ], [ 0.526952, 43.00892 ], [ 0.518137, 43.00815 ], [ 0.51574, 43.006078 ], [ 0.515342, 43.003196 ], [ 0.506964, 43.0045 ], [ 0.496546, 43.008114 ], [ 0.494002, 43.024433 ] ] ] ] } },
{ "type": "Feature", "properties": { "codgeo": "65195", "libgeo": "Génos", "dept": "65" }, "geometry": { "type": "MultiPolygon", "coordinates": [ [ [ [ 0.392786, 42.71325 ], [ 0.385528, 42.712832 ], [ 0.376837, 42.71404 ], [ 0.371378, 42.717813 ], [ 0.370003, 42.719621 ], [ 0.360206, 42.724175 ], [ 0.358707, 42.731073 ], [ 0.35962, 42.735052 ], [ 0.364237, 42.741367 ], [ 0.370115, 42.746439 ], [ 0.377668, 42.75016 ], [ 0.383734, 42.756132 ], [ 0.383757, 42.759062 ], [ 0.38533, 42.763366 ], [ 0.387949, 42.763819 ], [ 0.396146, 42.770059 ], [ 0.395519, 42.775486 ], [ 0.390882, 42.7845 ], [ 0.388635, 42.7911 ], [ 0.388097, 42.795283 ], [ 0.389516, 42.802381 ], [ 0.39537, 42.809522 ], [ 0.400755, 42.814004 ], [ 0.409265, 42.813662 ], [ 0.409313, 42.806594 ], [ 0.405737, 42.796783 ], [ 0.40079, 42.793644 ], [ 0.405819, 42.780018 ], [ 0.410404, 42.770981 ], [ 0.41136, 42.761208 ], [ 0.41044, 42.738 ], [ 0.40656, 42.733688 ], [ 0.402687, 42.724864 ], [ 0.392786, 42.71325 ] ] ] ] } },
{ "type": "Feature", "properties": { "codgeo": "65197", "libgeo": "Ger", "dept": "65" }, "geometry": { "type": "MultiPolygon", "coordinates": [ [ [ [ -0.055151, 43.049522 ], [ -0.047361, 43.055538 ], [ -0.043464, 43.0605 ], [ -0.039727, 43.058029 ], [ -0.032719, 43.059578 ], [ -0.029093, 43.054225 ], [ -0.03219, 43.053308 ], [ -0.040201, 43.045866 ], [ -0.044733, 43.046361 ], [ -0.055151, 43.049522 ] ] ] ] } },
{ "type": "Feature", "properties": { "codgeo": "65198", "libgeo": "Gerde", "dept": "65" }, "geometry": { "type": "MultiPolygon", "coordinates": [ [ [ [ 0.191898, 43.068013 ], [ 0.193171, 43.064348 ], [ 0.1927, 43.062771 ], [ 0.198307, 43.052706 ], [ 0.202947, 43.047497 ], [ 0.201631, 43.045411 ], [ 0.175091, 43.050412 ], [ 0.158662, 43.050342 ], [ 0.156468, 43.056844 ], [ 0.156362, 43.066042 ], [ 0.157656, 43.067787 ], [ 0.160231, 43.068168 ], [ 0.162057, 43.066259 ], [ 0.169534, 43.069136 ], [ 0.170793, 43.070722 ], [ 0.17475, 43.072252 ], [ 0.180236, 43.071445 ], [ 0.191898, 43.068013 ] ] ] ] } },
{ "type": "Feature", "properties": { "codgeo": "65199", "libgeo": "Germ", "dept": "65" }, "geometry": { "type": "MultiPolygon", "coordinates": [ [ [ [ 0.418107, 42.801165 ], [ 0.432874, 42.796543 ], [ 0.447386, 42.793422 ], [ 0.461984, 42.789301 ], [ 0.455551, 42.776119 ], [ 0.460185, 42.763839 ], [ 0.463714, 42.759497 ], [ 0.460212, 42.750427 ], [ 0.461509, 42.745978 ], [ 0.43243, 42.76562 ], [ 0.419676, 42.772045 ], [ 0.419611, 42.782684 ], [ 0.417645, 42.794535 ], [ 0.418107, 42.801165 ] ] ] ] } },
{ "type": "Feature", "properties": { "codgeo": "65200", "libgeo": "Germs-sur-l'Oussouet", "dept": "65" }, "geometry": { "type": "MultiPolygon", "coordinates": [ [ [ [ 0.042792, 43.024377 ], [ 0.03835, 43.039475 ], [ 0.038747, 43.042937 ], [ 0.040944, 43.046845 ], [ 0.040712, 43.049436 ], [ 0.038052, 43.052929 ], [ 0.050209, 43.055324 ], [ 0.056531, 43.053843 ], [ 0.05882, 43.062481 ], [ 0.058765, 43.067698 ], [ 0.074602, 43.067187 ], [ 0.076167, 43.061981 ], [ 0.070327, 43.050933 ], [ 0.069013, 43.045485 ], [ 0.072754, 43.031346 ], [ 0.07824, 43.019153 ], [ 0.08033, 43.01706 ], [ 0.08279, 43.01238 ], [ 0.073704, 43.010012 ], [ 0.068973, 43.010091 ], [ 0.058815, 43.018368 ], [ 0.046002, 43.024291 ], [ 0.042792, 43.024377 ] ] ] ] } },
{ "type": "Feature", "properties": { "codgeo": "65201", "libgeo": "Geu", "dept": "65" }, "geometry": { "type": "MultiPolygon", "coordinates": [ [ [ [ -0.058618, 43.030162 ], [ -0.059325, 43.031492 ], [ -0.061782, 43.032557 ], [ -0.062771, 43.042301 ], [ -0.059955, 43.043872 ], [ -0.055151, 43.049522 ], [ -0.044733, 43.046361 ], [ -0.040201, 43.045866 ], [ -0.049722, 43.034885 ], [ -0.053029, 43.032727 ], [ -0.054085, 43.030195 ], [ -0.058618, 43.030162 ] ] ] ] } },
{ "type": "Feature", "properties": { "codgeo": "65202", "libgeo": "Gez", "dept": "65" }, "geometry": { "type": "MultiPolygon", "coordinates": [ [ [ [ -0.152332, 43.015502 ], [ -0.139355, 43.016716 ], [ -0.114129, 43.017263 ], [ -0.109001, 43.019196 ], [ -0.107916, 43.020455 ], [ -0.102644, 43.019361 ], [ -0.100865, 43.01819 ], [ -0.100702, 43.016993 ], [ -0.109524, 43.001239 ], [ -0.111109, 43.000089 ], [ -0.121469, 43.009327 ], [ -0.135422, 43.01019 ], [ -0.154301, 43.013625 ], [ -0.152332, 43.015502 ] ] ] ] } },
{ "type": "Feature", "properties": { "codgeo": "65203", "libgeo": "Gez-ez-Angles", "dept": "65" }, "geometry": { "type": "MultiPolygon", "coordinates": [ [ [ [ 0.013063, 43.087037 ], [ 0.021059, 43.094128 ], [ 0.028075, 43.09875 ], [ 0.033265, 43.094722 ], [ 0.035697, 43.085762 ], [ 0.032634, 43.086189 ], [ 0.030466, 43.082068 ], [ 0.019748, 43.079066 ], [ 0.015958, 43.08029 ], [ 0.014466, 43.081787 ], [ 0.013063, 43.087037 ] ] ] ] } },
{ "type": "Feature", "properties": { "codgeo": "65205", "libgeo": "Gouaux", "dept": "65" }, "geometry": { "type": "MultiPolygon", "coordinates": [ [ [ [ 0.355356, 42.861787 ], [ 0.356962, 42.868745 ], [ 0.358861, 42.872518 ], [ 0.370706, 42.873356 ], [ 0.371933, 42.869596 ], [ 0.374833, 42.865139 ], [ 0.390174, 42.854297 ], [ 0.389496, 42.842847 ], [ 0.38555, 42.840342 ], [ 0.38426, 42.838474 ], [ 0.382098, 42.839207 ], [ 0.369606, 42.848056 ], [ 0.362881, 42.854263 ], [ 0.358619, 42.855675 ], [ 0.355356, 42.861787 ] ] ] ] } },
{ "type": "Feature", "properties": { "codgeo": "65207", "libgeo": "Gourgue", "dept": "65" }, "geometry": { "type": "MultiPolygon", "coordinates": [ [ [ [ 0.258225, 43.133863 ], [ 0.26318, 43.144185 ], [ 0.26897, 43.144697 ], [ 0.272738, 43.14146 ], [ 0.281994, 43.13698 ], [ 0.265358, 43.133549 ], [ 0.261256, 43.131258 ], [ 0.258421, 43.131567 ], [ 0.258225, 43.133863 ] ] ] ] } },
{ "type": "Feature", "properties": { "codgeo": "65208", "libgeo": "Grailhen", "dept": "65" }, "geometry": { "type": "MultiPolygon", "coordinates": [ [ [ [ 0.377299, 42.811527 ], [ 0.367004, 42.814231 ], [ 0.363332, 42.81817 ], [ 0.366689, 42.831376 ], [ 0.365551, 42.836127 ], [ 0.367104, 42.837503 ], [ 0.358472, 42.846895 ], [ 0.359514, 42.850227 ], [ 0.358619, 42.855675 ], [ 0.362881, 42.854263 ], [ 0.369606, 42.848056 ], [ 0.382098, 42.839207 ], [ 0.38426, 42.838474 ], [ 0.383119, 42.837555 ], [ 0.384922, 42.826742 ], [ 0.384303, 42.822932 ], [ 0.377299, 42.811527 ] ] ] ] } },
{ "type": "Feature", "properties": { "codgeo": "65209", "libgeo": "Grézian", "dept": "65" }, "geometry": { "type": "MultiPolygon", "coordinates": [ [ [ [ 0.345017, 42.869071 ], [ 0.349308, 42.875378 ], [ 0.34825, 42.880928 ], [ 0.349671, 42.882711 ], [ 0.358204, 42.881374 ], [ 0.361136, 42.87778 ], [ 0.360329, 42.872455 ], [ 0.358861, 42.872518 ], [ 0.356962, 42.868745 ], [ 0.355356, 42.861787 ], [ 0.34745, 42.864495 ], [ 0.345017, 42.869071 ] ] ] ] } },
{ "type": "Feature", "properties": { "codgeo": "65210", "libgeo": "Grust", "dept": "65" }, "geometry": { "type": "MultiPolygon", "coordinates": [ [ [ [ -0.070114, 42.911358 ], [ -0.051282, 42.903189 ], [ -0.038197, 42.902707 ], [ -0.032209, 42.896638 ], [ -0.027923, 42.889845 ], [ -0.031016, 42.887439 ], [ -0.041971, 42.888357 ], [ -0.048517, 42.887109 ], [ -0.056097, 42.882511 ], [ -0.060453, 42.877956 ], [ -0.074371, 42.869325 ], [ -0.080276, 42.866974 ], [ -0.082183, 42.872765 ], [ -0.080633, 42.877519 ], [ -0.075804, 42.885007 ], [ -0.073824, 42.892508 ], [ -0.072421, 42.902678 ], [ -0.074725, 42.905589 ], [ -0.070114, 42.911358 ] ] ] ] } },
{ "type": "Feature", "properties": { "codgeo": "65211", "libgeo": "Guchan", "dept": "65" }, "geometry": { "type": "MultiPolygon", "coordinates": [ [ [ [ 0.327308, 42.853158 ], [ 0.341056, 42.853081 ], [ 0.341358, 42.852339 ], [ 0.35644, 42.854737 ], [ 0.358619, 42.855675 ], [ 0.359514, 42.850227 ], [ 0.358472, 42.846895 ], [ 0.367104, 42.837503 ], [ 0.365551, 42.836127 ], [ 0.360262, 42.842965 ], [ 0.352977, 42.842839 ], [ 0.346999, 42.836504 ], [ 0.341889, 42.841937 ], [ 0.340243, 42.84253 ], [ 0.340361, 42.84731 ], [ 0.325605, 42.851721 ], [ 0.327308, 42.853158 ] ] ] ] } },
{ "type": "Feature", "properties": { "codgeo": "65212", "libgeo": "Guchen", "dept": "65" }, "geometry": { "type": "MultiPolygon", "coordinates": [ [ [ [ 0.307154, 42.841493 ], [ 0.306017, 42.842295 ], [ 0.305376, 42.847714 ], [ 0.308279, 42.852659 ], [ 0.310565, 42.854786 ], [ 0.309172, 42.859123 ], [ 0.30615, 42.862031 ], [ 0.316812, 42.866938 ], [ 0.335071, 42.866966 ], [ 0.345017, 42.869071 ], [ 0.34745, 42.864495 ], [ 0.345162, 42.862764 ], [ 0.329676, 42.857061 ], [ 0.323846, 42.848884 ], [ 0.31694, 42.845201 ], [ 0.308621, 42.842899 ], [ 0.307154, 42.841493 ] ] ] ] } },
{ "type": "Feature", "properties": { "codgeo": "65216", "libgeo": "Hauban", "dept": "65" }, "geometry": { "type": "MultiPolygon", "coordinates": [ [ [ [ 0.156381, 43.090135 ], [ 0.155249, 43.094682 ], [ 0.158491, 43.108953 ], [ 0.160293, 43.111506 ], [ 0.17385, 43.103747 ], [ 0.167724, 43.09141 ], [ 0.167275, 43.088086 ], [ 0.164922, 43.087293 ], [ 0.161306, 43.08734 ], [ 0.159832, 43.088686 ], [ 0.159913, 43.08978 ], [ 0.156381, 43.090135 ] ] ] ] } },
{ "type": "Feature", "properties": { "codgeo": "65217", "libgeo": "Hautaget", "dept": "65" }, "geometry": { "type": "MultiPolygon", "coordinates": [ [ [ [ 0.449544, 43.05309 ], [ 0.450982, 43.053849 ], [ 0.451725, 43.056599 ], [ 0.450818, 43.060118 ], [ 0.451651, 43.062645 ], [ 0.455227, 43.06664 ], [ 0.46411, 43.06486 ], [ 0.460245, 43.058154 ], [ 0.464158, 43.052536 ], [ 0.449951, 43.05107 ], [ 0.449544, 43.05309 ] ] ] ] } },
{ "type": "Feature", "properties": { "codgeo": "65218", "libgeo": "Hèches", "dept": "65" }, "geometry": { "type": "MultiPolygon", "coordinates": [ [ [ [ 0.423263, 42.986133 ], [ 0.403411, 42.985741 ], [ 0.398635, 42.98764 ], [ 0.382326, 42.989338 ], [ 0.374403, 42.987617 ], [ 0.362461, 42.983539 ], [ 0.351648, 42.975625 ], [ 0.350292, 42.971442 ], [ 0.340456, 42.97151 ], [ 0.332963, 42.972529 ], [ 0.32987, 42.971393 ], [ 0.327953, 42.971995 ], [ 0.3222, 42.96991 ], [ 0.319447, 42.969948 ], [ 0.31181, 42.974494 ], [ 0.336327, 43.010001 ], [ 0.342679, 43.016465 ], [ 0.361817, 43.021863 ], [ 0.368512, 43.02565 ], [ 0.37897, 43.026165 ], [ 0.385159, 43.024868 ], [ 0.396333, 43.019714 ], [ 0.398037, 43.019638 ], [ 0.402845, 43.015043 ], [ 0.40978, 43.014935 ], [ 0.435978, 43.020021 ], [ 0.440056, 43.017793 ], [ 0.440773, 43.016459 ], [ 0.440668, 43.006276 ], [ 0.437471, 43.004421 ], [ 0.42852, 43.004092 ], [ 0.42471, 43.002676 ], [ 0.418209, 42.998651 ], [ 0.423263, 42.986133 ] ] ] ] } },
{ "type": "Feature", "properties": { "codgeo": "65222", "libgeo": "Hitte", "dept": "65" }, "geometry": { "type": "MultiPolygon", "coordinates": [ [ [ [ 0.154465, 43.151785 ], [ 0.155799, 43.160244 ], [ 0.159989, 43.165569 ], [ 0.163761, 43.167901 ], [ 0.1671, 43.163352 ], [ 0.165105, 43.157028 ], [ 0.16579, 43.155266 ], [ 0.173621, 43.147407 ], [ 0.172675, 43.141373 ], [ 0.166356, 43.141468 ], [ 0.155005, 43.143454 ], [ 0.155119, 43.14713 ], [ 0.156432, 43.148111 ], [ 0.154465, 43.151785 ] ] ] ] } },
{ "type": "Feature", "properties": { "codgeo": "65224", "libgeo": "Houeydets", "dept": "65" }, "geometry": { "type": "MultiPolygon", "coordinates": [ [ [ [ 0.360041, 43.137679 ], [ 0.34763, 43.140395 ], [ 0.339019, 43.141143 ], [ 0.339708, 43.141758 ], [ 0.339511, 43.1481 ], [ 0.337258, 43.158396 ], [ 0.33757, 43.161146 ], [ 0.340537, 43.16778 ], [ 0.362654, 43.167847 ], [ 0.373836, 43.165932 ], [ 0.364861, 43.147791 ], [ 0.363552, 43.142465 ], [ 0.360041, 43.137679 ] ] ] ] } },
{ "type": "Feature", "properties": { "codgeo": "65228", "libgeo": "Ilhet", "dept": "65" }, "geometry": { "type": "MultiPolygon", "coordinates": [ [ [ [ 0.402627, 42.945264 ], [ 0.389847, 42.942291 ], [ 0.382697, 42.945773 ], [ 0.377179, 42.95261 ], [ 0.382459, 42.966158 ], [ 0.380943, 42.973861 ], [ 0.381648, 42.978066 ], [ 0.383661, 42.983759 ], [ 0.386961, 42.986448 ], [ 0.3924, 42.98541 ], [ 0.396269, 42.983183 ], [ 0.410265, 42.969367 ], [ 0.420859, 42.965987 ], [ 0.427215, 42.962158 ], [ 0.428152, 42.953801 ], [ 0.425777, 42.953488 ], [ 0.406099, 42.96135 ], [ 0.39045, 42.963599 ], [ 0.384084, 42.963488 ], [ 0.382922, 42.960058 ], [ 0.386874, 42.958627 ], [ 0.394769, 42.953406 ], [ 0.402627, 42.945264 ] ] ] ] } },
{ "type": "Feature", "properties": { "codgeo": "65229", "libgeo": "Ilheu", "dept": "65" }, "geometry": { "type": "MultiPolygon", "coordinates": [ [ [ [ 0.585932, 42.997188 ], [ 0.592189, 43.001269 ], [ 0.59707, 43.002156 ], [ 0.607866, 43.002233 ], [ 0.609716, 43.003835 ], [ 0.609036, 42.997526 ], [ 0.610947, 42.988454 ], [ 0.588735, 42.994454 ], [ 0.58783, 42.996405 ], [ 0.585932, 42.997188 ] ] ] ] } },
{ "type": "Feature", "properties": { "codgeo": "65230", "libgeo": "Izaourt", "dept": "65" }, "geometry": { "type": "MultiPolygon", "coordinates": [ [ [ [ 0.587611, 43.012765 ], [ 0.591507, 43.016858 ], [ 0.592534, 43.02595 ], [ 0.593996, 43.025954 ], [ 0.600514, 43.021324 ], [ 0.610083, 43.017464 ], [ 0.616512, 43.020673 ], [ 0.615253, 43.010227 ], [ 0.612026, 43.010935 ], [ 0.608483, 43.008227 ], [ 0.599078, 43.011138 ], [ 0.595921, 43.00983 ], [ 0.588051, 43.010564 ], [ 0.587372, 43.010733 ], [ 0.587611, 43.012765 ] ] ] ] } },
{ "type": "Feature", "properties": { "codgeo": "65231", "libgeo": "Izaux", "dept": "65" }, "geometry": { "type": "MultiPolygon", "coordinates": [ [ [ [ 0.391406, 43.04647 ], [ 0.37325, 43.049747 ], [ 0.362174, 43.049493 ], [ 0.359277, 43.067136 ], [ 0.372995, 43.067145 ], [ 0.377208, 43.068458 ], [ 0.382821, 43.068101 ], [ 0.387857, 43.065341 ], [ 0.3926, 43.060643 ], [ 0.395134, 43.054524 ], [ 0.391258, 43.051968 ], [ 0.391406, 43.04647 ] ] ] ] } },
{ "type": "Feature", "properties": { "codgeo": "65233", "libgeo": "Jarret", "dept": "65" }, "geometry": { "type": "MultiPolygon", "coordinates": [ [ [ [ -0.011595, 43.087982 ], [ -0.005458, 43.079036 ], [ -0.00754, 43.063555 ], [ -0.006438, 43.060708 ], [ -0.029217, 43.06829 ], [ -0.0315, 43.067971 ], [ -0.026239, 43.079678 ], [ -0.019641, 43.089322 ], [ -0.015952, 43.090295 ], [ -0.011595, 43.087982 ] ] ] ] } },
{ "type": "Feature", "properties": { "codgeo": "65234", "libgeo": "Jézeau", "dept": "65" }, "geometry": { "type": "MultiPolygon", "coordinates": [ [ [ [ 0.447814, 42.922579 ], [ 0.458084, 42.910795 ], [ 0.457528, 42.909117 ], [ 0.450385, 42.907229 ], [ 0.44857, 42.904447 ], [ 0.443478, 42.902785 ], [ 0.435382, 42.90541 ], [ 0.43332, 42.907536 ], [ 0.432739, 42.909516 ], [ 0.428565, 42.912086 ], [ 0.417264, 42.91265 ], [ 0.404201, 42.909974 ], [ 0.39819, 42.907203 ], [ 0.392607, 42.901419 ], [ 0.385398, 42.89589 ], [ 0.383716, 42.893255 ], [ 0.380728, 42.894871 ], [ 0.379251, 42.894844 ], [ 0.373527, 42.891851 ], [ 0.372205, 42.895392 ], [ 0.369107, 42.897592 ], [ 0.367076, 42.902502 ], [ 0.371075, 42.910072 ], [ 0.372681, 42.916243 ], [ 0.371683, 42.91866 ], [ 0.375358, 42.918763 ], [ 0.383292, 42.921334 ], [ 0.402014, 42.918288 ], [ 0.403289, 42.922195 ], [ 0.408475, 42.920597 ], [ 0.418843, 42.919317 ], [ 0.43437, 42.920393 ], [ 0.447814, 42.922579 ] ] ] ] } },
{ "type": "Feature", "properties": { "codgeo": "65236", "libgeo": "Julos", "dept": "65" }, "geometry": { "type": "MultiPolygon", "coordinates": [ [ [ [ 0.015707, 43.128792 ], [ 0.017367, 43.125478 ], [ 0.020585, 43.124187 ], [ 0.021667, 43.120843 ], [ 0.019831, 43.114469 ], [ 0.004419, 43.116305 ], [ 0.002847, 43.115353 ], [ 0.002067, 43.110157 ], [ 0.00022, 43.109259 ], [ -0.005701, 43.108674 ], [ -0.008354, 43.109745 ], [ -0.018057, 43.108569 ], [ -0.019928, 43.109888 ], [ -0.024963, 43.124247 ], [ -0.010659, 43.124664 ], [ -0.008686, 43.126536 ], [ -0.003643, 43.127939 ], [ 0.011163, 43.12849 ], [ 0.01493, 43.13037 ], [ 0.017972, 43.130954 ], [ 0.018062, 43.130138 ], [ 0.015707, 43.128792 ] ] ] ] } },
{ "type": "Feature", "properties": { "codgeo": "65237", "libgeo": "Juncalas", "dept": "65" }, "geometry": { "type": "MultiPolygon", "coordinates": [ [ [ [ -0.017623, 43.056077 ], [ -0.006642, 43.057638 ], [ -0.004589, 43.060705 ], [ 0.013733, 43.059321 ], [ 0.016546, 43.054874 ], [ 0.010761, 43.051244 ], [ 0.009075, 43.050944 ], [ 0.003423, 43.03964 ], [ -0.001637, 43.036496 ], [ -0.002564, 43.037023 ], [ -0.000351, 43.038112 ], [ -0.001036, 43.041495 ], [ -0.004545, 43.048163 ], [ -0.017623, 43.056077 ] ] ] ] } },
{ "type": "Feature", "properties": { "codgeo": "65238", "libgeo": "Labassère", "dept": "65" }, "geometry": { "type": "MultiPolygon", "coordinates": [ [ [ [ 0.069013, 43.045485 ], [ 0.070327, 43.050933 ], [ 0.076167, 43.061981 ], [ 0.074602, 43.067187 ], [ 0.077676, 43.073143 ], [ 0.080267, 43.074858 ], [ 0.084203, 43.079312 ], [ 0.087662, 43.081862 ], [ 0.089853, 43.078835 ], [ 0.092139, 43.077652 ], [ 0.095649, 43.077689 ], [ 0.097549, 43.079316 ], [ 0.103254, 43.080392 ], [ 0.109371, 43.079933 ], [ 0.110168, 43.077642 ], [ 0.109253, 43.070543 ], [ 0.105249, 43.067932 ], [ 0.106735, 43.064062 ], [ 0.111336, 43.060649 ], [ 0.104812, 43.057657 ], [ 0.103633, 43.055789 ], [ 0.103482, 43.047527 ], [ 0.097088, 43.045426 ], [ 0.088403, 43.044091 ], [ 0.069013, 43.045485 ] ] ] ] } },
{ "type": "Feature", "properties": { "codgeo": "65239", "libgeo": "Labastide", "dept": "65" }, "geometry": { "type": "MultiPolygon", "coordinates": [ [ [ [ 0.368512, 43.02565 ], [ 0.367367, 43.02509 ], [ 0.363647, 43.026052 ], [ 0.355904, 43.024566 ], [ 0.350065, 43.024632 ], [ 0.342694, 43.026151 ], [ 0.340387, 43.02755 ], [ 0.333065, 43.035476 ], [ 0.335134, 43.041784 ], [ 0.35493, 43.049198 ], [ 0.362174, 43.049493 ], [ 0.365603, 43.033575 ], [ 0.368512, 43.02565 ] ] ] ] } },
{ "type": "Feature", "properties": { "codgeo": "65241", "libgeo": "Laborde", "dept": "65" }, "geometry": { "type": "MultiPolygon", "coordinates": [ [ [ [ 0.285957, 43.035916 ], [ 0.288603, 43.042084 ], [ 0.295608, 43.039322 ], [ 0.303235, 43.039196 ], [ 0.304972, 43.03389 ], [ 0.304014, 43.027739 ], [ 0.289417, 43.026977 ], [ 0.286715, 43.035707 ], [ 0.285957, 43.035916 ] ] ] ] } },
{ "type": "Feature", "properties": { "codgeo": "65245", "libgeo": "Lagrange", "dept": "65" }, "geometry": { "type": "MultiPolygon", "coordinates": [ [ [ [ 0.359731, 43.113019 ], [ 0.349771, 43.118751 ], [ 0.337833, 43.127837 ], [ 0.336691, 43.132119 ], [ 0.339019, 43.141143 ], [ 0.34763, 43.140395 ], [ 0.360041, 43.137679 ], [ 0.358569, 43.136768 ], [ 0.356477, 43.130781 ], [ 0.355272, 43.121394 ], [ 0.359731, 43.113019 ] ] ] ] } },
{ "type": "Feature", "properties": { "codgeo": "65247", "libgeo": "Arrayou-Lahitte", "dept": "65" }, "geometry": { "type": "MultiPolygon", "coordinates": [ [ [ [ 0.057322, 43.092113 ], [ 0.05613, 43.087957 ], [ 0.048359, 43.073358 ], [ 0.047241, 43.075365 ], [ 0.035697, 43.085762 ], [ 0.033265, 43.094722 ], [ 0.030088, 43.097801 ], [ 0.041126, 43.104062 ], [ 0.044176, 43.110663 ], [ 0.04914, 43.10941 ], [ 0.053176, 43.109672 ], [ 0.053813, 43.106764 ], [ 0.051927, 43.103972 ], [ 0.051853, 43.099858 ], [ 0.057322, 43.092113 ] ] ] ] } },
{ "type": "Feature", "properties": { "codgeo": "65255", "libgeo": "Lançon", "dept": "65" }, "geometry": { "type": "MultiPolygon", "coordinates": [ [ [ [ 0.363088, 42.892893 ], [ 0.365143, 42.892114 ], [ 0.367044, 42.890127 ], [ 0.369976, 42.890136 ], [ 0.370335, 42.888561 ], [ 0.381608, 42.880789 ], [ 0.38208, 42.879495 ], [ 0.380237, 42.879776 ], [ 0.373862, 42.874313 ], [ 0.370706, 42.873356 ], [ 0.360329, 42.872455 ], [ 0.361136, 42.87778 ], [ 0.358204, 42.881374 ], [ 0.354638, 42.882026 ], [ 0.363088, 42.892893 ] ] ] ] } },
{ "type": "Feature", "properties": { "codgeo": "65256", "libgeo": "Lanespède", "dept": "65" }, "geometry": { "type": "MultiPolygon", "coordinates": [ [ [ [ 0.291112, 43.165479 ], [ 0.27588, 43.160243 ], [ 0.275268, 43.159246 ], [ 0.278797, 43.154369 ], [ 0.271214, 43.153942 ], [ 0.257039, 43.158959 ], [ 0.259374, 43.171444 ], [ 0.261109, 43.173848 ], [ 0.268217, 43.177066 ], [ 0.272366, 43.177552 ], [ 0.281949, 43.173996 ], [ 0.290285, 43.172611 ], [ 0.291112, 43.165479 ] ] ] ] } },
{ "type": "Feature", "properties": { "codgeo": "65258", "libgeo": "Lannemezan", "dept": "65" }, "geometry": { "type": "MultiPolygon", "coordinates": [ [ [ [ 0.422144, 43.102792 ], [ 0.393667, 43.09285 ], [ 0.378028, 43.089079 ], [ 0.37223, 43.089761 ], [ 0.36637, 43.093171 ], [ 0.365963, 43.098045 ], [ 0.36807, 43.100225 ], [ 0.373798, 43.118473 ], [ 0.376445, 43.122959 ], [ 0.382968, 43.145101 ], [ 0.387544, 43.156871 ], [ 0.395938, 43.161633 ], [ 0.398231, 43.144822 ], [ 0.405292, 43.134524 ], [ 0.404158, 43.125331 ], [ 0.41248, 43.122709 ], [ 0.413633, 43.124638 ], [ 0.427675, 43.118612 ], [ 0.422398, 43.113519 ], [ 0.421311, 43.108631 ], [ 0.422144, 43.102792 ] ] ] ] } },
{ "type": "Feature", "properties": { "codgeo": "65267", "libgeo": "Lau-Balagnas", "dept": "65" }, "geometry": { "type": "MultiPolygon", "coordinates": [ [ [ [ -0.080362, 43.000675 ], [ -0.07622, 42.98507 ], [ -0.085605, 42.982782 ], [ -0.090297, 42.984309 ], [ -0.095496, 42.989549 ], [ -0.097076, 42.989402 ], [ -0.098301, 42.992722 ], [ -0.107324, 42.998228 ], [ -0.10523, 42.999595 ], [ -0.095045, 42.998663 ], [ -0.081574, 43.001814 ], [ -0.080362, 43.000675 ] ] ] ] } },
{ "type": "Feature", "properties": { "codgeo": "65268", "libgeo": "Layrisse", "dept": "65" }, "geometry": { "type": "MultiPolygon", "coordinates": [ [ [ [ 0.035179, 43.137786 ], [ 0.033154, 43.138289 ], [ 0.03136, 43.141581 ], [ 0.031443, 43.142573 ], [ 0.033746, 43.144075 ], [ 0.046, 43.148408 ], [ 0.057057, 43.148887 ], [ 0.058761, 43.137503 ], [ 0.064314, 43.134249 ], [ 0.067825, 43.130945 ], [ 0.066877, 43.127122 ], [ 0.057536, 43.12672 ], [ 0.052865, 43.131246 ], [ 0.037108, 43.135625 ], [ 0.035179, 43.137786 ] ] ] ] } },
{ "type": "Feature", "properties": { "codgeo": "65271", "libgeo": "Lézignan", "dept": "65" }, "geometry": { "type": "MultiPolygon", "coordinates": [ [ [ [ -0.015952, 43.090295 ], [ -0.01497, 43.096983 ], [ -0.016684, 43.100674 ], [ -0.016216, 43.105888 ], [ -0.018057, 43.108569 ], [ -0.008354, 43.109745 ], [ -0.005701, 43.108674 ], [ -0.006808, 43.107319 ], [ -0.003296, 43.102223 ], [ 0.006978, 43.101137 ], [ 0.004567, 43.092936 ], [ -0.003251, 43.093076 ], [ -0.015952, 43.090295 ] ] ] ] } },
{ "type": "Feature", "properties": { "codgeo": "65275", "libgeo": "Lies", "dept": "65" }, "geometry": { "type": "MultiPolygon", "coordinates": [ [ [ [ 0.211024, 43.070999 ], [ 0.220681, 43.064532 ], [ 0.219189, 43.060942 ], [ 0.215384, 43.060918 ], [ 0.20999, 43.053279 ], [ 0.205922, 43.052499 ], [ 0.202842, 43.048649 ], [ 0.202947, 43.047497 ], [ 0.198307, 43.052706 ], [ 0.1927, 43.062771 ], [ 0.193171, 43.064348 ], [ 0.191898, 43.068013 ], [ 0.200375, 43.070375 ], [ 0.203204, 43.073747 ], [ 0.204291, 43.072511 ], [ 0.211024, 43.070999 ] ] ] ] } },
{ "type": "Feature", "properties": { "codgeo": "65277", "libgeo": "Lombrès", "dept": "65" }, "geometry": { "type": "MultiPolygon", "coordinates": [ [ [ [ 0.509988, 43.040649 ], [ 0.508817, 43.040554 ], [ 0.506926, 43.042667 ], [ 0.502318, 43.054021 ], [ 0.503861, 43.056661 ], [ 0.509078, 43.060222 ], [ 0.512487, 43.061314 ], [ 0.516999, 43.060335 ], [ 0.517505, 43.058565 ], [ 0.51467, 43.057648 ], [ 0.514344, 43.056594 ], [ 0.519799, 43.050058 ], [ 0.509816, 43.049865 ], [ 0.509988, 43.040649 ] ] ] ] } },
{ "type": "Feature", "properties": { "codgeo": "65278", "libgeo": "Lomné", "dept": "65" }, "geometry": { "type": "MultiPolygon", "coordinates": [ [ [ [ 0.288603, 43.042084 ], [ 0.294058, 43.051748 ], [ 0.293284, 43.053182 ], [ 0.310406, 43.054965 ], [ 0.316743, 43.047403 ], [ 0.310651, 43.03912 ], [ 0.295608, 43.039322 ], [ 0.288603, 43.042084 ] ] ] ] } },
{ "type": "Feature", "properties": { "codgeo": "65279", "libgeo": "Lortet", "dept": "65" }, "geometry": { "type": "MultiPolygon", "coordinates": [ [ [ [ 0.391406, 43.04647 ], [ 0.387292, 43.041755 ], [ 0.38415, 43.040843 ], [ 0.380671, 43.036558 ], [ 0.378799, 43.031638 ], [ 0.37897, 43.026165 ], [ 0.368512, 43.02565 ], [ 0.365603, 43.033575 ], [ 0.362174, 43.049493 ], [ 0.37325, 43.049747 ], [ 0.391406, 43.04647 ] ] ] ] } },
{ "type": "Feature", "properties": { "codgeo": "65280", "libgeo": "Loubajac", "dept": "65" }, "geometry": { "type": "MultiPolygon", "coordinates": [ [ [ [ -0.111446, 43.139665 ], [ -0.099751, 43.141449 ], [ -0.079392, 43.147758 ], [ -0.076348, 43.157709 ], [ -0.065403, 43.145276 ], [ -0.062447, 43.129604 ], [ -0.080044, 43.130763 ], [ -0.090231, 43.128217 ], [ -0.096461, 43.128152 ], [ -0.111446, 43.139665 ] ] ] ] } },
{ "type": "Feature", "properties": { "codgeo": "65281", "libgeo": "Loucrup", "dept": "65" }, "geometry": { "type": "MultiPolygon", "coordinates": [ [ [ [ 0.055655, 43.111338 ], [ 0.05793, 43.112101 ], [ 0.060052, 43.114175 ], [ 0.056884, 43.126111 ], [ 0.057536, 43.12672 ], [ 0.066877, 43.127122 ], [ 0.074553, 43.124966 ], [ 0.077657, 43.125823 ], [ 0.078507, 43.125247 ], [ 0.083305, 43.125427 ], [ 0.083874, 43.117703 ], [ 0.081973, 43.112326 ], [ 0.080171, 43.111634 ], [ 0.080423, 43.109535 ], [ 0.083052, 43.107964 ], [ 0.081053, 43.107547 ], [ 0.059221, 43.110036 ], [ 0.055655, 43.111338 ] ] ] ] } },
{ "type": "Feature", "properties": { "codgeo": "65282", "libgeo": "Loudenvielle", "dept": "65" }, "geometry": { "type": "MultiPolygon", "coordinates": [ [ [ [ 0.409265, 42.813662 ], [ 0.410636, 42.815775 ], [ 0.409898, 42.817486 ], [ 0.41405, 42.817599 ], [ 0.418254, 42.815883 ], [ 0.419614, 42.812922 ], [ 0.417972, 42.809311 ], [ 0.412564, 42.808686 ], [ 0.418107, 42.801165 ], [ 0.417645, 42.794535 ], [ 0.419611, 42.782684 ], [ 0.419676, 42.772045 ], [ 0.43243, 42.76562 ], [ 0.461509, 42.745978 ], [ 0.462715, 42.744254 ], [ 0.462695, 42.739214 ], [ 0.460862, 42.737115 ], [ 0.458183, 42.734813 ], [ 0.455885, 42.734389 ], [ 0.450052, 42.735218 ], [ 0.449049, 42.733852 ], [ 0.455099, 42.728057 ], [ 0.484584, 42.710275 ], [ 0.482881, 42.705953 ], [ 0.477757, 42.699979 ], [ 0.472288, 42.699914 ], [ 0.459713, 42.692974 ], [ 0.427932, 42.690416 ], [ 0.401873, 42.696105 ], [ 0.398098, 42.698601 ], [ 0.39361, 42.706209 ], [ 0.393748, 42.710495 ], [ 0.392786, 42.71325 ], [ 0.402687, 42.724864 ], [ 0.40656, 42.733688 ], [ 0.41044, 42.738 ], [ 0.41136, 42.761208 ], [ 0.410404, 42.770981 ], [ 0.405819, 42.780018 ], [ 0.40079, 42.793644 ], [ 0.405737, 42.796783 ], [ 0.409313, 42.806594 ], [ 0.409265, 42.813662 ] ] ] ] } },
{ "type": "Feature", "properties": { "codgeo": "65283", "libgeo": "Loudervielle", "dept": "65" }, "geometry": { "type": "MultiPolygon", "coordinates": [ [ [ [ 0.461984, 42.789301 ], [ 0.447386, 42.793422 ], [ 0.432874, 42.796543 ], [ 0.418107, 42.801165 ], [ 0.412564, 42.808686 ], [ 0.417972, 42.809311 ], [ 0.419614, 42.812922 ], [ 0.418254, 42.815883 ], [ 0.421191, 42.816566 ], [ 0.42158, 42.818998 ], [ 0.426416, 42.809418 ], [ 0.429503, 42.805995 ], [ 0.463545, 42.804497 ], [ 0.461733, 42.797897 ], [ 0.463153, 42.789983 ], [ 0.461984, 42.789301 ] ] ] ] } },
{ "type": "Feature", "properties": { "codgeo": "65286", "libgeo": "Lourdes", "dept": "65" }, "geometry": { "type": "MultiPolygon", "coordinates": [ [ [ [ -0.045098, 43.081755 ], [ -0.051511, 43.08252 ], [ -0.058371, 43.082381 ], [ -0.064229, 43.083577 ], [ -0.06783, 43.086448 ], [ -0.069997, 43.090455 ], [ -0.077569, 43.094378 ], [ -0.089724, 43.089123 ], [ -0.109403, 43.084456 ], [ -0.117874, 43.087945 ], [ -0.128157, 43.09762 ], [ -0.128327, 43.098807 ], [ -0.123556, 43.101262 ], [ -0.115412, 43.103222 ], [ -0.104075, 43.101958 ], [ -0.094733, 43.099296 ], [ -0.09695, 43.105797 ], [ -0.10297, 43.11171 ], [ -0.095868, 43.11281 ], [ -0.077719, 43.107971 ], [ -0.070004, 43.109495 ], [ -0.061766, 43.116266 ], [ -0.055287, 43.111937 ], [ -0.044349, 43.112809 ], [ -0.038786, 43.118799 ], [ -0.038017, 43.123129 ], [ -0.038972, 43.127316 ], [ -0.031333, 43.128538 ], [ -0.027544, 43.127967 ], [ -0.024963, 43.124247 ], [ -0.019928, 43.109888 ], [ -0.016216, 43.105888 ], [ -0.016684, 43.100674 ], [ -0.01497, 43.096983 ], [ -0.015952, 43.090295 ], [ -0.019641, 43.089322 ], [ -0.021902, 43.086797 ], [ -0.026239, 43.079678 ], [ -0.0315, 43.067971 ], [ -0.032392, 43.069064 ], [ -0.034541, 43.068474 ], [ -0.03561, 43.066128 ], [ -0.036991, 43.067582 ], [ -0.041044, 43.068544 ], [ -0.04229, 43.069858 ], [ -0.040924, 43.074483 ], [ -0.042566, 43.080668 ], [ -0.045098, 43.081755 ] ] ], [ [ [ -0.115226, 43.145202 ], [ -0.110903, 43.141383 ], [ -0.111446, 43.139665 ], [ -0.098021, 43.12919 ], [ -0.100937, 43.126955 ], [ -0.098024, 43.121693 ], [ -0.098606, 43.11717 ], [ -0.10035, 43.114967 ], [ -0.101013, 43.116592 ], [ -0.108975, 43.118432 ], [ -0.122194, 43.116454 ], [ -0.130332, 43.11727 ], [ -0.141955, 43.121302 ], [ -0.146621, 43.128091 ], [ -0.142791, 43.133012 ], [ -0.13853, 43.149205 ], [ -0.134751, 43.151809 ], [ -0.133688, 43.150886 ], [ -0.120565, 43.146287 ], [ -0.115226, 43.145202 ] ] ] ] } },
{ "type": "Feature", "properties": { "codgeo": "65287", "libgeo": "Loures-Barousse", "dept": "65" }, "geometry": { "type": "MultiPolygon", "coordinates": [ [ [ [ 0.592534, 43.02595 ], [ 0.591551, 43.027582 ], [ 0.593222, 43.035469 ], [ 0.600437, 43.034209 ], [ 0.606588, 43.034674 ], [ 0.608154, 43.034108 ], [ 0.61323, 43.024458 ], [ 0.616512, 43.020673 ], [ 0.610083, 43.017464 ], [ 0.600514, 43.021324 ], [ 0.593996, 43.025954 ], [ 0.592534, 43.02595 ] ] ] ] } },
{ "type": "Feature", "properties": { "codgeo": "65290", "libgeo": "Luc", "dept": "65" }, "geometry": { "type": "MultiPolygon", "coordinates": [ [ [ [ 0.197403, 43.149984 ], [ 0.197778, 43.142654 ], [ 0.192534, 43.134338 ], [ 0.172675, 43.141373 ], [ 0.173621, 43.147407 ], [ 0.16579, 43.155266 ], [ 0.165105, 43.157028 ], [ 0.1671, 43.163352 ], [ 0.183058, 43.160562 ], [ 0.1862, 43.155846 ], [ 0.197403, 43.149984 ] ] ] ] } },
{ "type": "Feature", "properties": { "codgeo": "65291", "libgeo": "Lugagnan", "dept": "65" }, "geometry": { "type": "MultiPolygon", "coordinates": [ [ [ [ -0.032719, 43.059578 ], [ -0.039727, 43.058029 ], [ -0.043464, 43.0605 ], [ -0.04243, 43.061965 ], [ -0.043224, 43.06612 ], [ -0.041044, 43.068544 ], [ -0.036991, 43.067582 ], [ -0.030749, 43.061092 ], [ -0.032719, 43.059578 ] ] ] ] } },
{ "type": "Feature", "properties": { "codgeo": "65294", "libgeo": "Lutilhous", "dept": "65" }, "geometry": { "type": "MultiPolygon", "coordinates": [ [ [ [ 0.310979, 43.139825 ], [ 0.314696, 43.141336 ], [ 0.321022, 43.141126 ], [ 0.323514, 43.141748 ], [ 0.323885, 43.142767 ], [ 0.333968, 43.141367 ], [ 0.339708, 43.141758 ], [ 0.336691, 43.132119 ], [ 0.337833, 43.127837 ], [ 0.33324, 43.122385 ], [ 0.330942, 43.121794 ], [ 0.327116, 43.122193 ], [ 0.316052, 43.129358 ], [ 0.31303, 43.13779 ], [ 0.310979, 43.139825 ] ] ] ] } },
{ "type": "Feature", "properties": { "codgeo": "65295", "libgeo": "Luz-Saint-Sauveur", "dept": "65" }, "geometry": { "type": "MultiPolygon", "coordinates": [ [ [ [ -0.064931, 42.794886 ], [ -0.071242, 42.801412 ], [ -0.071723, 42.806481 ], [ -0.064355, 42.818936 ], [ -0.062531, 42.820472 ], [ -0.059104, 42.819961 ], [ -0.050062, 42.821045 ], [ -0.036863, 42.824521 ], [ -0.026941, 42.833545 ], [ -0.019675, 42.837751 ], [ -0.011176, 42.84078 ], [ -0.010167, 42.842902 ], [ -0.010539, 42.849829 ], [ -0.015889, 42.868594 ], [ -0.012762, 42.870442 ], [ -0.012502, 42.871578 ], [ -0.012796, 42.872914 ], [ -0.015423, 42.875051 ], [ -0.014782, 42.877988 ], [ -0.011358, 42.87578 ], [ -0.003262, 42.87377 ], [ 0.000089, 42.874034 ], [ 0.010619, 42.868746 ], [ 0.013161, 42.866143 ], [ 0.015792, 42.861255 ], [ 0.029761, 42.860656 ], [ 0.039528, 42.85687 ], [ 0.04843, 42.855345 ], [ 0.066677, 42.847124 ], [ 0.075741, 42.839327 ], [ 0.079189, 42.834692 ], [ 0.088203, 42.830865 ], [ 0.092541, 42.830122 ], [ 0.099891, 42.831258 ], [ 0.107486, 42.827724 ], [ 0.105537, 42.809171 ], [ 0.103389, 42.804093 ], [ 0.100254, 42.800769 ], [ 0.09326, 42.800469 ], [ 0.089011, 42.801144 ], [ 0.087111, 42.815337 ], [ 0.084104, 42.822809 ], [ 0.079654, 42.828933 ], [ 0.077751, 42.828396 ], [ 0.068606, 42.822283 ], [ 0.064572, 42.820808 ], [ 0.039835, 42.815286 ], [ 0.037163, 42.81507 ], [ 0.028249, 42.816891 ], [ 0.011361, 42.822353 ], [ -0.007385, 42.819408 ], [ -0.026745, 42.805967 ], [ -0.031964, 42.806483 ], [ -0.044121, 42.803706 ], [ -0.052439, 42.799573 ], [ -0.064931, 42.794886 ] ] ] ] } },
{ "type": "Feature", "properties": { "codgeo": "65300", "libgeo": "Marsas", "dept": "65" }, "geometry": { "type": "MultiPolygon", "coordinates": [ [ [ [ 0.213117, 43.045372 ], [ 0.207266, 43.047962 ], [ 0.20724, 43.051885 ], [ 0.20999, 43.053279 ], [ 0.215384, 43.060918 ], [ 0.219189, 43.060942 ], [ 0.22455, 43.058784 ], [ 0.235803, 43.056008 ], [ 0.234162, 43.049903 ], [ 0.230017, 43.04831 ], [ 0.217379, 43.045004 ], [ 0.213117, 43.045372 ] ] ] ] } },
{ "type": "Feature", "properties": { "codgeo": "65305", "libgeo": "Mauléon-Barousse", "dept": "65" }, "geometry": { "type": "MultiPolygon", "coordinates": [ [ [ [ 0.579224, 42.964288 ], [ 0.57296, 42.956314 ], [ 0.574397, 42.952914 ], [ 0.587225, 42.94776 ], [ 0.605513, 42.934221 ], [ 0.604313, 42.931453 ], [ 0.600185, 42.928017 ], [ 0.599344, 42.929575 ], [ 0.571894, 42.944057 ], [ 0.559828, 42.952547 ], [ 0.563557, 42.958739 ], [ 0.560462, 42.964122 ], [ 0.556413, 42.968475 ], [ 0.561004, 42.970635 ], [ 0.573329, 42.964641 ], [ 0.579224, 42.964288 ] ] ] ] } },
{ "type": "Feature", "properties": { "codgeo": "65306", "libgeo": "Mauvezin", "dept": "65" }, "geometry": { "type": "MultiPolygon", "coordinates": [ [ [ [ 0.291821, 43.105917 ], [ 0.287497, 43.107778 ], [ 0.28676, 43.105951 ], [ 0.287854, 43.103814 ], [ 0.284486, 43.102241 ], [ 0.278415, 43.102702 ], [ 0.275662, 43.104572 ], [ 0.276744, 43.106772 ], [ 0.273443, 43.108063 ], [ 0.268837, 43.10744 ], [ 0.268149, 43.105545 ], [ 0.263385, 43.107008 ], [ 0.259738, 43.113586 ], [ 0.257633, 43.120769 ], [ 0.260808, 43.127301 ], [ 0.261256, 43.131258 ], [ 0.265358, 43.133549 ], [ 0.281994, 43.13698 ], [ 0.292885, 43.134484 ], [ 0.305079, 43.13334 ], [ 0.314861, 43.13383 ], [ 0.316052, 43.129358 ], [ 0.307219, 43.125567 ], [ 0.30251, 43.125837 ], [ 0.295262, 43.128974 ], [ 0.288428, 43.129611 ], [ 0.282524, 43.127822 ], [ 0.282647, 43.126516 ], [ 0.285608, 43.123719 ], [ 0.289161, 43.122024 ], [ 0.298429, 43.115058 ], [ 0.301822, 43.107903 ], [ 0.300265, 43.10691 ], [ 0.291821, 43.105917 ] ] ] ] } },
{ "type": "Feature", "properties": { "codgeo": "65307", "libgeo": "Mazères-de-Neste", "dept": "65" }, "geometry": { "type": "MultiPolygon", "coordinates": [ [ [ [ 0.540428, 43.065877 ], [ 0.536807, 43.067245 ], [ 0.52964, 43.068284 ], [ 0.527703, 43.069237 ], [ 0.524287, 43.073383 ], [ 0.52928, 43.072581 ], [ 0.533853, 43.073912 ], [ 0.535907, 43.074951 ], [ 0.536066, 43.0769 ], [ 0.534474, 43.079992 ], [ 0.531475, 43.082899 ], [ 0.522416, 43.092814 ], [ 0.532606, 43.093801 ], [ 0.530782, 43.089589 ], [ 0.531606, 43.082942 ], [ 0.546419, 43.081205 ], [ 0.554184, 43.079165 ], [ 0.55633, 43.077871 ], [ 0.553265, 43.074273 ], [ 0.564219, 43.07429 ], [ 0.561939, 43.072212 ], [ 0.556862, 43.072106 ], [ 0.544118, 43.066251 ], [ 0.540428, 43.065877 ] ] ] ] } },
{ "type": "Feature", "properties": { "codgeo": "65309", "libgeo": "Mazouau", "dept": "65" }, "geometry": { "type": "MultiPolygon", "coordinates": [ [ [ [ 0.400629, 43.017205 ], [ 0.398037, 43.019638 ], [ 0.398785, 43.019979 ], [ 0.395555, 43.032547 ], [ 0.404731, 43.036455 ], [ 0.409555, 43.033092 ], [ 0.400585, 43.018516 ], [ 0.400629, 43.017205 ] ] ] ] } },
{ "type": "Feature", "properties": { "codgeo": "65310", "libgeo": "Mérilheu", "dept": "65" }, "geometry": { "type": "MultiPolygon", "coordinates": [ [ [ [ 0.181512, 43.11321 ], [ 0.187265, 43.10594 ], [ 0.186712, 43.101636 ], [ 0.191033, 43.099879 ], [ 0.185127, 43.092147 ], [ 0.179991, 43.088111 ], [ 0.167724, 43.09141 ], [ 0.176871, 43.108291 ], [ 0.177018, 43.111859 ], [ 0.179206, 43.113816 ], [ 0.181512, 43.11321 ] ] ] ] } },
{ "type": "Feature", "properties": { "codgeo": "65317", "libgeo": "Mont", "dept": "65" }, "geometry": { "type": "MultiPolygon", "coordinates": [ [ [ [ 0.421441, 42.82381 ], [ 0.437174, 42.830615 ], [ 0.445256, 42.836929 ], [ 0.451196, 42.838096 ], [ 0.453473, 42.838026 ], [ 0.455148, 42.837141 ], [ 0.457099, 42.837382 ], [ 0.46413, 42.839959 ], [ 0.455873, 42.816426 ], [ 0.456588, 42.809828 ], [ 0.460016, 42.804935 ], [ 0.429503, 42.805995 ], [ 0.426416, 42.809418 ], [ 0.42158, 42.818998 ], [ 0.421441, 42.82381 ] ] ] ] } },
{ "type": "Feature", "properties": { "codgeo": "65319", "libgeo": "Montégut", "dept": "65" }, "geometry": { "type": "MultiPolygon", "coordinates": [ [ [ [ 0.490759, 43.032493 ], [ 0.489971, 43.038722 ], [ 0.486597, 43.041242 ], [ 0.487705, 43.049214 ], [ 0.493126, 43.053263 ], [ 0.494818, 43.056608 ], [ 0.494803, 43.06129 ], [ 0.492971, 43.064824 ], [ 0.488583, 43.069744 ], [ 0.491435, 43.07039 ], [ 0.497343, 43.074876 ], [ 0.503331, 43.074126 ], [ 0.510448, 43.067673 ], [ 0.512893, 43.063442 ], [ 0.512487, 43.061314 ], [ 0.509078, 43.060222 ], [ 0.503861, 43.056661 ], [ 0.502318, 43.054021 ], [ 0.506926, 43.042667 ], [ 0.508817, 43.040554 ], [ 0.509988, 43.040649 ], [ 0.509986, 43.036236 ], [ 0.502964, 43.029039 ], [ 0.494002, 43.024433 ], [ 0.490759, 43.032493 ] ] ] ] } },
{ "type": "Feature", "properties": { "codgeo": "65320", "libgeo": "Montgaillard", "dept": "65" }, "geometry": { "type": "MultiPolygon", "coordinates": [ [ [ [ 0.116799, 43.112867 ], [ 0.105924, 43.111678 ], [ 0.092619, 43.106716 ], [ 0.083052, 43.107964 ], [ 0.080423, 43.109535 ], [ 0.080171, 43.111634 ], [ 0.081973, 43.112326 ], [ 0.083874, 43.117703 ], [ 0.083305, 43.125427 ], [ 0.089717, 43.125397 ], [ 0.093684, 43.126587 ], [ 0.109373, 43.132941 ], [ 0.112857, 43.134913 ], [ 0.112499, 43.135916 ], [ 0.133905, 43.133953 ], [ 0.148935, 43.13345 ], [ 0.146687, 43.126461 ], [ 0.147347, 43.126006 ], [ 0.12263, 43.122446 ], [ 0.121429, 43.121805 ], [ 0.119487, 43.11821 ], [ 0.120534, 43.115479 ], [ 0.118885, 43.115141 ], [ 0.116557, 43.113475 ], [ 0.116799, 43.112867 ] ] ] ] } },
{ "type": "Feature", "properties": { "codgeo": "65322", "libgeo": "Montoussé", "dept": "65" }, "geometry": { "type": "MultiPolygon", "coordinates": [ [ [ [ 0.419666, 43.04314 ], [ 0.419285, 43.048003 ], [ 0.417632, 43.051856 ], [ 0.401937, 43.056444 ], [ 0.395134, 43.054524 ], [ 0.3926, 43.060643 ], [ 0.387857, 43.065341 ], [ 0.384239, 43.067306 ], [ 0.390818, 43.068202 ], [ 0.396217, 43.070699 ], [ 0.402913, 43.075521 ], [ 0.412003, 43.075836 ], [ 0.422466, 43.07782 ], [ 0.427458, 43.070225 ], [ 0.432014, 43.059023 ], [ 0.433541, 43.058167 ], [ 0.429483, 43.054689 ], [ 0.428755, 43.052415 ], [ 0.431049, 43.048446 ], [ 0.430535, 43.046794 ], [ 0.419666, 43.04314 ] ] ] ] } },
{ "type": "Feature", "properties": { "codgeo": "65323", "libgeo": "Montsérié", "dept": "65" }, "geometry": { "type": "MultiPolygon", "coordinates": [ [ [ [ 0.442315, 43.043053 ], [ 0.439483, 43.042344 ], [ 0.4266, 43.042146 ], [ 0.423011, 43.043989 ], [ 0.430535, 43.046794 ], [ 0.431049, 43.048446 ], [ 0.428755, 43.052415 ], [ 0.429483, 43.054689 ], [ 0.433541, 43.058167 ], [ 0.44777, 43.05632 ], [ 0.449951, 43.05107 ], [ 0.445918, 43.048145 ], [ 0.442315, 43.043053 ] ] ] ] } },
{ "type": "Feature", "properties": { "codgeo": "65327", "libgeo": "Nestier", "dept": "65" }, "geometry": { "type": "MultiPolygon", "coordinates": [ [ [ [ 0.465243, 43.051299 ], [ 0.460245, 43.058154 ], [ 0.46411, 43.06486 ], [ 0.472255, 43.06676 ], [ 0.475376, 43.069755 ], [ 0.48266, 43.071052 ], [ 0.488069, 43.071204 ], [ 0.494803, 43.06129 ], [ 0.494818, 43.056608 ], [ 0.493126, 43.053263 ], [ 0.487705, 43.049214 ], [ 0.481578, 43.050314 ], [ 0.465243, 43.051299 ] ] ] ] } },
{ "type": "Feature", "properties": { "codgeo": "65328", "libgeo": "Neuilh", "dept": "65" }, "geometry": { "type": "MultiPolygon", "coordinates": [ [ [ [ 0.057522, 43.068237 ], [ 0.061434, 43.076005 ], [ 0.066748, 43.08361 ], [ 0.073647, 43.080917 ], [ 0.084203, 43.079312 ], [ 0.080267, 43.074858 ], [ 0.077676, 43.073143 ], [ 0.074602, 43.067187 ], [ 0.058765, 43.067698 ], [ 0.057522, 43.068237 ] ] ] ] } },
{ "type": "Feature", "properties": { "codgeo": "65329", "libgeo": "Nistos", "dept": "65" }, "geometry": { "type": "MultiPolygon", "coordinates": [ [ [ [ 0.478393, 42.95226 ], [ 0.474772, 42.95225 ], [ 0.431274, 42.973881 ], [ 0.428109, 42.980272 ], [ 0.423263, 42.986133 ], [ 0.418209, 42.998651 ], [ 0.42471, 43.002676 ], [ 0.42852, 43.004092 ], [ 0.437471, 43.004421 ], [ 0.440668, 43.006276 ], [ 0.440773, 43.016459 ], [ 0.45184, 43.019027 ], [ 0.456772, 43.018731 ], [ 0.469078, 43.021642 ], [ 0.477453, 43.024854 ], [ 0.483643, 43.029159 ], [ 0.486211, 43.028805 ], [ 0.483442, 43.020579 ], [ 0.481073, 43.017353 ], [ 0.48311, 43.012789 ], [ 0.496854, 43.00277 ], [ 0.498774, 43.000963 ], [ 0.499307, 42.998832 ], [ 0.498503, 42.995286 ], [ 0.492869, 42.983831 ], [ 0.493269, 42.970604 ], [ 0.491925, 42.966708 ], [ 0.490439, 42.964976 ], [ 0.478513, 42.958434 ], [ 0.477864, 42.957291 ], [ 0.478393, 42.95226 ] ] ] ] } },
{ "type": "Feature", "properties": { "codgeo": "65333", "libgeo": "Oléac-Dessus", "dept": "65" }, "geometry": { "type": "MultiPolygon", "coordinates": [ [ [ [ 0.197403, 43.149984 ], [ 0.1862, 43.155846 ], [ 0.183058, 43.160562 ], [ 0.184393, 43.163562 ], [ 0.189697, 43.169682 ], [ 0.209647, 43.169427 ], [ 0.213705, 43.167671 ], [ 0.211189, 43.166426 ], [ 0.206452, 43.159088 ], [ 0.204504, 43.153464 ], [ 0.204699, 43.150585 ], [ 0.203249, 43.148626 ], [ 0.197403, 43.149984 ] ] ] ] } },
{ "type": "Feature", "properties": { "codgeo": "65334", "libgeo": "Omex", "dept": "65" }, "geometry": { "type": "MultiPolygon", "coordinates": [ [ [ [ -0.109403, 43.084456 ], [ -0.089724, 43.089123 ], [ -0.077569, 43.094378 ], [ -0.075829, 43.093209 ], [ -0.073857, 43.085754 ], [ -0.073955, 43.080455 ], [ -0.077821, 43.075942 ], [ -0.081869, 43.073429 ], [ -0.089488, 43.070284 ], [ -0.099336, 43.072261 ], [ -0.118833, 43.073343 ], [ -0.114718, 43.077616 ], [ -0.111189, 43.079855 ], [ -0.109403, 43.084456 ] ] ] ] } },
{ "type": "Feature", "properties": { "codgeo": "65335", "libgeo": "Ordizan", "dept": "65" }, "geometry": { "type": "MultiPolygon", "coordinates": [ [ [ [ 0.129107, 43.101867 ], [ 0.116557, 43.113475 ], [ 0.118885, 43.115141 ], [ 0.120534, 43.115479 ], [ 0.124644, 43.112736 ], [ 0.146252, 43.116408 ], [ 0.151935, 43.119325 ], [ 0.152622, 43.117217 ], [ 0.15491, 43.117142 ], [ 0.158485, 43.115618 ], [ 0.160293, 43.111506 ], [ 0.158491, 43.108953 ], [ 0.155249, 43.094682 ], [ 0.142788, 43.095242 ], [ 0.132338, 43.097006 ], [ 0.129107, 43.101867 ] ] ] ] } },
{ "type": "Feature", "properties": { "codgeo": "65338", "libgeo": "Orignac", "dept": "65" }, "geometry": { "type": "MultiPolygon", "coordinates": [ [ [ [ 0.192534, 43.134338 ], [ 0.184074, 43.115745 ], [ 0.181512, 43.11321 ], [ 0.179206, 43.113816 ], [ 0.177018, 43.111859 ], [ 0.176871, 43.108291 ], [ 0.17385, 43.103747 ], [ 0.160293, 43.111506 ], [ 0.158485, 43.115618 ], [ 0.15491, 43.117142 ], [ 0.152622, 43.117217 ], [ 0.146687, 43.126461 ], [ 0.150164, 43.137019 ], [ 0.155005, 43.143454 ], [ 0.166356, 43.141468 ], [ 0.172675, 43.141373 ], [ 0.192534, 43.134338 ] ] ] ] } },
{ "type": "Feature", "properties": { "codgeo": "65339", "libgeo": "Orincles", "dept": "65" }, "geometry": { "type": "MultiPolygon", "coordinates": [ [ [ [ 0.044176, 43.110663 ], [ 0.026174, 43.124106 ], [ 0.019359, 43.125894 ], [ 0.017367, 43.125478 ], [ 0.016318, 43.127174 ], [ 0.018676, 43.126924 ], [ 0.035179, 43.137786 ], [ 0.037108, 43.135625 ], [ 0.052865, 43.131246 ], [ 0.057536, 43.12672 ], [ 0.056884, 43.126111 ], [ 0.060052, 43.114175 ], [ 0.05793, 43.112101 ], [ 0.055655, 43.111338 ], [ 0.053492, 43.11156 ], [ 0.053176, 43.109672 ], [ 0.04914, 43.10941 ], [ 0.044176, 43.110663 ] ] ] ] } },
{ "type": "Feature", "properties": { "codgeo": "65343", "libgeo": "Ossen", "dept": "65" }, "geometry": { "type": "MultiPolygon", "coordinates": [ [ [ [ -0.06783, 43.086448 ], [ -0.064229, 43.083577 ], [ -0.058371, 43.082381 ], [ -0.055246, 43.072418 ], [ -0.058972, 43.063395 ], [ -0.061434, 43.060222 ], [ -0.069908, 43.054511 ], [ -0.077454, 43.052163 ], [ -0.089394, 43.052494 ], [ -0.095733, 43.048012 ], [ -0.103544, 43.046613 ], [ -0.105144, 43.056125 ], [ -0.101522, 43.058285 ], [ -0.085874, 43.064652 ], [ -0.075293, 43.06741 ], [ -0.072435, 43.070815 ], [ -0.06783, 43.086448 ] ] ] ] } },
{ "type": "Feature", "properties": { "codgeo": "65345", "libgeo": "Ossun-ez-Angles", "dept": "65" }, "geometry": { "type": "MultiPolygon", "coordinates": [ [ [ [ 0.057322, 43.092113 ], [ 0.065854, 43.085734 ], [ 0.066748, 43.08361 ], [ 0.061434, 43.076005 ], [ 0.057522, 43.068237 ], [ 0.052522, 43.069596 ], [ 0.047216, 43.072553 ], [ 0.045721, 43.074419 ], [ 0.047241, 43.075365 ], [ 0.048359, 43.073358 ], [ 0.05613, 43.087957 ], [ 0.057322, 43.092113 ] ] ] ] } },
{ "type": "Feature", "properties": { "codgeo": "65347", "libgeo": "Ourde", "dept": "65" }, "geometry": { "type": "MultiPolygon", "coordinates": [ [ [ [ 0.559828, 42.952547 ], [ 0.555752, 42.948302 ], [ 0.548911, 42.948771 ], [ 0.548822, 42.956219 ], [ 0.543093, 42.959413 ], [ 0.527054, 42.966293 ], [ 0.534947, 42.979204 ], [ 0.53733, 42.98167 ], [ 0.54868, 42.975148 ], [ 0.551934, 42.970836 ], [ 0.556413, 42.968475 ], [ 0.560462, 42.964122 ], [ 0.563557, 42.958739 ], [ 0.559828, 42.952547 ] ] ] ] } },
{ "type": "Feature", "properties": { "codgeo": "65348", "libgeo": "Ourdis-Cotdoussan", "dept": "65" }, "geometry": { "type": "MultiPolygon", "coordinates": [ [ [ [ 0.006382, 43.045558 ], [ 0.016282, 43.047242 ], [ 0.023673, 43.050998 ], [ 0.038052, 43.052929 ], [ 0.040712, 43.049436 ], [ 0.040944, 43.046845 ], [ 0.038747, 43.042937 ], [ 0.03835, 43.039475 ], [ 0.042792, 43.024377 ], [ 0.032316, 43.027575 ], [ 0.006865, 43.043662 ], [ 0.006382, 43.045558 ] ] ] ] } },
{ "type": "Feature", "properties": { "codgeo": "65349", "libgeo": "Ourdon", "dept": "65" }, "geometry": { "type": "MultiPolygon", "coordinates": [ [ [ [ -0.001637, 43.036496 ], [ -0.003519, 43.030053 ], [ -0.017076, 43.021161 ], [ -0.023342, 43.027541 ], [ -0.026495, 43.03347 ], [ -0.024718, 43.036098 ], [ -0.015226, 43.040474 ], [ -0.006188, 43.039748 ], [ -0.001304, 43.037899 ], [ -0.002564, 43.037023 ], [ -0.001637, 43.036496 ] ] ] ] } },
{ "type": "Feature", "properties": { "codgeo": "65351", "libgeo": "Ousté", "dept": "65" }, "geometry": { "type": "MultiPolygon", "coordinates": [ [ [ [ -0.017623, 43.056077 ], [ -0.004545, 43.048163 ], [ -0.001036, 43.041495 ], [ -0.000351, 43.038112 ], [ -0.010936, 43.040443 ], [ -0.015226, 43.040474 ], [ -0.019058, 43.038997 ], [ -0.023273, 43.043209 ], [ -0.024964, 43.046796 ], [ -0.025562, 43.053209 ], [ -0.017623, 43.056077 ] ] ] ] } },
{ "type": "Feature", "properties": { "codgeo": "65352", "libgeo": "Ouzous", "dept": "65" }, "geometry": { "type": "MultiPolygon", "coordinates": [ [ [ [ -0.102644, 43.019361 ], [ -0.114231, 43.022494 ], [ -0.11312, 43.032101 ], [ -0.11712, 43.036937 ], [ -0.12076, 43.044118 ], [ -0.095733, 43.048012 ], [ -0.089394, 43.052494 ], [ -0.089746, 43.043804 ], [ -0.087708, 43.039523 ], [ -0.091482, 43.036847 ], [ -0.093447, 43.036644 ], [ -0.09722, 43.034737 ], [ -0.103021, 43.020354 ], [ -0.102644, 43.019361 ] ] ] ] } },
{ "type": "Feature", "properties": { "codgeo": "65353", "libgeo": "Ozon", "dept": "65" }, "geometry": { "type": "MultiPolygon", "coordinates": [ [ [ [ 0.298683, 43.17547 ], [ 0.294178, 43.175423 ], [ 0.283285, 43.177161 ], [ 0.281949, 43.173996 ], [ 0.272366, 43.177552 ], [ 0.268217, 43.177066 ], [ 0.261109, 43.173848 ], [ 0.259374, 43.171444 ], [ 0.257039, 43.158959 ], [ 0.253342, 43.158539 ], [ 0.252367, 43.157689 ], [ 0.254496, 43.156075 ], [ 0.253978, 43.155208 ], [ 0.247916, 43.154161 ], [ 0.241445, 43.151264 ], [ 0.238873, 43.148934 ], [ 0.236715, 43.149759 ], [ 0.233982, 43.152661 ], [ 0.225453, 43.155195 ], [ 0.225408, 43.160514 ], [ 0.228029, 43.166679 ], [ 0.23042, 43.169219 ], [ 0.238628, 43.173264 ], [ 0.242965, 43.173793 ], [ 0.253586, 43.182532 ], [ 0.266211, 43.18549 ], [ 0.277869, 43.185529 ], [ 0.296961, 43.182004 ], [ 0.298683, 43.17547 ] ] ] ] } },
{ "type": "Feature", "properties": { "codgeo": "65354", "libgeo": "Pailhac", "dept": "65" }, "geometry": { "type": "MultiPolygon", "coordinates": [ [ [ [ 0.368082, 42.90422 ], [ 0.363637, 42.906003 ], [ 0.362187, 42.911377 ], [ 0.362867, 42.914723 ], [ 0.366561, 42.917891 ], [ 0.366123, 42.91945 ], [ 0.371683, 42.91866 ], [ 0.372681, 42.916243 ], [ 0.371075, 42.910072 ], [ 0.368082, 42.90422 ] ] ] ] } },
{ "type": "Feature", "properties": { "codgeo": "65355", "libgeo": "Paréac", "dept": "65" }, "geometry": { "type": "MultiPolygon", "coordinates": [ [ [ [ 0.039151, 43.114831 ], [ 0.032051, 43.11219 ], [ 0.007772, 43.10718 ], [ 0.002067, 43.110157 ], [ 0.002847, 43.115353 ], [ 0.004419, 43.116305 ], [ 0.019831, 43.114469 ], [ 0.021667, 43.120843 ], [ 0.020585, 43.124187 ], [ 0.017367, 43.125478 ], [ 0.019359, 43.125894 ], [ 0.026174, 43.124106 ], [ 0.039151, 43.114831 ] ] ] ] } },
{ "type": "Feature", "properties": { "codgeo": "65356", "libgeo": "Péré", "dept": "65" }, "geometry": { "type": "MultiPolygon", "coordinates": [ [ [ [ 0.312178, 43.150785 ], [ 0.301108, 43.148167 ], [ 0.31303, 43.13779 ], [ 0.314861, 43.13383 ], [ 0.305079, 43.13334 ], [ 0.292885, 43.134484 ], [ 0.275268, 43.159246 ], [ 0.27588, 43.160243 ], [ 0.279788, 43.161474 ], [ 0.295516, 43.155402 ], [ 0.308721, 43.151491 ], [ 0.31186, 43.151904 ], [ 0.312178, 43.150785 ] ] ] ] } },
{ "type": "Feature", "properties": { "codgeo": "65360", "libgeo": "Peyrouse", "dept": "65" }, "geometry": { "type": "MultiPolygon", "coordinates": [ [ [ [ -0.10035, 43.114967 ], [ -0.103464, 43.113028 ], [ -0.09695, 43.105797 ], [ -0.094733, 43.099296 ], [ -0.104075, 43.101958 ], [ -0.115412, 43.103222 ], [ -0.123556, 43.101262 ], [ -0.128327, 43.098807 ], [ -0.131078, 43.098799 ], [ -0.134314, 43.101136 ], [ -0.130678, 43.112457 ], [ -0.130332, 43.11727 ], [ -0.122194, 43.116454 ], [ -0.108975, 43.118432 ], [ -0.101013, 43.116592 ], [ -0.10035, 43.114967 ] ] ] ] } },
{ "type": "Feature", "properties": { "codgeo": "65362", "libgeo": "Pierrefitte-Nestalas", "dept": "65" }, "geometry": { "type": "MultiPolygon", "coordinates": [ [ [ [ -0.07784, 42.968937 ], [ -0.068734, 42.970456 ], [ -0.064503, 42.964813 ], [ -0.063416, 42.964859 ], [ -0.063848, 42.962583 ], [ -0.070833, 42.959024 ], [ -0.078563, 42.956354 ], [ -0.081563, 42.950718 ], [ -0.085057, 42.951544 ], [ -0.082621, 42.956191 ], [ -0.083111, 42.961326 ], [ -0.080775, 42.965329 ], [ -0.078949, 42.964107 ], [ -0.07784, 42.968937 ] ] ] ] } },
{ "type": "Feature", "properties": { "codgeo": "65363", "libgeo": "Pinas", "dept": "65" }, "geometry": { "type": "MultiPolygon", "coordinates": [ [ [ [ 0.442189, 43.130862 ], [ 0.447379, 43.129605 ], [ 0.461159, 43.123119 ], [ 0.464402, 43.118059 ], [ 0.452704, 43.112427 ], [ 0.434142, 43.105371 ], [ 0.422144, 43.102792 ], [ 0.421311, 43.108631 ], [ 0.422398, 43.113519 ], [ 0.442189, 43.130862 ] ] ] ] } },
{ "type": "Feature", "properties": { "codgeo": "65366", "libgeo": "Poueyferré", "dept": "65" }, "geometry": { "type": "MultiPolygon", "coordinates": [ [ [ [ -0.059263, 43.117651 ], [ -0.070004, 43.109495 ], [ -0.077719, 43.107971 ], [ -0.095868, 43.11281 ], [ -0.10297, 43.11171 ], [ -0.103464, 43.113028 ], [ -0.10035, 43.114967 ], [ -0.098606, 43.11717 ], [ -0.098024, 43.121693 ], [ -0.100937, 43.126955 ], [ -0.098021, 43.12919 ], [ -0.096461, 43.128152 ], [ -0.090231, 43.128217 ], [ -0.080044, 43.130763 ], [ -0.062447, 43.129604 ], [ -0.062454, 43.125142 ], [ -0.060563, 43.123391 ], [ -0.059263, 43.117651 ] ] ] ] } },
{ "type": "Feature", "properties": { "codgeo": "65367", "libgeo": "Poumarous", "dept": "65" }, "geometry": { "type": "MultiPolygon", "coordinates": [ [ [ [ 0.211189, 43.166426 ], [ 0.226605, 43.171637 ], [ 0.238628, 43.173264 ], [ 0.23042, 43.169219 ], [ 0.228029, 43.166679 ], [ 0.225408, 43.160514 ], [ 0.225391, 43.152443 ], [ 0.221738, 43.144277 ], [ 0.218652, 43.140415 ], [ 0.216138, 43.139283 ], [ 0.201382, 43.141246 ], [ 0.197778, 43.142654 ], [ 0.197403, 43.149984 ], [ 0.203249, 43.148626 ], [ 0.204699, 43.150585 ], [ 0.204504, 43.153464 ], [ 0.206452, 43.159088 ], [ 0.211189, 43.166426 ] ] ] ] } },
{ "type": "Feature", "properties": { "codgeo": "65370", "libgeo": "Pouzac", "dept": "65" }, "geometry": { "type": "MultiPolygon", "coordinates": [ [ [ [ 0.111336, 43.060649 ], [ 0.106735, 43.064062 ], [ 0.105249, 43.067932 ], [ 0.109253, 43.070543 ], [ 0.110168, 43.077642 ], [ 0.109371, 43.079933 ], [ 0.114909, 43.079924 ], [ 0.120494, 43.081817 ], [ 0.124117, 43.085282 ], [ 0.132338, 43.097006 ], [ 0.142788, 43.095242 ], [ 0.155249, 43.094682 ], [ 0.156748, 43.087207 ], [ 0.152471, 43.085593 ], [ 0.141549, 43.077156 ], [ 0.127338, 43.071627 ], [ 0.111336, 43.060649 ] ] ] ] } },
{ "type": "Feature", "properties": { "codgeo": "65371", "libgeo": "Préchac", "dept": "65" }, "geometry": { "type": "MultiPolygon", "coordinates": [ [ [ [ -0.078888, 42.994986 ], [ -0.078864, 42.999783 ], [ -0.076763, 43.001022 ], [ -0.072691, 43.000815 ], [ -0.0613, 42.993895 ], [ -0.059142, 42.99117 ], [ -0.059321, 42.9897 ], [ -0.065681, 42.989861 ], [ -0.070224, 42.986658 ], [ -0.07622, 42.98507 ], [ -0.078888, 42.994986 ] ] ] ] } },
{ "type": "Feature", "properties": { "codgeo": "65377", "libgeo": "Réjaumont", "dept": "65" }, "geometry": { "type": "MultiPolygon", "coordinates": [ [ [ [ 0.469279, 43.182867 ], [ 0.469062, 43.181283 ], [ 0.470315, 43.180287 ], [ 0.478502, 43.178265 ], [ 0.46729, 43.157245 ], [ 0.465752, 43.158264 ], [ 0.454121, 43.160737 ], [ 0.443779, 43.152451 ], [ 0.426589, 43.144031 ], [ 0.42372, 43.144585 ], [ 0.426154, 43.147601 ], [ 0.43274, 43.161085 ], [ 0.436044, 43.161015 ], [ 0.454439, 43.177741 ], [ 0.469279, 43.182867 ] ] ] ] } },
{ "type": "Feature", "properties": { "codgeo": "65378", "libgeo": "Ricaud", "dept": "65" }, "geometry": { "type": "MultiPolygon", "coordinates": [ [ [ [ 0.257039, 43.158959 ], [ 0.271214, 43.153942 ], [ 0.278797, 43.154369 ], [ 0.292885, 43.134484 ], [ 0.281994, 43.13698 ], [ 0.272738, 43.14146 ], [ 0.26897, 43.144697 ], [ 0.26318, 43.144185 ], [ 0.261901, 43.142816 ], [ 0.254496, 43.156075 ], [ 0.252367, 43.157689 ], [ 0.253342, 43.158539 ], [ 0.257039, 43.158959 ] ] ] ] } },
{ "type": "Feature", "properties": { "codgeo": "65379", "libgeo": "Ris", "dept": "65" }, "geometry": { "type": "MultiPolygon", "coordinates": [ [ [ [ 0.393539, 42.88525 ], [ 0.390526, 42.890907 ], [ 0.400506, 42.891934 ], [ 0.411819, 42.887484 ], [ 0.417726, 42.880698 ], [ 0.401065, 42.880955 ], [ 0.393539, 42.88525 ] ] ] ] } },
{ "type": "Feature", "properties": { "codgeo": "65382", "libgeo": "Sacoué", "dept": "65" }, "geometry": { "type": "MultiPolygon", "coordinates": [ [ [ [ 0.568963, 42.99144 ], [ 0.56967, 42.989029 ], [ 0.568199, 42.984728 ], [ 0.56871, 42.984018 ], [ 0.565615, 42.980777 ], [ 0.555344, 42.981745 ], [ 0.548507, 42.985092 ], [ 0.53283, 42.984659 ], [ 0.53733, 42.98167 ], [ 0.534947, 42.979204 ], [ 0.527054, 42.966293 ], [ 0.509796, 42.961462 ], [ 0.506429, 42.961144 ], [ 0.502057, 42.962058 ], [ 0.492385, 42.965728 ], [ 0.491925, 42.966708 ], [ 0.493269, 42.970604 ], [ 0.510014, 42.974656 ], [ 0.515831, 42.986402 ], [ 0.515304, 42.990384 ], [ 0.513324, 42.994014 ], [ 0.514481, 43.003316 ], [ 0.515342, 43.003196 ], [ 0.51574, 43.006078 ], [ 0.518137, 43.00815 ], [ 0.526952, 43.00892 ], [ 0.53105, 43.003252 ], [ 0.542026, 43.001014 ], [ 0.565067, 42.991074 ], [ 0.567374, 42.990746 ], [ 0.568963, 42.99144 ] ] ] ] } },
{ "type": "Feature", "properties": { "codgeo": "65384", "libgeo": "Sailhan", "dept": "65" }, "geometry": { "type": "MultiPolygon", "coordinates": [ [ [ [ 0.331071, 42.82343 ], [ 0.333009, 42.824492 ], [ 0.338694, 42.825367 ], [ 0.340704, 42.824141 ], [ 0.340995, 42.817896 ], [ 0.339358, 42.81227 ], [ 0.33197, 42.808897 ], [ 0.328329, 42.799957 ], [ 0.322851, 42.790388 ], [ 0.319931, 42.810638 ], [ 0.331071, 42.82343 ] ] ] ] } },
{ "type": "Feature", "properties": { "codgeo": "65385", "libgeo": "Saint-Arroman", "dept": "65" }, "geometry": { "type": "MultiPolygon", "coordinates": [ [ [ [ 0.395555, 43.032547 ], [ 0.39135, 43.036745 ], [ 0.388443, 43.042972 ], [ 0.391406, 43.04647 ], [ 0.391258, 43.051968 ], [ 0.395134, 43.054524 ], [ 0.401937, 43.056444 ], [ 0.417632, 43.051856 ], [ 0.419285, 43.048003 ], [ 0.419666, 43.04314 ], [ 0.409929, 43.041998 ], [ 0.407063, 43.040382 ], [ 0.40619, 43.038401 ], [ 0.409365, 43.037211 ], [ 0.412766, 43.033823 ], [ 0.411196, 43.032847 ], [ 0.409555, 43.033092 ], [ 0.404731, 43.036455 ], [ 0.395555, 43.032547 ] ] ] ] } },
{ "type": "Feature", "properties": { "codgeo": "65386", "libgeo": "Saint-Créac", "dept": "65" }, "geometry": { "type": "MultiPolygon", "coordinates": [ [ [ [ -0.03561, 43.066128 ], [ -0.034541, 43.068474 ], [ -0.032392, 43.069064 ], [ -0.0315, 43.067971 ], [ -0.029217, 43.06829 ], [ -0.006438, 43.060708 ], [ -0.004589, 43.060705 ], [ -0.006642, 43.057638 ], [ -0.017623, 43.056077 ], [ -0.025562, 43.053209 ], [ -0.029093, 43.054225 ], [ -0.032719, 43.059578 ], [ -0.030749, 43.061092 ], [ -0.03561, 43.066128 ] ] ] ] } },
{ "type": "Feature", "properties": { "codgeo": "65388", "libgeo": "Saint-Lary-Soulan", "dept": "65" }, "geometry": { "type": "MultiPolygon", "coordinates": [ [ [ [ 0.305968, 42.804866 ], [ 0.316538, 42.811836 ], [ 0.316991, 42.818528 ], [ 0.320002, 42.81873 ], [ 0.325143, 42.824149 ], [ 0.327231, 42.823965 ], [ 0.328329, 42.82555 ], [ 0.331714, 42.824244 ], [ 0.319931, 42.810638 ], [ 0.322851, 42.790388 ], [ 0.327901, 42.779846 ], [ 0.338394, 42.77002 ], [ 0.341863, 42.761676 ], [ 0.345101, 42.745763 ], [ 0.34854, 42.741479 ], [ 0.352661, 42.738915 ], [ 0.358021, 42.737223 ], [ 0.35962, 42.735052 ], [ 0.358707, 42.731073 ], [ 0.360206, 42.724175 ], [ 0.358385, 42.71994 ], [ 0.330466, 42.706472 ], [ 0.327591, 42.70302 ], [ 0.323453, 42.692951 ], [ 0.323735, 42.687697 ], [ 0.319082, 42.683815 ], [ 0.307572, 42.680148 ], [ 0.300595, 42.676974 ], [ 0.292507, 42.675719 ], [ 0.283703, 42.680831 ], [ 0.279646, 42.684106 ], [ 0.27188, 42.692475 ], [ 0.262295, 42.709605 ], [ 0.260186, 42.715984 ], [ 0.264481, 42.720434 ], [ 0.266794, 42.726807 ], [ 0.267625, 42.733136 ], [ 0.264285, 42.742109 ], [ 0.265863, 42.747978 ], [ 0.2769, 42.758345 ], [ 0.27683, 42.764112 ], [ 0.282032, 42.771929 ], [ 0.292091, 42.777181 ], [ 0.294967, 42.781691 ], [ 0.296893, 42.786581 ], [ 0.294441, 42.788996 ], [ 0.293925, 42.798668 ], [ 0.305968, 42.804866 ] ] ], [ [ [ 0.300659, 42.813115 ], [ 0.296667, 42.811435 ], [ 0.29132, 42.811184 ], [ 0.286859, 42.814349 ], [ 0.288185, 42.814965 ], [ 0.287977, 42.81697 ], [ 0.284343, 42.819763 ], [ 0.276194, 42.821021 ], [ 0.266917, 42.82034 ], [ 0.256091, 42.812656 ], [ 0.251925, 42.811749 ], [ 0.247299, 42.811928 ], [ 0.230438, 42.821785 ], [ 0.223909, 42.82304 ], [ 0.176572, 42.826572 ], [ 0.151515, 42.829395 ], [ 0.141285, 42.828782 ], [ 0.115517, 42.834682 ], [ 0.113884, 42.839086 ], [ 0.115759, 42.84347 ], [ 0.123522, 42.85239 ], [ 0.137678, 42.839843 ], [ 0.14473, 42.837078 ], [ 0.180517, 42.8328 ], [ 0.195413, 42.833292 ], [ 0.223308, 42.828121 ], [ 0.228904, 42.829182 ], [ 0.233984, 42.831399 ], [ 0.238692, 42.835135 ], [ 0.242499, 42.835293 ], [ 0.256769, 42.833004 ], [ 0.261755, 42.834246 ], [ 0.275389, 42.834416 ], [ 0.291294, 42.8378 ], [ 0.304326, 42.836433 ], [ 0.305578, 42.832141 ], [ 0.303984, 42.828877 ], [ 0.294437, 42.817422 ], [ 0.300659, 42.813115 ] ] ] ] } },
{ "type": "Feature", "properties": { "codgeo": "65389", "libgeo": "Saint-Laurent-de-Neste", "dept": "65" }, "geometry": { "type": "MultiPolygon", "coordinates": [ [ [ [ 0.464929, 43.11132 ], [ 0.478252, 43.112188 ], [ 0.489139, 43.115375 ], [ 0.495723, 43.09488 ], [ 0.497031, 43.082886 ], [ 0.495133, 43.077721 ], [ 0.496138, 43.073815 ], [ 0.491435, 43.07039 ], [ 0.488583, 43.069744 ], [ 0.488069, 43.071204 ], [ 0.48266, 43.071052 ], [ 0.475376, 43.069755 ], [ 0.474265, 43.068399 ], [ 0.472339, 43.071137 ], [ 0.465482, 43.09132 ], [ 0.46384, 43.106569 ], [ 0.464929, 43.11132 ] ] ] ] } },
{ "type": "Feature", "properties": { "codgeo": "65391", "libgeo": "Sainte-Marie", "dept": "65" }, "geometry": { "type": "MultiPolygon", "coordinates": [ [ [ [ 0.629078, 42.969741 ], [ 0.636214, 42.968384 ], [ 0.629901, 42.965993 ], [ 0.629842, 42.967277 ], [ 0.628407, 42.968373 ], [ 0.623734, 42.969223 ], [ 0.620075, 42.97233 ], [ 0.621349, 42.97283 ], [ 0.629078, 42.969741 ] ] ] ] } },
{ "type": "Feature", "properties": { "codgeo": "65393", "libgeo": "Saint-Pastous", "dept": "65" }, "geometry": { "type": "MultiPolygon", "coordinates": [ [ [ [ -0.058619, 43.00533 ], [ -0.05842, 43.006049 ], [ -0.061005, 43.008278 ], [ -0.066776, 43.009765 ], [ -0.067101, 43.012043 ], [ -0.066506, 43.018086 ], [ -0.058618, 43.030162 ], [ -0.054085, 43.030195 ], [ -0.042684, 43.025299 ], [ -0.02033, 43.017653 ], [ -0.016153, 43.009801 ], [ -0.016182, 43.006898 ], [ -0.017906, 43.003909 ], [ -0.032277, 43.006102 ], [ -0.043478, 43.006294 ], [ -0.058619, 43.00533 ] ] ] ] } },
{ "type": "Feature", "properties": { "codgeo": "65394", "libgeo": "Saint-Paul", "dept": "65" }, "geometry": { "type": "MultiPolygon", "coordinates": [ [ [ [ 0.491129, 43.108709 ], [ 0.498759, 43.108534 ], [ 0.502262, 43.107231 ], [ 0.5031, 43.105592 ], [ 0.500457, 43.100026 ], [ 0.500636, 43.098371 ], [ 0.502839, 43.095683 ], [ 0.512802, 43.093008 ], [ 0.522416, 43.092814 ], [ 0.534474, 43.079992 ], [ 0.536066, 43.0769 ], [ 0.535907, 43.074951 ], [ 0.52928, 43.072581 ], [ 0.524287, 43.073383 ], [ 0.518497, 43.075542 ], [ 0.51284, 43.075631 ], [ 0.503331, 43.074126 ], [ 0.497343, 43.074876 ], [ 0.496138, 43.073815 ], [ 0.495133, 43.077721 ], [ 0.497031, 43.082886 ], [ 0.495723, 43.09488 ], [ 0.491129, 43.108709 ] ] ] ] } },
{ "type": "Feature", "properties": { "codgeo": "65395", "libgeo": "Saint-Pé-de-Bigorre", "dept": "65" }, "geometry": { "type": "MultiPolygon", "coordinates": [ [ [ [ -0.147743, 43.12912 ], [ -0.141955, 43.121302 ], [ -0.130332, 43.11727 ], [ -0.130678, 43.112457 ], [ -0.134314, 43.101136 ], [ -0.131078, 43.098799 ], [ -0.128327, 43.098807 ], [ -0.128157, 43.09762 ], [ -0.117874, 43.087945 ], [ -0.109403, 43.084456 ], [ -0.111189, 43.079855 ], [ -0.114718, 43.077616 ], [ -0.118833, 43.073343 ], [ -0.124756, 43.063856 ], [ -0.133222, 43.053999 ], [ -0.14684, 43.045986 ], [ -0.149383, 43.045248 ], [ -0.152349, 43.046909 ], [ -0.164226, 43.049572 ], [ -0.176281, 43.047817 ], [ -0.185663, 43.056794 ], [ -0.192199, 43.057035 ], [ -0.196951, 43.060431 ], [ -0.198906, 43.064442 ], [ -0.198226, 43.070025 ], [ -0.191658, 43.07722 ], [ -0.187968, 43.085092 ], [ -0.187117, 43.090732 ], [ -0.195407, 43.095131 ], [ -0.197861, 43.099415 ], [ -0.198266, 43.101718 ], [ -0.19593, 43.104061 ], [ -0.191902, 43.104788 ], [ -0.190944, 43.111344 ], [ -0.194039, 43.115108 ], [ -0.192612, 43.1156 ], [ -0.184342, 43.112962 ], [ -0.170243, 43.115692 ], [ -0.165191, 43.122415 ], [ -0.153371, 43.125985 ], [ -0.147743, 43.12912 ] ] ] ] } },
{ "type": "Feature", "properties": { "codgeo": "65396", "libgeo": "Saint-Savin", "dept": "65" }, "geometry": { "type": "MultiPolygon", "coordinates": [ [ [ [ -0.077343, 42.984467 ], [ -0.078699, 42.969741 ], [ -0.07784, 42.968937 ], [ -0.078949, 42.964107 ], [ -0.083088, 42.968534 ], [ -0.089985, 42.972045 ], [ -0.092604, 42.965936 ], [ -0.092809, 42.959608 ], [ -0.095664, 42.958256 ], [ -0.099908, 42.958424 ], [ -0.099901, 42.960216 ], [ -0.096535, 42.960223 ], [ -0.097467, 42.964674 ], [ -0.100306, 42.967598 ], [ -0.104612, 42.975273 ], [ -0.097076, 42.989402 ], [ -0.095496, 42.989549 ], [ -0.090297, 42.984309 ], [ -0.085605, 42.982782 ], [ -0.077343, 42.984467 ] ] ] ] } },
{ "type": "Feature", "properties": { "codgeo": "65398", "libgeo": "Saléchan", "dept": "65" }, "geometry": { "type": "MultiPolygon", "coordinates": [ [ [ [ 0.615398, 42.959494 ], [ 0.619162, 42.960453 ], [ 0.629901, 42.965993 ], [ 0.636214, 42.968384 ], [ 0.639755, 42.965269 ], [ 0.645344, 42.962052 ], [ 0.646112, 42.959968 ], [ 0.641984, 42.952876 ], [ 0.639221, 42.953505 ], [ 0.635545, 42.951555 ], [ 0.626627, 42.941794 ], [ 0.615366, 42.936807 ], [ 0.621422, 42.947839 ], [ 0.620634, 42.952102 ], [ 0.61808, 42.957776 ], [ 0.615398, 42.959494 ] ] ] ] } },
{ "type": "Feature", "properties": { "codgeo": "65399", "libgeo": "Saligos", "dept": "65" }, "geometry": { "type": "MultiPolygon", "coordinates": [ [ [ [ -0.017616, 42.886386 ], [ -0.030327, 42.897004 ], [ -0.034227, 42.901841 ], [ -0.03564, 42.902348 ], [ -0.037013, 42.906374 ], [ -0.035444, 42.907226 ], [ -0.035127, 42.90643 ], [ -0.028076, 42.903483 ], [ -0.02487, 42.903566 ], [ -0.019439, 42.907105 ], [ -0.011537, 42.909259 ], [ -0.00352, 42.910285 ], [ 0.009541, 42.907242 ], [ 0.010533, 42.90635 ], [ 0.009504, 42.904363 ], [ 0.00519, 42.901453 ], [ 0.004432, 42.898731 ], [ 0.003615, 42.891068 ], [ 0.004521, 42.886853 ], [ 0.002889, 42.882271 ], [ -0.014567, 42.887497 ], [ -0.017616, 42.886386 ] ] ] ] } },
{ "type": "Feature", "properties": { "codgeo": "65400", "libgeo": "Salles", "dept": "65" }, "geometry": { "type": "MultiPolygon", "coordinates": [ [ [ [ -0.15088, 43.017807 ], [ -0.154301, 43.013625 ], [ -0.164211, 43.01495 ], [ -0.181415, 43.012685 ], [ -0.189249, 43.009096 ], [ -0.196183, 43.007257 ], [ -0.210505, 43.016678 ], [ -0.215153, 43.024528 ], [ -0.218132, 43.025302 ], [ -0.221783, 43.027697 ], [ -0.223925, 43.033711 ], [ -0.21424, 43.036212 ], [ -0.197156, 43.046063 ], [ -0.181956, 43.05253 ], [ -0.176281, 43.047817 ], [ -0.164226, 43.049572 ], [ -0.152349, 43.046909 ], [ -0.149383, 43.045248 ], [ -0.150213, 43.038625 ], [ -0.132297, 43.04321 ], [ -0.12076, 43.044118 ], [ -0.11712, 43.036937 ], [ -0.11312, 43.032101 ], [ -0.114231, 43.022494 ], [ -0.11726, 43.021289 ], [ -0.129924, 43.024446 ], [ -0.14581, 43.020242 ], [ -0.15088, 43.017807 ] ] ] ] } },
{ "type": "Feature", "properties": { "codgeo": "65402", "libgeo": "Samuran", "dept": "65" }, "geometry": { "type": "MultiPolygon", "coordinates": [ [ [ [ 0.599349, 42.976127 ], [ 0.59431, 42.981482 ], [ 0.590519, 42.98183 ], [ 0.588393, 42.983918 ], [ 0.589563, 42.987383 ], [ 0.588735, 42.994454 ], [ 0.614358, 42.987386 ], [ 0.616195, 42.985295 ], [ 0.61582, 42.983492 ], [ 0.608765, 42.9792 ], [ 0.599349, 42.976127 ] ] ] ] } },
{ "type": "Feature", "properties": { "codgeo": "65405", "libgeo": "Sarlabous", "dept": "65" }, "geometry": { "type": "MultiPolygon", "coordinates": [ [ [ [ 0.292418, 43.06902 ], [ 0.275023, 43.064579 ], [ 0.269815, 43.069456 ], [ 0.268068, 43.080562 ], [ 0.272105, 43.085113 ], [ 0.278602, 43.087543 ], [ 0.288406, 43.081708 ], [ 0.292496, 43.07595 ], [ 0.292418, 43.06902 ] ] ] ] } },
{ "type": "Feature", "properties": { "codgeo": "65407", "libgeo": "Sarp", "dept": "65" }, "geometry": { "type": "MultiPolygon", "coordinates": [ [ [ [ 0.591703, 43.022689 ], [ 0.591507, 43.016858 ], [ 0.587611, 43.012765 ], [ 0.581855, 43.010951 ], [ 0.578964, 43.011417 ], [ 0.5775, 43.01279 ], [ 0.571777, 43.015356 ], [ 0.561385, 43.016089 ], [ 0.564366, 43.018858 ], [ 0.570339, 43.021497 ], [ 0.58393, 43.019067 ], [ 0.585476, 43.01979 ], [ 0.58568, 43.023485 ], [ 0.591703, 43.022689 ] ] ] ] } },
{ "type": "Feature", "properties": { "codgeo": "65408", "libgeo": "Sarrancolin", "dept": "65" }, "geometry": { "type": "MultiPolygon", "coordinates": [ [ [ [ 0.478393, 42.95226 ], [ 0.47826, 42.95073 ], [ 0.471924, 42.944455 ], [ 0.463361, 42.939049 ], [ 0.460499, 42.937773 ], [ 0.448461, 42.935418 ], [ 0.438917, 42.928869 ], [ 0.417851, 42.932878 ], [ 0.409848, 42.935977 ], [ 0.408241, 42.940136 ], [ 0.394769, 42.953406 ], [ 0.386874, 42.958627 ], [ 0.382922, 42.960058 ], [ 0.384084, 42.963488 ], [ 0.39045, 42.963599 ], [ 0.406099, 42.96135 ], [ 0.425777, 42.953488 ], [ 0.428152, 42.953801 ], [ 0.427215, 42.962158 ], [ 0.420859, 42.965987 ], [ 0.410265, 42.969367 ], [ 0.396269, 42.983183 ], [ 0.3924, 42.98541 ], [ 0.386961, 42.986448 ], [ 0.383661, 42.983759 ], [ 0.380943, 42.973861 ], [ 0.382459, 42.966158 ], [ 0.38081, 42.960779 ], [ 0.357201, 42.962306 ], [ 0.348198, 42.959497 ], [ 0.340992, 42.959803 ], [ 0.334421, 42.962311 ], [ 0.32987, 42.971393 ], [ 0.332963, 42.972529 ], [ 0.340456, 42.97151 ], [ 0.350292, 42.971442 ], [ 0.351648, 42.975625 ], [ 0.362461, 42.983539 ], [ 0.374403, 42.987617 ], [ 0.382326, 42.989338 ], [ 0.398635, 42.98764 ], [ 0.403411, 42.985741 ], [ 0.423263, 42.986133 ], [ 0.428109, 42.980272 ], [ 0.431274, 42.973881 ], [ 0.474772, 42.95225 ], [ 0.478393, 42.95226 ] ] ] ] } },
{ "type": "Feature", "properties": { "codgeo": "65413", "libgeo": "Sazos", "dept": "65" }, "geometry": { "type": "MultiPolygon", "coordinates": [ [ [ [ -0.015889, 42.868594 ], [ -0.010539, 42.849829 ], [ -0.010167, 42.842902 ], [ -0.011176, 42.84078 ], [ -0.019675, 42.837751 ], [ -0.026941, 42.833545 ], [ -0.036863, 42.824521 ], [ -0.050062, 42.821045 ], [ -0.059104, 42.819961 ], [ -0.062531, 42.820472 ], [ -0.06648, 42.825937 ], [ -0.073594, 42.84744 ], [ -0.074968, 42.858188 ], [ -0.077639, 42.863294 ], [ -0.080289, 42.865007 ], [ -0.080276, 42.866974 ], [ -0.074371, 42.869325 ], [ -0.060453, 42.877956 ], [ -0.056097, 42.882511 ], [ -0.048517, 42.887109 ], [ -0.041971, 42.888357 ], [ -0.031016, 42.887439 ], [ -0.027923, 42.889845 ], [ -0.032209, 42.896638 ], [ -0.038197, 42.902707 ], [ -0.034227, 42.901841 ], [ -0.030327, 42.897004 ], [ -0.017616, 42.886386 ], [ -0.020539, 42.88009 ], [ -0.015889, 42.868594 ] ] ] ] } },
{ "type": "Feature", "properties": { "codgeo": "65415", "libgeo": "Ségus", "dept": "65" }, "geometry": { "type": "MultiPolygon", "coordinates": [ [ [ [ -0.075829, 43.093209 ], [ -0.069997, 43.090455 ], [ -0.06783, 43.086448 ], [ -0.072435, 43.070815 ], [ -0.075293, 43.06741 ], [ -0.085874, 43.064652 ], [ -0.101522, 43.058285 ], [ -0.105144, 43.056125 ], [ -0.103544, 43.046613 ], [ -0.12076, 43.044118 ], [ -0.132297, 43.04321 ], [ -0.150213, 43.038625 ], [ -0.149383, 43.045248 ], [ -0.14684, 43.045986 ], [ -0.133222, 43.053999 ], [ -0.124756, 43.063856 ], [ -0.118833, 43.073343 ], [ -0.099336, 43.072261 ], [ -0.089488, 43.070284 ], [ -0.081869, 43.073429 ], [ -0.077821, 43.075942 ], [ -0.073955, 43.080455 ], [ -0.073857, 43.085754 ], [ -0.075829, 43.093209 ] ] ] ] } },
{ "type": "Feature", "properties": { "codgeo": "65416", "libgeo": "Seich", "dept": "65" }, "geometry": { "type": "MultiPolygon", "coordinates": [ [ [ [ 0.486211, 43.028805 ], [ 0.490759, 43.032493 ], [ 0.494002, 43.024433 ], [ 0.496546, 43.008114 ], [ 0.506964, 43.0045 ], [ 0.514481, 43.003316 ], [ 0.513324, 42.994014 ], [ 0.515304, 42.990384 ], [ 0.515831, 42.986402 ], [ 0.510014, 42.974656 ], [ 0.493269, 42.970604 ], [ 0.492869, 42.983831 ], [ 0.498503, 42.995286 ], [ 0.499307, 42.998832 ], [ 0.498774, 43.000963 ], [ 0.496854, 43.00277 ], [ 0.48311, 43.012789 ], [ 0.481073, 43.017353 ], [ 0.483442, 43.020579 ], [ 0.486211, 43.028805 ] ] ] ] } },
{ "type": "Feature", "properties": { "codgeo": "65420", "libgeo": "Sère-en-Lavedan", "dept": "65" }, "geometry": { "type": "MultiPolygon", "coordinates": [ [ [ [ -0.152332, 43.015502 ], [ -0.15088, 43.017807 ], [ -0.14581, 43.020242 ], [ -0.129924, 43.024446 ], [ -0.11726, 43.021289 ], [ -0.114231, 43.022494 ], [ -0.107916, 43.020455 ], [ -0.109001, 43.019196 ], [ -0.114129, 43.017263 ], [ -0.139355, 43.016716 ], [ -0.152332, 43.015502 ] ] ] ] } },
{ "type": "Feature", "properties": { "codgeo": "65421", "libgeo": "Sère-Lanso", "dept": "65" }, "geometry": { "type": "MultiPolygon", "coordinates": [ [ [ [ 0.023662, 43.075073 ], [ 0.034072, 43.067718 ], [ 0.037064, 43.064672 ], [ 0.029771, 43.062149 ], [ 0.013733, 43.059321 ], [ -0.004589, 43.060705 ], [ 0.007868, 43.07554 ], [ 0.01034, 43.076637 ], [ 0.023662, 43.075073 ] ] ] ] } },
{ "type": "Feature", "properties": { "codgeo": "65424", "libgeo": "Sers", "dept": "65" }, "geometry": { "type": "MultiPolygon", "coordinates": [ [ [ [ 0.046965, 42.890577 ], [ 0.043466, 42.886354 ], [ 0.040039, 42.883876 ], [ 0.036734, 42.88305 ], [ 0.03433, 42.883286 ], [ 0.034713, 42.884071 ], [ 0.028359, 42.89279 ], [ 0.024418, 42.89505 ], [ 0.021775, 42.89871 ], [ 0.02149, 42.907414 ], [ 0.018365, 42.910951 ], [ 0.00954, 42.912439 ], [ 0.014889, 42.915365 ], [ 0.02041, 42.916665 ], [ 0.026776, 42.919813 ], [ 0.026991, 42.92698 ], [ 0.030786, 42.926825 ], [ 0.039227, 42.930567 ], [ 0.046531, 42.932343 ], [ 0.05271, 42.925709 ], [ 0.058193, 42.923435 ], [ 0.075207, 42.920979 ], [ 0.105212, 42.924491 ], [ 0.110293, 42.926559 ], [ 0.11373, 42.933744 ], [ 0.129709, 42.934683 ], [ 0.135456, 42.934025 ], [ 0.138754, 42.931025 ], [ 0.142545, 42.920391 ], [ 0.143515, 42.911322 ], [ 0.145406, 42.908445 ], [ 0.140706, 42.905715 ], [ 0.13677, 42.904581 ], [ 0.127619, 42.90678 ], [ 0.117767, 42.906771 ], [ 0.096647, 42.904655 ], [ 0.057214, 42.895498 ], [ 0.046965, 42.890577 ] ] ] ] } },
{ "type": "Feature", "properties": { "codgeo": "65427", "libgeo": "Siradan", "dept": "65" }, "geometry": { "type": "MultiPolygon", "coordinates": [ [ [ [ 0.620075, 42.97233 ], [ 0.623734, 42.969223 ], [ 0.628407, 42.968373 ], [ 0.629842, 42.967277 ], [ 0.629901, 42.965993 ], [ 0.619162, 42.960453 ], [ 0.615398, 42.959494 ], [ 0.608353, 42.963568 ], [ 0.606109, 42.973487 ], [ 0.603844, 42.977593 ], [ 0.608765, 42.9792 ], [ 0.613894, 42.982023 ], [ 0.618896, 42.972327 ], [ 0.620075, 42.97233 ] ] ] ] } },
{ "type": "Feature", "properties": { "codgeo": "65428", "libgeo": "Sireix", "dept": "65" }, "geometry": { "type": "MultiPolygon", "coordinates": [ [ [ [ -0.149333, 42.979928 ], [ -0.143173, 42.978603 ], [ -0.148499, 42.968174 ], [ -0.15644, 42.956769 ], [ -0.162055, 42.952469 ], [ -0.16852, 42.950133 ], [ -0.165702, 42.954538 ], [ -0.1586, 42.961484 ], [ -0.153177, 42.975452 ], [ -0.149333, 42.979928 ] ] ] ] } },
{ "type": "Feature", "properties": { "codgeo": "65431", "libgeo": "Sost", "dept": "65" }, "geometry": { "type": "MultiPolygon", "coordinates": [ [ [ [ 0.5541, 42.860201 ], [ 0.546119, 42.862098 ], [ 0.53744, 42.862792 ], [ 0.534177, 42.861254 ], [ 0.532404, 42.86329 ], [ 0.525542, 42.86755 ], [ 0.524701, 42.879153 ], [ 0.529753, 42.892643 ], [ 0.531228, 42.900571 ], [ 0.530978, 42.927328 ], [ 0.532733, 42.929624 ], [ 0.538509, 42.933618 ], [ 0.55167, 42.931934 ], [ 0.56121, 42.937469 ], [ 0.56818, 42.938276 ], [ 0.571587, 42.937849 ], [ 0.573318, 42.934174 ], [ 0.574457, 42.927242 ], [ 0.573893, 42.921164 ], [ 0.576555, 42.912616 ], [ 0.592289, 42.908534 ], [ 0.586541, 42.899761 ], [ 0.585655, 42.894347 ], [ 0.582075, 42.887083 ], [ 0.579756, 42.884574 ], [ 0.579561, 42.882953 ], [ 0.57644, 42.8807 ], [ 0.577662, 42.876705 ], [ 0.575166, 42.874013 ], [ 0.574988, 42.871854 ], [ 0.575935, 42.870828 ], [ 0.562471, 42.862608 ], [ 0.562344, 42.860756 ], [ 0.558834, 42.86129 ], [ 0.5541, 42.860201 ] ] ] ] } },
{ "type": "Feature", "properties": { "codgeo": "65435", "libgeo": "Soulom", "dept": "65" }, "geometry": { "type": "MultiPolygon", "coordinates": [ [ [ [ -0.063848, 42.962583 ], [ -0.062639, 42.94889 ], [ -0.053591, 42.940103 ], [ -0.073193, 42.945807 ], [ -0.091784, 42.946686 ], [ -0.088997, 42.950314 ], [ -0.085057, 42.951544 ], [ -0.081563, 42.950718 ], [ -0.078563, 42.956354 ], [ -0.070833, 42.959024 ], [ -0.063848, 42.962583 ] ] ] ] } },
{ "type": "Feature", "properties": { "codgeo": "65437", "libgeo": "Tajan", "dept": "65" }, "geometry": { "type": "MultiPolygon", "coordinates": [ [ [ [ 0.44725, 43.195102 ], [ 0.458138, 43.194836 ], [ 0.47068, 43.19296 ], [ 0.469279, 43.182867 ], [ 0.454439, 43.177741 ], [ 0.436044, 43.161015 ], [ 0.43274, 43.161085 ], [ 0.433064, 43.162152 ], [ 0.431275, 43.162569 ], [ 0.431456, 43.164332 ], [ 0.442965, 43.182744 ], [ 0.44725, 43.195102 ] ] ] ] } },
{ "type": "Feature", "properties": { "codgeo": "65441", "libgeo": "Thèbe", "dept": "65" }, "geometry": { "type": "MultiPolygon", "coordinates": [ [ [ [ 0.577421, 42.964843 ], [ 0.579793, 42.967721 ], [ 0.585563, 42.971499 ], [ 0.591144, 42.973882 ], [ 0.59547, 42.974492 ], [ 0.603844, 42.977593 ], [ 0.606109, 42.973487 ], [ 0.608353, 42.963568 ], [ 0.61808, 42.957776 ], [ 0.620634, 42.952102 ], [ 0.621422, 42.947839 ], [ 0.615366, 42.936807 ], [ 0.605643, 42.933999 ], [ 0.60174, 42.946272 ], [ 0.588106, 42.960643 ], [ 0.582534, 42.964073 ], [ 0.577421, 42.964843 ] ] ] ] } },
{ "type": "Feature", "properties": { "codgeo": "65444", "libgeo": "Tibiran-Jaunac", "dept": "65" }, "geometry": { "type": "MultiPolygon", "coordinates": [ [ [ [ 0.558234, 43.062793 ], [ 0.561756, 43.059788 ], [ 0.561089, 43.046325 ], [ 0.565486, 43.040874 ], [ 0.565336, 43.037537 ], [ 0.567241, 43.037448 ], [ 0.565901, 43.036052 ], [ 0.562511, 43.035777 ], [ 0.547235, 43.044826 ], [ 0.537932, 43.041643 ], [ 0.535122, 43.037048 ], [ 0.532646, 43.039846 ], [ 0.532497, 43.042638 ], [ 0.529455, 43.047044 ], [ 0.529316, 43.048749 ], [ 0.538229, 43.052512 ], [ 0.540428, 43.065877 ], [ 0.544118, 43.066251 ], [ 0.556862, 43.072106 ], [ 0.561939, 43.072212 ], [ 0.556925, 43.066423 ], [ 0.558234, 43.062793 ] ] ] ] } },
{ "type": "Feature", "properties": { "codgeo": "65445", "libgeo": "Tilhouse", "dept": "65" }, "geometry": { "type": "MultiPolygon", "coordinates": [ [ [ [ 0.354257, 43.080352 ], [ 0.348324, 43.079063 ], [ 0.320563, 43.083293 ], [ 0.311333, 43.081549 ], [ 0.304909, 43.079085 ], [ 0.303218, 43.072795 ], [ 0.29926, 43.074121 ], [ 0.292689, 43.073958 ], [ 0.292496, 43.07595 ], [ 0.288406, 43.081708 ], [ 0.281848, 43.085507 ], [ 0.286403, 43.092584 ], [ 0.294527, 43.094569 ], [ 0.301739, 43.09515 ], [ 0.310074, 43.0906 ], [ 0.317698, 43.090383 ], [ 0.324123, 43.091806 ], [ 0.328102, 43.091474 ], [ 0.354257, 43.080352 ] ] ] ] } },
{ "type": "Feature", "properties": { "codgeo": "65450", "libgeo": "Tramezaïgues", "dept": "65" }, "geometry": { "type": "MultiPolygon", "coordinates": [ [ [ [ 0.281318, 42.803246 ], [ 0.283868, 42.802815 ], [ 0.287637, 42.803399 ], [ 0.297504, 42.800463 ], [ 0.293925, 42.798668 ], [ 0.294441, 42.788996 ], [ 0.296893, 42.786581 ], [ 0.292091, 42.777181 ], [ 0.282032, 42.771929 ], [ 0.27683, 42.764112 ], [ 0.2769, 42.758345 ], [ 0.265863, 42.747978 ], [ 0.264285, 42.742109 ], [ 0.267625, 42.733136 ], [ 0.266794, 42.726807 ], [ 0.264481, 42.720434 ], [ 0.260186, 42.715984 ], [ 0.254727, 42.717705 ], [ 0.234745, 42.718384 ], [ 0.225641, 42.717664 ], [ 0.216674, 42.721962 ], [ 0.207673, 42.7276 ], [ 0.206243, 42.729362 ], [ 0.208517, 42.737615 ], [ 0.215289, 42.746842 ], [ 0.217727, 42.76058 ], [ 0.22617, 42.772233 ], [ 0.236981, 42.781651 ], [ 0.244718, 42.783034 ], [ 0.243251, 42.777564 ], [ 0.258527, 42.767969 ], [ 0.270982, 42.78704 ], [ 0.275231, 42.797279 ], [ 0.281019, 42.801961 ], [ 0.281318, 42.803246 ] ] ] ] } },
{ "type": "Feature", "properties": { "codgeo": "65451", "libgeo": "Trébons", "dept": "65" }, "geometry": { "type": "MultiPolygon", "coordinates": [ [ [ [ 0.114909, 43.079924 ], [ 0.103254, 43.080392 ], [ 0.097549, 43.079316 ], [ 0.095649, 43.077689 ], [ 0.092139, 43.077652 ], [ 0.089853, 43.078835 ], [ 0.086432, 43.083142 ], [ 0.092619, 43.106716 ], [ 0.105924, 43.111678 ], [ 0.116799, 43.112867 ], [ 0.129107, 43.101867 ], [ 0.132338, 43.097006 ], [ 0.124117, 43.085282 ], [ 0.120494, 43.081817 ], [ 0.114909, 43.079924 ] ] ] ] } },
{ "type": "Feature", "properties": { "codgeo": "65453", "libgeo": "Troubat", "dept": "65" }, "geometry": { "type": "MultiPolygon", "coordinates": [ [ [ [ 0.561004, 42.970635 ], [ 0.56423, 42.971706 ], [ 0.574766, 42.971802 ], [ 0.578015, 42.974435 ], [ 0.576183, 42.978451 ], [ 0.576646, 42.981712 ], [ 0.580017, 42.982676 ], [ 0.581433, 42.985256 ], [ 0.583534, 42.985765 ], [ 0.588393, 42.983918 ], [ 0.590519, 42.98183 ], [ 0.59431, 42.981482 ], [ 0.599349, 42.976127 ], [ 0.59547, 42.974492 ], [ 0.591144, 42.973882 ], [ 0.585563, 42.971499 ], [ 0.579793, 42.967721 ], [ 0.577421, 42.964843 ], [ 0.573329, 42.964641 ], [ 0.561004, 42.970635 ] ] ] ] } },
{ "type": "Feature", "properties": { "codgeo": "65455", "libgeo": "Tuzaguet", "dept": "65" }, "geometry": { "type": "MultiPolygon", "coordinates": [ [ [ [ 0.465482, 43.09132 ], [ 0.466035, 43.089726 ], [ 0.45939, 43.090422 ], [ 0.458689, 43.083381 ], [ 0.459538, 43.075739 ], [ 0.458406, 43.070813 ], [ 0.45566, 43.067066 ], [ 0.438222, 43.071153 ], [ 0.42736, 43.076644 ], [ 0.422466, 43.07782 ], [ 0.419375, 43.093163 ], [ 0.445939, 43.09549 ], [ 0.462982, 43.091183 ], [ 0.465482, 43.09132 ] ] ] ] } },
{ "type": "Feature", "properties": { "codgeo": "65456", "libgeo": "Uglas", "dept": "65" }, "geometry": { "type": "MultiPolygon", "coordinates": [ [ [ [ 0.456463, 43.144824 ], [ 0.427675, 43.118612 ], [ 0.413633, 43.124638 ], [ 0.416451, 43.129898 ], [ 0.418404, 43.136484 ], [ 0.42372, 43.144585 ], [ 0.426589, 43.144031 ], [ 0.443779, 43.152451 ], [ 0.454121, 43.160737 ], [ 0.465752, 43.158264 ], [ 0.46729, 43.157245 ], [ 0.456463, 43.144824 ] ] ] ] } },
{ "type": "Feature", "properties": { "codgeo": "65458", "libgeo": "Uz", "dept": "65" }, "geometry": { "type": "MultiPolygon", "coordinates": [ [ [ [ -0.091784, 42.946686 ], [ -0.099129, 42.948718 ], [ -0.098142, 42.958094 ], [ -0.095664, 42.958256 ], [ -0.092809, 42.959608 ], [ -0.092604, 42.965936 ], [ -0.089985, 42.972045 ], [ -0.083088, 42.968534 ], [ -0.080775, 42.965329 ], [ -0.083111, 42.961326 ], [ -0.082621, 42.956191 ], [ -0.085057, 42.951544 ], [ -0.088997, 42.950314 ], [ -0.091784, 42.946686 ] ] ] ] } },
{ "type": "Feature", "properties": { "codgeo": "65459", "libgeo": "Uzer", "dept": "65" }, "geometry": { "type": "MultiPolygon", "coordinates": [ [ [ [ 0.186544, 43.086086 ], [ 0.190001, 43.082871 ], [ 0.193942, 43.08212 ], [ 0.202122, 43.084454 ], [ 0.203339, 43.086781 ], [ 0.207443, 43.088739 ], [ 0.208473, 43.087293 ], [ 0.204291, 43.072511 ], [ 0.203204, 43.073747 ], [ 0.200375, 43.070375 ], [ 0.191898, 43.068013 ], [ 0.180236, 43.071445 ], [ 0.17475, 43.072252 ], [ 0.174994, 43.074665 ], [ 0.182078, 43.082765 ], [ 0.186544, 43.086086 ] ] ] ] } },
{ "type": "Feature", "properties": { "codgeo": "65463", "libgeo": "Viella", "dept": "65" }, "geometry": { "type": "MultiPolygon", "coordinates": [ [ [ [ 0.029761, 42.860656 ], [ 0.015406, 42.868395 ], [ 0.011353, 42.871584 ], [ 0.008962, 42.876902 ], [ 0.028076, 42.881368 ], [ 0.031922, 42.879544 ], [ 0.036372, 42.870488 ], [ 0.036392, 42.858387 ], [ 0.029761, 42.860656 ] ] ] ] } },
{ "type": "Feature", "properties": { "codgeo": "65465", "libgeo": "Vielle-Aure", "dept": "65" }, "geometry": { "type": "MultiPolygon", "coordinates": [ [ [ [ 0.307154, 42.841493 ], [ 0.308621, 42.842899 ], [ 0.31694, 42.845201 ], [ 0.321669, 42.847494 ], [ 0.323846, 42.848884 ], [ 0.325605, 42.851721 ], [ 0.340361, 42.84731 ], [ 0.340243, 42.84253 ], [ 0.331812, 42.828706 ], [ 0.331633, 42.826815 ], [ 0.333009, 42.824492 ], [ 0.331071, 42.82343 ], [ 0.331714, 42.824244 ], [ 0.328329, 42.82555 ], [ 0.327231, 42.823965 ], [ 0.325143, 42.824149 ], [ 0.317153, 42.828807 ], [ 0.314235, 42.83177 ], [ 0.307057, 42.836363 ], [ 0.291294, 42.8378 ], [ 0.275389, 42.834416 ], [ 0.261755, 42.834246 ], [ 0.256769, 42.833004 ], [ 0.242499, 42.835293 ], [ 0.238692, 42.835135 ], [ 0.233984, 42.831399 ], [ 0.228904, 42.829182 ], [ 0.223308, 42.828121 ], [ 0.195413, 42.833292 ], [ 0.180517, 42.8328 ], [ 0.14473, 42.837078 ], [ 0.137678, 42.839843 ], [ 0.123522, 42.85239 ], [ 0.130582, 42.856859 ], [ 0.136698, 42.857845 ], [ 0.144992, 42.857012 ], [ 0.147724, 42.857488 ], [ 0.154826, 42.859882 ], [ 0.161847, 42.863727 ], [ 0.173272, 42.875085 ], [ 0.174308, 42.879678 ], [ 0.173662, 42.882594 ], [ 0.174427, 42.883157 ], [ 0.191921, 42.876708 ], [ 0.204334, 42.867167 ], [ 0.210969, 42.866244 ], [ 0.211715, 42.866796 ], [ 0.21622, 42.864756 ], [ 0.218534, 42.860535 ], [ 0.227021, 42.849617 ], [ 0.236295, 42.845471 ], [ 0.235727, 42.840424 ], [ 0.233614, 42.835724 ], [ 0.235961, 42.83382 ], [ 0.23866, 42.835193 ], [ 0.242522, 42.835414 ], [ 0.255075, 42.833392 ], [ 0.261721, 42.834363 ], [ 0.276876, 42.834823 ], [ 0.307154, 42.841493 ] ] ] ] } },
{ "type": "Feature", "properties": { "codgeo": "65466", "libgeo": "Vielle-Louron", "dept": "65" }, "geometry": { "type": "MultiPolygon", "coordinates": [ [ [ [ 0.40899, 42.837462 ], [ 0.409934, 42.836032 ], [ 0.408912, 42.826658 ], [ 0.389509, 42.827268 ], [ 0.384922, 42.826742 ], [ 0.383119, 42.837555 ], [ 0.38555, 42.840342 ], [ 0.389496, 42.842847 ], [ 0.40899, 42.837462 ] ] ] ] } },
{ "type": "Feature", "properties": { "codgeo": "65467", "libgeo": "Vier-Bordes", "dept": "65" }, "geometry": { "type": "MultiPolygon", "coordinates": [ [ [ [ -0.017906, 43.003909 ], [ -0.008535, 42.98988 ], [ -0.000238, 42.980485 ], [ -0.000184, 42.978843 ], [ -0.010052, 42.981811 ], [ -0.026934, 42.978295 ], [ -0.04025, 42.985302 ], [ -0.049147, 42.988818 ], [ -0.056816, 42.99687 ], [ -0.058619, 43.00533 ], [ -0.043478, 43.006294 ], [ -0.032277, 43.006102 ], [ -0.017906, 43.003909 ] ] ] ] } },
{ "type": "Feature", "properties": { "codgeo": "65469", "libgeo": "Viey", "dept": "65" }, "geometry": { "type": "MultiPolygon", "coordinates": [ [ [ [ 0.03433, 42.883286 ], [ 0.030435, 42.88338 ], [ 0.028076, 42.881368 ], [ 0.010231, 42.877432 ], [ 0.008639, 42.881713 ], [ 0.004521, 42.886853 ], [ 0.003615, 42.891068 ], [ 0.00519, 42.901453 ], [ 0.009504, 42.904363 ], [ 0.010533, 42.90635 ], [ 0.006945, 42.909767 ], [ 0.00954, 42.912439 ], [ 0.018365, 42.910951 ], [ 0.02149, 42.907414 ], [ 0.021775, 42.89871 ], [ 0.024418, 42.89505 ], [ 0.028359, 42.89279 ], [ 0.034713, 42.884071 ], [ 0.03433, 42.883286 ] ] ] ] } },
{ "type": "Feature", "properties": { "codgeo": "65470", "libgeo": "Viger", "dept": "65" }, "geometry": { "type": "MultiPolygon", "coordinates": [ [ [ [ -0.042626, 43.064805 ], [ -0.04243, 43.061965 ], [ -0.043464, 43.0605 ], [ -0.047361, 43.055538 ], [ -0.053028, 43.05138 ], [ -0.073771, 43.051407 ], [ -0.077454, 43.052163 ], [ -0.069908, 43.054511 ], [ -0.061434, 43.060222 ], [ -0.058972, 43.063395 ], [ -0.055246, 43.072418 ], [ -0.049223, 43.069557 ], [ -0.042626, 43.064805 ] ] ] ] } },
{ "type": "Feature", "properties": { "codgeo": "65471", "libgeo": "Vignec", "dept": "65" }, "geometry": { "type": "MultiPolygon", "coordinates": [ [ [ [ 0.259341, 42.806924 ], [ 0.253006, 42.808731 ], [ 0.247299, 42.811928 ], [ 0.251925, 42.811749 ], [ 0.256091, 42.812656 ], [ 0.266917, 42.82034 ], [ 0.276194, 42.821021 ], [ 0.284343, 42.819763 ], [ 0.287977, 42.81697 ], [ 0.288185, 42.814965 ], [ 0.286859, 42.814349 ], [ 0.264883, 42.808516 ], [ 0.263804, 42.806993 ], [ 0.259341, 42.806924 ] ] ], [ [ [ 0.305669, 42.820369 ], [ 0.300627, 42.820488 ], [ 0.294437, 42.817422 ], [ 0.303984, 42.828877 ], [ 0.305578, 42.832141 ], [ 0.304326, 42.836433 ], [ 0.307057, 42.836363 ], [ 0.314235, 42.83177 ], [ 0.317153, 42.828807 ], [ 0.325143, 42.824149 ], [ 0.320002, 42.81873 ], [ 0.316991, 42.818528 ], [ 0.305669, 42.820369 ] ] ] ] } },
{ "type": "Feature", "properties": { "codgeo": "65473", "libgeo": "Villelongue", "dept": "65" }, "geometry": { "type": "MultiPolygon", "coordinates": [ [ [ [ -0.062639, 42.94889 ], [ -0.063416, 42.964859 ], [ -0.060389, 42.965447 ], [ -0.053586, 42.9646 ], [ -0.046356, 42.959376 ], [ -0.037196, 42.956345 ], [ -0.019381, 42.956682 ], [ -0.007745, 42.958722 ], [ -0.005739, 42.960599 ], [ -0.003676, 42.961197 ], [ 0.000118, 42.961451 ], [ 0.010181, 42.960319 ], [ 0.018124, 42.934489 ], [ 0.021409, 42.9297 ], [ 0.026991, 42.92698 ], [ 0.026776, 42.919813 ], [ 0.02041, 42.916665 ], [ 0.014889, 42.915365 ], [ 0.00954, 42.912439 ], [ 0.005515, 42.920053 ], [ -0.001207, 42.92673 ], [ -0.022881, 42.932876 ], [ -0.035921, 42.937445 ], [ -0.049003, 42.936644 ], [ -0.062639, 42.94889 ] ] ] ] } },
{ "type": "Feature", "properties": { "codgeo": "65478", "libgeo": "Viscos", "dept": "65" }, "geometry": { "type": "MultiPolygon", "coordinates": [ [ [ [ -0.035444, 42.907226 ], [ -0.037013, 42.906374 ], [ -0.03564, 42.902348 ], [ -0.051282, 42.903189 ], [ -0.070114, 42.911358 ], [ -0.068861, 42.922937 ], [ -0.066384, 42.928885 ], [ -0.059802, 42.931845 ], [ -0.046816, 42.930711 ], [ -0.042353, 42.926885 ], [ -0.040426, 42.916941 ], [ -0.035444, 42.907226 ] ] ] ] } },
{ "type": "Feature", "properties": { "codgeo": "65481", "libgeo": "Barèges", "dept": "65" }, "geometry": { "type": "MultiPolygon", "coordinates": [ [ [ [ 0.099891, 42.831258 ], [ 0.097572, 42.840563 ], [ 0.099365, 42.848682 ], [ 0.094254, 42.855394 ], [ 0.073117, 42.870795 ], [ 0.05972, 42.884386 ], [ 0.046965, 42.890577 ], [ 0.057214, 42.895498 ], [ 0.096647, 42.904655 ], [ 0.117767, 42.906771 ], [ 0.127619, 42.90678 ], [ 0.13677, 42.904581 ], [ 0.140706, 42.905715 ], [ 0.145406, 42.908445 ], [ 0.149135, 42.898773 ], [ 0.155942, 42.887275 ], [ 0.157689, 42.885882 ], [ 0.167208, 42.883281 ], [ 0.173662, 42.882594 ], [ 0.174308, 42.879678 ], [ 0.173272, 42.875085 ], [ 0.161847, 42.863727 ], [ 0.154826, 42.859882 ], [ 0.144992, 42.857012 ], [ 0.136698, 42.857845 ], [ 0.130582, 42.856859 ], [ 0.123522, 42.85239 ], [ 0.115759, 42.84347 ], [ 0.113884, 42.839086 ], [ 0.115517, 42.834682 ], [ 0.111476, 42.830458 ], [ 0.107486, 42.827724 ], [ 0.099891, 42.831258 ] ] ] ] } },
{ "type": "Feature", "properties": { "codgeo": "65482", "libgeo": "Cantaous", "dept": "65" }, "geometry": { "type": "MultiPolygon", "coordinates": [ [ [ [ 0.452704, 43.112427 ], [ 0.452989, 43.111259 ], [ 0.464929, 43.11132 ], [ 0.46384, 43.106569 ], [ 0.465482, 43.09132 ], [ 0.462982, 43.091183 ], [ 0.445939, 43.09549 ], [ 0.419375, 43.093163 ], [ 0.418617, 43.096414 ], [ 0.419458, 43.101742 ], [ 0.434142, 43.105371 ], [ 0.452704, 43.112427 ] ] ] ] } },
{ "type": "Feature", "properties": { "codgeo": "66001", "libgeo": "L'Albère", "dept": "66" }, "geometry": { "type": "MultiPolygon", "coordinates": [ [ [ [ 2.932793, 42.474395 ], [ 2.929481, 42.470988 ], [ 2.924506, 42.458546 ], [ 2.9178, 42.456263 ], [ 2.908311, 42.45712 ], [ 2.899808, 42.459142 ], [ 2.888225, 42.460758 ], [ 2.88676, 42.459941 ], [ 2.885277, 42.463914 ], [ 2.880789, 42.467144 ], [ 2.874982, 42.469577 ], [ 2.872037, 42.469327 ], [ 2.865348, 42.471909 ], [ 2.862855, 42.474838 ], [ 2.861513, 42.478754 ], [ 2.862217, 42.489662 ], [ 2.869388, 42.492868 ], [ 2.881973, 42.494828 ], [ 2.894636, 42.492054 ], [ 2.907106, 42.488046 ], [ 2.909972, 42.487623 ], [ 2.911685, 42.4884 ], [ 2.917684, 42.484338 ], [ 2.921376, 42.48005 ], [ 2.932793, 42.474395 ] ] ] ] } },
{ "type": "Feature", "properties": { "codgeo": "66003", "libgeo": "Amélie-les-Bains-Palalda", "dept": "66" }, "geometry": { "type": "MultiPolygon", "coordinates": [ [ [ [ 2.660184, 42.496867 ], [ 2.677623, 42.491566 ], [ 2.693079, 42.489599 ], [ 2.699074, 42.486508 ], [ 2.695867, 42.484997 ], [ 2.691472, 42.471756 ], [ 2.687413, 42.468802 ], [ 2.678233, 42.466379 ], [ 2.671214, 42.465356 ], [ 2.672182, 42.459393 ], [ 2.677367, 42.458366 ], [ 2.683839, 42.459358 ], [ 2.685208, 42.459007 ], [ 2.690341, 42.456862 ], [ 2.700366, 42.450378 ], [ 2.707525, 42.441581 ], [ 2.720567, 42.431798 ], [ 2.72416, 42.422737 ], [ 2.716597, 42.421354 ], [ 2.71062, 42.415984 ], [ 2.695717, 42.408924 ], [ 2.674032, 42.404808 ], [ 2.673026, 42.405367 ], [ 2.67158, 42.413952 ], [ 2.675145, 42.418221 ], [ 2.670933, 42.423406 ], [ 2.666364, 42.424705 ], [ 2.650686, 42.425867 ], [ 2.649987, 42.430002 ], [ 2.650585, 42.432885 ], [ 2.655998, 42.440321 ], [ 2.665463, 42.461011 ], [ 2.664698, 42.466968 ], [ 2.660471, 42.472598 ], [ 2.660182, 42.476599 ], [ 2.665344, 42.482584 ], [ 2.662615, 42.493646 ], [ 2.660184, 42.496867 ] ] ] ] } },
{ "type": "Feature", "properties": { "codgeo": "66004", "libgeo": "Les Angles", "dept": "66" }, "geometry": { "type": "MultiPolygon", "coordinates": [ [ [ [ 2.091488, 42.545714 ], [ 2.087894, 42.544547 ], [ 2.06735, 42.547085 ], [ 2.055575, 42.551938 ], [ 2.043875, 42.555155 ], [ 2.032334, 42.563073 ], [ 2.023806, 42.567605 ], [ 2.02077, 42.567398 ], [ 2.019157, 42.566458 ], [ 2.015638, 42.556533 ], [ 2.002231, 42.557005 ], [ 1.998863, 42.563588 ], [ 1.998452, 42.567041 ], [ 2.002728, 42.576169 ], [ 2.005643, 42.587415 ], [ 2.004229, 42.593914 ], [ 1.998049, 42.597292 ], [ 1.994333, 42.600897 ], [ 1.98554, 42.611114 ], [ 1.984262, 42.613917 ], [ 1.988421, 42.61481 ], [ 1.994905, 42.614317 ], [ 1.9998, 42.60768 ], [ 2.002856, 42.600064 ], [ 2.012611, 42.59807 ], [ 2.039503, 42.603046 ], [ 2.06692, 42.606073 ], [ 2.077967, 42.602196 ], [ 2.084868, 42.600582 ], [ 2.113638, 42.601177 ], [ 2.106392, 42.593051 ], [ 2.103854, 42.588395 ], [ 2.101346, 42.581815 ], [ 2.101212, 42.575583 ], [ 2.099022, 42.572499 ], [ 2.0883, 42.562689 ], [ 2.084344, 42.560722 ], [ 2.083835, 42.557265 ], [ 2.089925, 42.546972 ], [ 2.091488, 42.545714 ] ] ] ] } },
{ "type": "Feature", "properties": { "codgeo": "66005", "libgeo": "Angoustrine-Villeneuve-des-Escaldes", "dept": "66" }, "geometry": { "type": "MultiPolygon", "coordinates": [ [ [ [ 1.876032, 42.573649 ], [ 1.873158, 42.587017 ], [ 1.873741, 42.590021 ], [ 1.883975, 42.589724 ], [ 1.88765, 42.590957 ], [ 1.891103, 42.593391 ], [ 1.900243, 42.615216 ], [ 1.907321, 42.608639 ], [ 1.911471, 42.6076 ], [ 1.930701, 42.605615 ], [ 1.944416, 42.609784 ], [ 1.959277, 42.617077 ], [ 1.965239, 42.616262 ], [ 1.972339, 42.617123 ], [ 1.976567, 42.621549 ], [ 1.983031, 42.614187 ], [ 1.984262, 42.613917 ], [ 1.98554, 42.611114 ], [ 1.994333, 42.600897 ], [ 1.998049, 42.597292 ], [ 2.004229, 42.593914 ], [ 2.005643, 42.587415 ], [ 2.002728, 42.576169 ], [ 1.998452, 42.567041 ], [ 1.998863, 42.563588 ], [ 2.002231, 42.557005 ], [ 2.015638, 42.556533 ], [ 2.011162, 42.545486 ], [ 2.004575, 42.544409 ], [ 1.998031, 42.538017 ], [ 1.977217, 42.532269 ], [ 1.972555, 42.527998 ], [ 1.966786, 42.505845 ], [ 1.966781, 42.499976 ], [ 1.96875, 42.498319 ], [ 1.980699, 42.495037 ], [ 1.978466, 42.494593 ], [ 1.97786, 42.491468 ], [ 1.972937, 42.483251 ], [ 1.965962, 42.479532 ], [ 1.960235, 42.470416 ], [ 1.956052, 42.471198 ], [ 1.946438, 42.471212 ], [ 1.944844, 42.472014 ], [ 1.946184, 42.473061 ], [ 1.948931, 42.47941 ], [ 1.949972, 42.485694 ], [ 1.948309, 42.491442 ], [ 1.939867, 42.505914 ], [ 1.940214, 42.510918 ], [ 1.942036, 42.515666 ], [ 1.951821, 42.52398 ], [ 1.949965, 42.536229 ], [ 1.944434, 42.542284 ], [ 1.924833, 42.55202 ], [ 1.916842, 42.549262 ], [ 1.895429, 42.562147 ], [ 1.888928, 42.562995 ], [ 1.882626, 42.566547 ], [ 1.876032, 42.573649 ] ] ] ] } },
{ "type": "Feature", "properties": { "codgeo": "66006", "libgeo": "Ansignan", "dept": "66" }, "geometry": { "type": "MultiPolygon", "coordinates": [ [ [ [ 2.543736, 42.751834 ], [ 2.538522, 42.75259 ], [ 2.521467, 42.749926 ], [ 2.505653, 42.751309 ], [ 2.506367, 42.754177 ], [ 2.501332, 42.762136 ], [ 2.501543, 42.772059 ], [ 2.509959, 42.779933 ], [ 2.51962, 42.777245 ], [ 2.532805, 42.767475 ], [ 2.541925, 42.764011 ], [ 2.544633, 42.761526 ], [ 2.544412, 42.758222 ], [ 2.545651, 42.753888 ], [ 2.543736, 42.751834 ] ] ] ] } },
{ "type": "Feature", "properties": { "codgeo": "66007", "libgeo": "Arboussols", "dept": "66" }, "geometry": { "type": "MultiPolygon", "coordinates": [ [ [ [ 2.530436, 42.654198 ], [ 2.520133, 42.653859 ], [ 2.502131, 42.646941 ], [ 2.494348, 42.650685 ], [ 2.487365, 42.652744 ], [ 2.474011, 42.654253 ], [ 2.460164, 42.672293 ], [ 2.469362, 42.680013 ], [ 2.482377, 42.684739 ], [ 2.485859, 42.686817 ], [ 2.498827, 42.681776 ], [ 2.526907, 42.660742 ], [ 2.530645, 42.65544 ], [ 2.530436, 42.654198 ] ] ] ] } },
{ "type": "Feature", "properties": { "codgeo": "66008", "libgeo": "Argelès-sur-Mer", "dept": "66" }, "geometry": { "type": "MultiPolygon", "coordinates": [ [ [ [ 3.052854, 42.540762 ], [ 3.057399, 42.536648 ], [ 3.060401, 42.535459 ], [ 3.076186, 42.533652 ], [ 3.073186, 42.53203 ], [ 3.067821, 42.533227 ], [ 3.063218, 42.531533 ], [ 3.058666, 42.527523 ], [ 3.052555, 42.516391 ], [ 3.058985, 42.493371 ], [ 3.063661, 42.486385 ], [ 3.069354, 42.48319 ], [ 3.06538, 42.480767 ], [ 3.063972, 42.477911 ], [ 3.053982, 42.474406 ], [ 3.049855, 42.473632 ], [ 3.040442, 42.474217 ], [ 3.038176, 42.473608 ], [ 3.029476, 42.473724 ], [ 3.016312, 42.468946 ], [ 3.009969, 42.468161 ], [ 3.000023, 42.47325 ], [ 3.011479, 42.475165 ], [ 3.022441, 42.480027 ], [ 3.024648, 42.481878 ], [ 3.028884, 42.491991 ], [ 3.028176, 42.495462 ], [ 3.025092, 42.501337 ], [ 3.019689, 42.508481 ], [ 3.003366, 42.514829 ], [ 3.000767, 42.515376 ], [ 2.988743, 42.514204 ], [ 2.981863, 42.516026 ], [ 2.976508, 42.518892 ], [ 2.970613, 42.530951 ], [ 2.979424, 42.531558 ], [ 2.985599, 42.533434 ], [ 2.990236, 42.544666 ], [ 2.999784, 42.559294 ], [ 3.000232, 42.561888 ], [ 2.995682, 42.570652 ], [ 2.993411, 42.572854 ], [ 2.991953, 42.57387 ], [ 2.985233, 42.574664 ], [ 2.984062, 42.573893 ], [ 2.982675, 42.574755 ], [ 2.98116, 42.579095 ], [ 2.977044, 42.58433 ], [ 2.98579, 42.585488 ], [ 2.992718, 42.585489 ], [ 3.02809, 42.592295 ], [ 3.044181, 42.593672 ], [ 3.048768, 42.553991 ], [ 3.052854, 42.540762 ] ] ] ] } },
{ "type": "Feature", "properties": { "codgeo": "66009", "libgeo": "Arles-sur-Tech", "dept": "66" }, "geometry": { "type": "MultiPolygon", "coordinates": [ [ [ [ 2.593411, 42.428758 ], [ 2.588915, 42.434718 ], [ 2.591117, 42.440142 ], [ 2.605039, 42.447714 ], [ 2.614731, 42.449639 ], [ 2.61664, 42.450821 ], [ 2.616671, 42.454815 ], [ 2.612927, 42.45936 ], [ 2.594871, 42.471068 ], [ 2.583864, 42.481729 ], [ 2.584264, 42.486387 ], [ 2.589053, 42.49256 ], [ 2.595102, 42.485155 ], [ 2.601084, 42.48173 ], [ 2.624099, 42.471172 ], [ 2.631181, 42.469851 ], [ 2.646929, 42.468555 ], [ 2.655979, 42.470198 ], [ 2.660471, 42.472598 ], [ 2.664698, 42.466968 ], [ 2.665463, 42.461011 ], [ 2.655998, 42.440321 ], [ 2.650585, 42.432885 ], [ 2.650465, 42.424352 ], [ 2.647401, 42.420232 ], [ 2.638501, 42.413644 ], [ 2.633119, 42.417377 ], [ 2.61819, 42.421469 ], [ 2.60775, 42.422728 ], [ 2.603291, 42.42408 ], [ 2.59535, 42.428551 ], [ 2.593411, 42.428758 ] ] ] ] } },
{ "type": "Feature", "properties": { "codgeo": "66010", "libgeo": "Ayguatébia-Talau", "dept": "66" }, "geometry": { "type": "MultiPolygon", "coordinates": [ [ [ [ 2.257395, 42.549975 ], [ 2.239463, 42.54732 ], [ 2.218419, 42.541388 ], [ 2.208758, 42.536689 ], [ 2.200978, 42.534787 ], [ 2.195257, 42.53382 ], [ 2.183275, 42.533489 ], [ 2.172452, 42.530868 ], [ 2.166462, 42.528381 ], [ 2.149908, 42.530152 ], [ 2.140026, 42.538064 ], [ 2.135022, 42.544886 ], [ 2.135488, 42.546182 ], [ 2.138958, 42.546662 ], [ 2.140649, 42.55034 ], [ 2.149083, 42.556632 ], [ 2.162777, 42.562316 ], [ 2.167602, 42.565915 ], [ 2.166077, 42.568561 ], [ 2.160647, 42.572199 ], [ 2.157594, 42.573414 ], [ 2.149056, 42.57324 ], [ 2.145219, 42.576373 ], [ 2.161097, 42.584168 ], [ 2.165373, 42.58035 ], [ 2.167145, 42.576798 ], [ 2.174879, 42.574519 ], [ 2.187663, 42.57796 ], [ 2.189115, 42.580252 ], [ 2.187037, 42.585151 ], [ 2.189275, 42.586196 ], [ 2.188946, 42.585499 ], [ 2.194623, 42.582628 ], [ 2.200484, 42.576624 ], [ 2.205791, 42.563032 ], [ 2.206866, 42.562041 ], [ 2.215411, 42.559516 ], [ 2.23481, 42.555721 ], [ 2.244768, 42.551554 ], [ 2.257395, 42.549975 ] ] ] ] } },
{ "type": "Feature", "properties": { "codgeo": "66013", "libgeo": "Baillestavy", "dept": "66" }, "geometry": { "type": "MultiPolygon", "coordinates": [ [ [ [ 2.532428, 42.58059 ], [ 2.545244, 42.569645 ], [ 2.558501, 42.559827 ], [ 2.552628, 42.546911 ], [ 2.544951, 42.549935 ], [ 2.540487, 42.550334 ], [ 2.524809, 42.543586 ], [ 2.50637, 42.54031 ], [ 2.506091, 42.548903 ], [ 2.498159, 42.561154 ], [ 2.495068, 42.567866 ], [ 2.495236, 42.585465 ], [ 2.497101, 42.589782 ], [ 2.503845, 42.596021 ], [ 2.50648, 42.59505 ], [ 2.510111, 42.587047 ], [ 2.513869, 42.58406 ], [ 2.525713, 42.582751 ], [ 2.532428, 42.58059 ] ] ] ] } },
{ "type": "Feature", "properties": { "codgeo": "66015", "libgeo": "Banyuls-dels-Aspres", "dept": "66" }, "geometry": { "type": "MultiPolygon", "coordinates": [ [ [ [ 2.851776, 42.584026 ], [ 2.864777, 42.5767 ], [ 2.868442, 42.575441 ], [ 2.877871, 42.581662 ], [ 2.882238, 42.577785 ], [ 2.890771, 42.558189 ], [ 2.887524, 42.553719 ], [ 2.884759, 42.551751 ], [ 2.876055, 42.549137 ], [ 2.872271, 42.546567 ], [ 2.862614, 42.549365 ], [ 2.85754, 42.548758 ], [ 2.855953, 42.549288 ], [ 2.85039, 42.557508 ], [ 2.848657, 42.563883 ], [ 2.845475, 42.56987 ], [ 2.838988, 42.577154 ], [ 2.845945, 42.579385 ], [ 2.850719, 42.582215 ], [ 2.851776, 42.584026 ] ] ] ] } },
{ "type": "Feature", "properties": { "codgeo": "66016", "libgeo": "Banyuls-sur-Mer", "dept": "66" }, "geometry": { "type": "MultiPolygon", "coordinates": [ [ [ [ 3.072358, 42.484344 ], [ 3.075648, 42.489415 ], [ 3.090612, 42.481045 ], [ 3.113142, 42.489249 ], [ 3.121644, 42.494083 ], [ 3.132735, 42.495066 ], [ 3.129508, 42.488571 ], [ 3.129866, 42.482446 ], [ 3.13078, 42.481647 ], [ 3.133272, 42.481769 ], [ 3.132923, 42.480644 ], [ 3.134534, 42.480146 ], [ 3.137338, 42.481044 ], [ 3.140727, 42.480662 ], [ 3.1519, 42.477959 ], [ 3.154026, 42.47364 ], [ 3.158761, 42.467916 ], [ 3.156944, 42.460234 ], [ 3.151883, 42.45897 ], [ 3.149821, 42.453454 ], [ 3.130188, 42.449998 ], [ 3.127238, 42.448652 ], [ 3.121049, 42.440216 ], [ 3.120875, 42.438184 ], [ 3.111378, 42.435309 ], [ 3.105324, 42.43035 ], [ 3.10268, 42.426611 ], [ 3.098884, 42.425155 ], [ 3.08501, 42.426161 ], [ 3.080196, 42.429055 ], [ 3.062942, 42.444242 ], [ 3.057906, 42.446193 ], [ 3.05504, 42.449178 ], [ 3.047263, 42.458413 ], [ 3.040442, 42.474217 ], [ 3.049855, 42.473632 ], [ 3.053982, 42.474406 ], [ 3.063972, 42.477911 ], [ 3.06538, 42.480767 ], [ 3.072358, 42.484344 ] ] ] ] } },
{ "type": "Feature", "properties": { "codgeo": "66018", "libgeo": "La Bastide", "dept": "66" }, "geometry": { "type": "MultiPolygon", "coordinates": [ [ [ [ 2.561623, 42.565322 ], [ 2.569329, 42.564274 ], [ 2.582814, 42.557946 ], [ 2.596631, 42.549785 ], [ 2.597804, 42.547041 ], [ 2.595809, 42.546437 ], [ 2.591419, 42.541663 ], [ 2.589233, 42.535697 ], [ 2.587108, 42.522675 ], [ 2.576046, 42.508777 ], [ 2.568709, 42.513202 ], [ 2.558784, 42.512282 ], [ 2.553019, 42.513952 ], [ 2.554889, 42.519421 ], [ 2.553068, 42.533426 ], [ 2.552628, 42.546911 ], [ 2.558501, 42.559827 ], [ 2.559621, 42.564228 ], [ 2.561623, 42.565322 ] ] ] ] } },
{ "type": "Feature", "properties": { "codgeo": "66019", "libgeo": "Bélesta", "dept": "66" }, "geometry": { "type": "MultiPolygon", "coordinates": [ [ [ [ 2.66089, 42.713365 ], [ 2.654074, 42.713182 ], [ 2.635954, 42.705435 ], [ 2.614285, 42.701473 ], [ 2.605059, 42.702616 ], [ 2.599721, 42.705105 ], [ 2.593765, 42.706446 ], [ 2.57817, 42.716965 ], [ 2.573481, 42.72306 ], [ 2.578892, 42.724819 ], [ 2.59034, 42.730818 ], [ 2.59174, 42.736055 ], [ 2.5996, 42.73418 ], [ 2.609286, 42.732949 ], [ 2.61746, 42.733733 ], [ 2.627122, 42.732352 ], [ 2.630879, 42.728874 ], [ 2.631643, 42.726056 ], [ 2.635313, 42.726046 ], [ 2.64182, 42.727893 ], [ 2.652067, 42.733157 ], [ 2.656761, 42.737307 ], [ 2.660373, 42.742541 ], [ 2.664979, 42.746665 ], [ 2.666261, 42.746796 ], [ 2.668408, 42.745887 ], [ 2.666217, 42.742706 ], [ 2.666061, 42.736677 ], [ 2.668376, 42.728768 ], [ 2.671622, 42.725851 ], [ 2.667145, 42.71739 ], [ 2.664424, 42.714843 ], [ 2.66089, 42.713365 ] ] ] ] } },
{ "type": "Feature", "properties": { "codgeo": "66020", "libgeo": "Bolquère", "dept": "66" }, "geometry": { "type": "MultiPolygon", "coordinates": [ [ [ [ 2.016141, 42.556848 ], [ 2.017952, 42.556936 ], [ 2.024902, 42.554403 ], [ 2.037035, 42.547337 ], [ 2.047589, 42.543127 ], [ 2.063549, 42.534675 ], [ 2.088997, 42.524228 ], [ 2.092628, 42.520401 ], [ 2.101244, 42.516394 ], [ 2.110019, 42.514342 ], [ 2.107857, 42.509753 ], [ 2.104883, 42.506045 ], [ 2.097224, 42.502506 ], [ 2.085076, 42.494966 ], [ 2.080449, 42.494531 ], [ 2.080269, 42.4928 ], [ 2.066849, 42.48754 ], [ 2.065288, 42.493249 ], [ 2.067026, 42.501789 ], [ 2.060973, 42.510342 ], [ 2.05583, 42.520962 ], [ 2.055867, 42.525773 ], [ 2.054549, 42.528308 ], [ 2.045264, 42.533373 ], [ 2.038574, 42.53568 ], [ 2.024079, 42.538111 ], [ 2.012902, 42.543658 ], [ 2.011162, 42.545486 ], [ 2.016141, 42.556848 ] ] ] ] } },
{ "type": "Feature", "properties": { "codgeo": "66022", "libgeo": "Boule-d'Amont", "dept": "66" }, "geometry": { "type": "MultiPolygon", "coordinates": [ [ [ [ 2.61817, 42.595578 ], [ 2.618015, 42.588531 ], [ 2.616329, 42.580331 ], [ 2.608284, 42.56484 ], [ 2.596631, 42.549785 ], [ 2.582814, 42.557946 ], [ 2.569329, 42.564274 ], [ 2.561623, 42.565322 ], [ 2.562942, 42.570185 ], [ 2.570498, 42.579516 ], [ 2.578436, 42.587061 ], [ 2.579011, 42.595817 ], [ 2.574862, 42.613434 ], [ 2.575387, 42.618493 ], [ 2.572799, 42.619251 ], [ 2.571865, 42.62118 ], [ 2.575426, 42.625417 ], [ 2.577956, 42.627004 ], [ 2.591333, 42.628868 ], [ 2.594071, 42.627578 ], [ 2.597079, 42.619297 ], [ 2.607898, 42.608401 ], [ 2.615396, 42.604496 ], [ 2.611941, 42.601831 ], [ 2.616164, 42.596238 ], [ 2.61817, 42.595578 ] ] ] ] } },
{ "type": "Feature", "properties": { "codgeo": "66023", "libgeo": "Bouleternère", "dept": "66" }, "geometry": { "type": "MultiPolygon", "coordinates": [ [ [ [ 2.594071, 42.627578 ], [ 2.591333, 42.628868 ], [ 2.577956, 42.627004 ], [ 2.575426, 42.625417 ], [ 2.566793, 42.65175 ], [ 2.569083, 42.661123 ], [ 2.572097, 42.661228 ], [ 2.576095, 42.659517 ], [ 2.581457, 42.659109 ], [ 2.590816, 42.659868 ], [ 2.60022, 42.661659 ], [ 2.601691, 42.661218 ], [ 2.605768, 42.655652 ], [ 2.60999, 42.646466 ], [ 2.606037, 42.639324 ], [ 2.605945, 42.630375 ], [ 2.600845, 42.629664 ], [ 2.594071, 42.627578 ] ] ] ] } },
{ "type": "Feature", "properties": { "codgeo": "66024", "libgeo": "Le Boulou", "dept": "66" }, "geometry": { "type": "MultiPolygon", "coordinates": [ [ [ [ 2.816478, 42.519843 ], [ 2.801869, 42.532264 ], [ 2.805211, 42.54343 ], [ 2.808626, 42.541769 ], [ 2.811477, 42.541849 ], [ 2.813932, 42.544722 ], [ 2.814821, 42.548896 ], [ 2.842007, 42.543344 ], [ 2.852203, 42.536933 ], [ 2.852513, 42.534295 ], [ 2.85025, 42.534165 ], [ 2.846971, 42.532745 ], [ 2.846125, 42.530466 ], [ 2.847003, 42.528337 ], [ 2.865913, 42.50955 ], [ 2.861355, 42.506214 ], [ 2.842097, 42.506024 ], [ 2.841045, 42.507339 ], [ 2.839681, 42.506931 ], [ 2.822529, 42.515357 ], [ 2.817862, 42.515017 ], [ 2.816478, 42.519843 ] ] ] ] } },
{ "type": "Feature", "properties": { "codgeo": "66025", "libgeo": "Bourg-Madame", "dept": "66" }, "geometry": { "type": "MultiPolygon", "coordinates": [ [ [ [ 1.976791, 42.427776 ], [ 1.967744, 42.42602 ], [ 1.963222, 42.422748 ], [ 1.944604, 42.428068 ], [ 1.941858, 42.436593 ], [ 1.942896, 42.444494 ], [ 1.959901, 42.453277 ], [ 1.969177, 42.451883 ], [ 1.980941, 42.447752 ], [ 1.980689, 42.445233 ], [ 1.977387, 42.438201 ], [ 1.977705, 42.436849 ], [ 1.976243, 42.436388 ], [ 1.976791, 42.427776 ] ] ] ] } },
{ "type": "Feature", "properties": { "codgeo": "66027", "libgeo": "La Cabanasse", "dept": "66" }, "geometry": { "type": "MultiPolygon", "coordinates": [ [ [ [ 2.116112, 42.512716 ], [ 2.114696, 42.511782 ], [ 2.114589, 42.510488 ], [ 2.121536, 42.506091 ], [ 2.12344, 42.506556 ], [ 2.124887, 42.508382 ], [ 2.123237, 42.51079 ], [ 2.123856, 42.51086 ], [ 2.131513, 42.504342 ], [ 2.117932, 42.499931 ], [ 2.112647, 42.50006 ], [ 2.096698, 42.495479 ], [ 2.088738, 42.491787 ], [ 2.080449, 42.494531 ], [ 2.085076, 42.494966 ], [ 2.097224, 42.502506 ], [ 2.104883, 42.506045 ], [ 2.107857, 42.509753 ], [ 2.110019, 42.514342 ], [ 2.116112, 42.512716 ] ] ] ] } },
{ "type": "Feature", "properties": { "codgeo": "66029", "libgeo": "Caixas", "dept": "66" }, "geometry": { "type": "MultiPolygon", "coordinates": [ [ [ [ 2.678472, 42.570342 ], [ 2.667466, 42.571686 ], [ 2.664023, 42.573444 ], [ 2.657961, 42.588351 ], [ 2.653476, 42.590881 ], [ 2.648634, 42.592209 ], [ 2.642403, 42.591345 ], [ 2.635166, 42.586348 ], [ 2.634229, 42.586401 ], [ 2.631013, 42.58688 ], [ 2.62053, 42.594836 ], [ 2.616164, 42.596238 ], [ 2.611941, 42.601831 ], [ 2.615411, 42.603879 ], [ 2.620384, 42.601935 ], [ 2.634156, 42.606273 ], [ 2.632687, 42.616471 ], [ 2.625215, 42.630254 ], [ 2.629792, 42.632937 ], [ 2.636767, 42.63497 ], [ 2.640847, 42.632919 ], [ 2.647728, 42.635902 ], [ 2.657692, 42.631606 ], [ 2.666785, 42.6202 ], [ 2.673424, 42.614517 ], [ 2.67315, 42.611755 ], [ 2.671748, 42.610966 ], [ 2.690475, 42.595317 ], [ 2.707522, 42.591938 ], [ 2.711864, 42.591769 ], [ 2.712841, 42.592327 ], [ 2.714613, 42.58691 ], [ 2.711408, 42.578632 ], [ 2.699751, 42.574522 ], [ 2.699154, 42.573762 ], [ 2.693524, 42.573301 ], [ 2.678472, 42.570342 ] ] ] ] } },
{ "type": "Feature", "properties": { "codgeo": "66032", "libgeo": "Calmeilles", "dept": "66" }, "geometry": { "type": "MultiPolygon", "coordinates": [ [ [ [ 2.697624, 42.558151 ], [ 2.686948, 42.556809 ], [ 2.683288, 42.548032 ], [ 2.683702, 42.538133 ], [ 2.683059, 42.536928 ], [ 2.678841, 42.535187 ], [ 2.677519, 42.535386 ], [ 2.675953, 42.53409 ], [ 2.666628, 42.530814 ], [ 2.650041, 42.52689 ], [ 2.647109, 42.535567 ], [ 2.650194, 42.541264 ], [ 2.651791, 42.547346 ], [ 2.64854, 42.558108 ], [ 2.650624, 42.561299 ], [ 2.653788, 42.563639 ], [ 2.660602, 42.566021 ], [ 2.678769, 42.569763 ], [ 2.678472, 42.570342 ], [ 2.693524, 42.573301 ], [ 2.699154, 42.573762 ], [ 2.699751, 42.574522 ], [ 2.702267, 42.572325 ], [ 2.69943, 42.5659 ], [ 2.697624, 42.558151 ] ] ] ] } },
{ "type": "Feature", "properties": { "codgeo": "66034", "libgeo": "Campôme", "dept": "66" }, "geometry": { "type": "MultiPolygon", "coordinates": [ [ [ [ 2.364874, 42.634571 ], [ 2.371333, 42.637003 ], [ 2.372805, 42.638978 ], [ 2.370484, 42.641637 ], [ 2.368846, 42.64875 ], [ 2.374335, 42.652932 ], [ 2.37711, 42.665968 ], [ 2.376043, 42.678119 ], [ 2.378181, 42.675265 ], [ 2.381273, 42.667101 ], [ 2.379587, 42.653503 ], [ 2.389088, 42.645002 ], [ 2.403586, 42.63997 ], [ 2.411296, 42.638119 ], [ 2.41171, 42.639096 ], [ 2.412195, 42.636514 ], [ 2.41046, 42.634528 ], [ 2.391444, 42.631553 ], [ 2.394615, 42.628354 ], [ 2.383561, 42.632843 ], [ 2.378834, 42.633175 ], [ 2.372133, 42.632324 ], [ 2.364874, 42.634571 ] ] ] ] } },
{ "type": "Feature", "properties": { "codgeo": "66035", "libgeo": "Campoussy", "dept": "66" }, "geometry": { "type": "MultiPolygon", "coordinates": [ [ [ [ 2.460164, 42.672293 ], [ 2.448934, 42.678125 ], [ 2.443687, 42.683137 ], [ 2.439772, 42.684221 ], [ 2.415151, 42.680364 ], [ 2.417622, 42.685359 ], [ 2.417553, 42.693299 ], [ 2.427554, 42.70345 ], [ 2.455359, 42.719437 ], [ 2.462671, 42.719329 ], [ 2.471204, 42.716471 ], [ 2.467599, 42.70416 ], [ 2.470788, 42.701604 ], [ 2.488916, 42.691348 ], [ 2.48573, 42.688479 ], [ 2.485859, 42.686817 ], [ 2.482377, 42.684739 ], [ 2.469362, 42.680013 ], [ 2.460164, 42.672293 ] ] ] ] } },
{ "type": "Feature", "properties": { "codgeo": "66036", "libgeo": "Canaveilles", "dept": "66" }, "geometry": { "type": "MultiPolygon", "coordinates": [ [ [ [ 2.206109, 42.519665 ], [ 2.200997, 42.524561 ], [ 2.19764, 42.526487 ], [ 2.180671, 42.526508 ], [ 2.177143, 42.524932 ], [ 2.171868, 42.526124 ], [ 2.172943, 42.529154 ], [ 2.172452, 42.530868 ], [ 2.183275, 42.533489 ], [ 2.195257, 42.53382 ], [ 2.208758, 42.536689 ], [ 2.218419, 42.541388 ], [ 2.239463, 42.54732 ], [ 2.257395, 42.549975 ], [ 2.263885, 42.54937 ], [ 2.261781, 42.542856 ], [ 2.255907, 42.534959 ], [ 2.247168, 42.528849 ], [ 2.22384, 42.525964 ], [ 2.206109, 42.519665 ] ] ] ] } },
{ "type": "Feature", "properties": { "codgeo": "66039", "libgeo": "Caramany", "dept": "66" }, "geometry": { "type": "MultiPolygon", "coordinates": [ [ [ [ 2.56886, 42.755059 ], [ 2.575889, 42.747736 ], [ 2.577977, 42.746628 ], [ 2.582393, 42.746171 ], [ 2.585442, 42.747039 ], [ 2.590082, 42.737609 ], [ 2.59174, 42.736055 ], [ 2.59034, 42.730818 ], [ 2.578892, 42.724819 ], [ 2.573481, 42.72306 ], [ 2.57306, 42.721947 ], [ 2.569513, 42.721242 ], [ 2.557747, 42.722768 ], [ 2.547821, 42.722305 ], [ 2.536921, 42.720566 ], [ 2.528579, 42.718061 ], [ 2.522269, 42.72169 ], [ 2.523299, 42.723802 ], [ 2.533185, 42.731444 ], [ 2.541583, 42.734529 ], [ 2.545953, 42.745198 ], [ 2.546453, 42.750144 ], [ 2.543736, 42.751834 ], [ 2.545651, 42.753888 ], [ 2.544412, 42.758222 ], [ 2.544905, 42.759554 ], [ 2.553857, 42.758778 ], [ 2.563467, 42.755636 ], [ 2.56886, 42.755059 ] ] ] ] } },
{ "type": "Feature", "properties": { "codgeo": "66040", "libgeo": "Casefabre", "dept": "66" }, "geometry": { "type": "MultiPolygon", "coordinates": [ [ [ [ 2.615411, 42.603879 ], [ 2.615396, 42.604496 ], [ 2.607898, 42.608401 ], [ 2.597079, 42.619297 ], [ 2.594071, 42.627578 ], [ 2.600845, 42.629664 ], [ 2.605945, 42.630375 ], [ 2.625215, 42.630254 ], [ 2.632687, 42.616471 ], [ 2.634156, 42.606273 ], [ 2.620384, 42.601935 ], [ 2.615411, 42.603879 ] ] ] ] } },
{ "type": "Feature", "properties": { "codgeo": "66042", "libgeo": "Cassagnes", "dept": "66" }, "geometry": { "type": "MultiPolygon", "coordinates": [ [ [ [ 2.610891, 42.757943 ], [ 2.621687, 42.755879 ], [ 2.622976, 42.753914 ], [ 2.629938, 42.751392 ], [ 2.638107, 42.755769 ], [ 2.642399, 42.756986 ], [ 2.647625, 42.756501 ], [ 2.66661, 42.747217 ], [ 2.664979, 42.746665 ], [ 2.660373, 42.742541 ], [ 2.656761, 42.737307 ], [ 2.652067, 42.733157 ], [ 2.64182, 42.727893 ], [ 2.635313, 42.726046 ], [ 2.631643, 42.726056 ], [ 2.630879, 42.728874 ], [ 2.627122, 42.732352 ], [ 2.61746, 42.733733 ], [ 2.609286, 42.732949 ], [ 2.5996, 42.73418 ], [ 2.59174, 42.736055 ], [ 2.590082, 42.737609 ], [ 2.585442, 42.747039 ], [ 2.587015, 42.751633 ], [ 2.600551, 42.757607 ], [ 2.610891, 42.757943 ] ] ] ] } },
{ "type": "Feature", "properties": { "codgeo": "66043", "libgeo": "Casteil", "dept": "66" }, "geometry": { "type": "MultiPolygon", "coordinates": [ [ [ [ 2.460083, 42.516614 ], [ 2.46323, 42.512373 ], [ 2.468444, 42.499814 ], [ 2.465818, 42.497483 ], [ 2.464537, 42.494243 ], [ 2.463141, 42.4942 ], [ 2.457967, 42.491086 ], [ 2.452609, 42.487056 ], [ 2.439221, 42.48284 ], [ 2.41823, 42.469759 ], [ 2.417014, 42.467874 ], [ 2.413066, 42.471289 ], [ 2.405663, 42.4875 ], [ 2.389809, 42.503033 ], [ 2.389567, 42.504335 ], [ 2.379783, 42.516488 ], [ 2.37817, 42.522954 ], [ 2.381764, 42.535523 ], [ 2.385057, 42.538577 ], [ 2.39421, 42.539198 ], [ 2.399717, 42.53819 ], [ 2.41031, 42.532399 ], [ 2.413204, 42.531186 ], [ 2.416178, 42.531049 ], [ 2.427568, 42.521539 ], [ 2.432953, 42.514882 ], [ 2.439214, 42.513619 ], [ 2.446933, 42.513747 ], [ 2.460083, 42.516614 ] ] ] ] } },
{ "type": "Feature", "properties": { "codgeo": "66045", "libgeo": "Catllar", "dept": "66" }, "geometry": { "type": "MultiPolygon", "coordinates": [ [ [ [ 2.394615, 42.628354 ], [ 2.391444, 42.631553 ], [ 2.41046, 42.634528 ], [ 2.412195, 42.636514 ], [ 2.411461, 42.651028 ], [ 2.413475, 42.65539 ], [ 2.416044, 42.657409 ], [ 2.429087, 42.657669 ], [ 2.43938, 42.650233 ], [ 2.445821, 42.63623 ], [ 2.445196, 42.633813 ], [ 2.442964, 42.63172 ], [ 2.438826, 42.634008 ], [ 2.437101, 42.634103 ], [ 2.427258, 42.627372 ], [ 2.421827, 42.631052 ], [ 2.414422, 42.628219 ], [ 2.409044, 42.623847 ], [ 2.406734, 42.623669 ], [ 2.394615, 42.628354 ] ] ] ] } },
{ "type": "Feature", "properties": { "codgeo": "66046", "libgeo": "Caudiès-de-Fenouillèdes", "dept": "66" }, "geometry": { "type": "MultiPolygon", "coordinates": [ [ [ [ 2.401357, 42.843865 ], [ 2.401325, 42.839712 ], [ 2.413288, 42.820687 ], [ 2.437049, 42.80602 ], [ 2.435872, 42.794332 ], [ 2.418195, 42.79486 ], [ 2.397409, 42.794143 ], [ 2.380266, 42.798314 ], [ 2.333441, 42.801916 ], [ 2.333774, 42.812374 ], [ 2.332333, 42.819979 ], [ 2.329293, 42.82305 ], [ 2.32239, 42.823718 ], [ 2.323683, 42.833942 ], [ 2.327199, 42.837413 ], [ 2.334561, 42.83987 ], [ 2.38216, 42.848745 ], [ 2.401357, 42.843865 ] ] ] ] } },
{ "type": "Feature", "properties": { "codgeo": "66047", "libgeo": "Caudiès-de-Conflent", "dept": "66" }, "geometry": { "type": "MultiPolygon", "coordinates": [ [ [ [ 2.135488, 42.546182 ], [ 2.132168, 42.551079 ], [ 2.12565, 42.555274 ], [ 2.122563, 42.555767 ], [ 2.129523, 42.564949 ], [ 2.132193, 42.571785 ], [ 2.138304, 42.577864 ], [ 2.141182, 42.578563 ], [ 2.149056, 42.57324 ], [ 2.157594, 42.573414 ], [ 2.160647, 42.572199 ], [ 2.166077, 42.568561 ], [ 2.167602, 42.565915 ], [ 2.162777, 42.562316 ], [ 2.149083, 42.556632 ], [ 2.140649, 42.55034 ], [ 2.138958, 42.546662 ], [ 2.135488, 42.546182 ] ] ] ] } },
{ "type": "Feature", "properties": { "codgeo": "66048", "libgeo": "Cerbère", "dept": "66" }, "geometry": { "type": "MultiPolygon", "coordinates": [ [ [ [ 3.130188, 42.449998 ], [ 3.149821, 42.453454 ], [ 3.151883, 42.45897 ], [ 3.156944, 42.460234 ], [ 3.168857, 42.444392 ], [ 3.175754, 42.439039 ], [ 3.174709, 42.434984 ], [ 3.172233, 42.434525 ], [ 3.167566, 42.435332 ], [ 3.160587, 42.435392 ], [ 3.149178, 42.434338 ], [ 3.134226, 42.434898 ], [ 3.120875, 42.438184 ], [ 3.121049, 42.440216 ], [ 3.123955, 42.444577 ], [ 3.127238, 42.448652 ], [ 3.130188, 42.449998 ] ] ] ] } },
{ "type": "Feature", "properties": { "codgeo": "66049", "libgeo": "Céret", "dept": "66" }, "geometry": { "type": "MultiPolygon", "coordinates": [ [ [ [ 2.777415, 42.453874 ], [ 2.773621, 42.452307 ], [ 2.764848, 42.451171 ], [ 2.758877, 42.447974 ], [ 2.757608, 42.445255 ], [ 2.758988, 42.441185 ], [ 2.756549, 42.432269 ], [ 2.753222, 42.426403 ], [ 2.730322, 42.422582 ], [ 2.727356, 42.422789 ], [ 2.728411, 42.425781 ], [ 2.728205, 42.434882 ], [ 2.72618, 42.456758 ], [ 2.730591, 42.462858 ], [ 2.732295, 42.476408 ], [ 2.729778, 42.489761 ], [ 2.724464, 42.502852 ], [ 2.722687, 42.505269 ], [ 2.723239, 42.506968 ], [ 2.727457, 42.50827 ], [ 2.738198, 42.522004 ], [ 2.747549, 42.517097 ], [ 2.756377, 42.515175 ], [ 2.766845, 42.515266 ], [ 2.769653, 42.512609 ], [ 2.78273, 42.493197 ], [ 2.787948, 42.469839 ], [ 2.777415, 42.453874 ] ] ] ] } },
{ "type": "Feature", "properties": { "codgeo": "66051", "libgeo": "Clara-Villerach", "dept": "66" }, "geometry": { "type": "MultiPolygon", "coordinates": [ [ [ [ 2.463021, 42.556567 ], [ 2.440593, 42.572611 ], [ 2.436443, 42.577023 ], [ 2.432906, 42.587214 ], [ 2.441956, 42.600548 ], [ 2.446826, 42.597295 ], [ 2.454215, 42.602856 ], [ 2.461144, 42.603443 ], [ 2.463257, 42.601733 ], [ 2.464885, 42.598737 ], [ 2.463666, 42.59323 ], [ 2.463556, 42.584177 ], [ 2.461424, 42.576817 ], [ 2.460911, 42.566784 ], [ 2.463021, 42.556567 ] ] ] ] } },
{ "type": "Feature", "properties": { "codgeo": "66052", "libgeo": "Codalet", "dept": "66" }, "geometry": { "type": "MultiPolygon", "coordinates": [ [ [ [ 2.41109, 42.61483 ], [ 2.417583, 42.611395 ], [ 2.420404, 42.602394 ], [ 2.426217, 42.592779 ], [ 2.427935, 42.591492 ], [ 2.419811, 42.588365 ], [ 2.4124, 42.589136 ], [ 2.411756, 42.59259 ], [ 2.406301, 42.598913 ], [ 2.41109, 42.61483 ] ] ] ] } },
{ "type": "Feature", "properties": { "codgeo": "66053", "libgeo": "Collioure", "dept": "66" }, "geometry": { "type": "MultiPolygon", "coordinates": [ [ [ [ 3.099058, 42.523651 ], [ 3.095901, 42.513278 ], [ 3.090619, 42.506384 ], [ 3.0855, 42.503394 ], [ 3.081113, 42.503114 ], [ 3.07425, 42.499866 ], [ 3.069944, 42.496187 ], [ 3.075648, 42.489415 ], [ 3.072358, 42.484344 ], [ 3.069354, 42.48319 ], [ 3.063661, 42.486385 ], [ 3.058985, 42.493371 ], [ 3.053429, 42.511096 ], [ 3.052555, 42.516391 ], [ 3.058666, 42.527523 ], [ 3.063218, 42.531533 ], [ 3.067821, 42.533227 ], [ 3.073186, 42.53203 ], [ 3.076186, 42.533652 ], [ 3.080714, 42.532505 ], [ 3.084233, 42.529671 ], [ 3.092187, 42.525221 ], [ 3.099058, 42.523651 ] ] ] ] } },
{ "type": "Feature", "properties": { "codgeo": "66054", "libgeo": "Conat", "dept": "66" }, "geometry": { "type": "MultiPolygon", "coordinates": [ [ [ [ 2.307559, 42.624849 ], [ 2.313513, 42.623819 ], [ 2.317374, 42.624028 ], [ 2.328408, 42.627554 ], [ 2.330099, 42.640512 ], [ 2.328867, 42.644054 ], [ 2.341901, 42.644255 ], [ 2.345743, 42.640025 ], [ 2.3533, 42.63636 ], [ 2.359218, 42.630707 ], [ 2.372729, 42.612613 ], [ 2.382598, 42.609279 ], [ 2.380631, 42.606251 ], [ 2.376388, 42.606574 ], [ 2.353409, 42.602489 ], [ 2.337347, 42.596451 ], [ 2.306113, 42.600659 ], [ 2.304457, 42.615312 ], [ 2.307559, 42.624849 ] ] ] ] } },
{ "type": "Feature", "properties": { "codgeo": "66057", "libgeo": "Corneilla-de-Conflent", "dept": "66" }, "geometry": { "type": "MultiPolygon", "coordinates": [ [ [ [ 2.36121, 42.584116 ], [ 2.366778, 42.586364 ], [ 2.366305, 42.587716 ], [ 2.370409, 42.588443 ], [ 2.371517, 42.589978 ], [ 2.371242, 42.59146 ], [ 2.374475, 42.595596 ], [ 2.381139, 42.601424 ], [ 2.39086, 42.591405 ], [ 2.400088, 42.583357 ], [ 2.402378, 42.576538 ], [ 2.400307, 42.56821 ], [ 2.395848, 42.558008 ], [ 2.392815, 42.559078 ], [ 2.370384, 42.556486 ], [ 2.36121, 42.584116 ] ] ] ] } },
{ "type": "Feature", "properties": { "codgeo": "66060", "libgeo": "Corsavy", "dept": "66" }, "geometry": { "type": "MultiPolygon", "coordinates": [ [ [ [ 2.568709, 42.513202 ], [ 2.589885, 42.501454 ], [ 2.589945, 42.498994 ], [ 2.587078, 42.495337 ], [ 2.589053, 42.49256 ], [ 2.584264, 42.486387 ], [ 2.583864, 42.481729 ], [ 2.594871, 42.471068 ], [ 2.612927, 42.45936 ], [ 2.616671, 42.454815 ], [ 2.607727, 42.458727 ], [ 2.598157, 42.461499 ], [ 2.571358, 42.453489 ], [ 2.568241, 42.453231 ], [ 2.564404, 42.455439 ], [ 2.555975, 42.458207 ], [ 2.546986, 42.459882 ], [ 2.531425, 42.458373 ], [ 2.523817, 42.456054 ], [ 2.518452, 42.453535 ], [ 2.51839, 42.452092 ], [ 2.512646, 42.455254 ], [ 2.495075, 42.473481 ], [ 2.464537, 42.494243 ], [ 2.465818, 42.497483 ], [ 2.468444, 42.499814 ], [ 2.490039, 42.503476 ], [ 2.503406, 42.501974 ], [ 2.517234, 42.498488 ], [ 2.536387, 42.50599 ], [ 2.54615, 42.512684 ], [ 2.553019, 42.513952 ], [ 2.558784, 42.512282 ], [ 2.568709, 42.513202 ] ] ] ] } },
{ "type": "Feature", "properties": { "codgeo": "66061", "libgeo": "Coustouges", "dept": "66" }, "geometry": { "type": "MultiPolygon", "coordinates": [ [ [ [ 2.659032, 42.379949 ], [ 2.664916, 42.367184 ], [ 2.66852, 42.362056 ], [ 2.669823, 42.362022 ], [ 2.672622, 42.359472 ], [ 2.67566, 42.354565 ], [ 2.676611, 42.346982 ], [ 2.675505, 42.342406 ], [ 2.671751, 42.340865 ], [ 2.662059, 42.340982 ], [ 2.648496, 42.343727 ], [ 2.634905, 42.34409 ], [ 2.611464, 42.346896 ], [ 2.593896, 42.352702 ], [ 2.587443, 42.357047 ], [ 2.590329, 42.359963 ], [ 2.596265, 42.361466 ], [ 2.596072, 42.367726 ], [ 2.611245, 42.365661 ], [ 2.619624, 42.363081 ], [ 2.624617, 42.362813 ], [ 2.658128, 42.378439 ], [ 2.659032, 42.379949 ] ] ] ] } },
{ "type": "Feature", "properties": { "codgeo": "66062", "libgeo": "Dorres", "dept": "66" }, "geometry": { "type": "MultiPolygon", "coordinates": [ [ [ [ 1.922127, 42.474141 ], [ 1.919991, 42.47886 ], [ 1.919159, 42.483529 ], [ 1.912499, 42.490733 ], [ 1.909673, 42.492557 ], [ 1.907664, 42.497271 ], [ 1.911813, 42.508475 ], [ 1.913435, 42.516282 ], [ 1.905849, 42.524224 ], [ 1.891722, 42.534954 ], [ 1.89637, 42.537729 ], [ 1.908296, 42.542041 ], [ 1.916842, 42.549262 ], [ 1.924833, 42.55202 ], [ 1.944434, 42.542284 ], [ 1.949965, 42.536229 ], [ 1.951821, 42.52398 ], [ 1.942036, 42.515666 ], [ 1.940214, 42.510918 ], [ 1.939867, 42.505914 ], [ 1.948309, 42.491442 ], [ 1.949972, 42.485694 ], [ 1.948931, 42.47941 ], [ 1.946184, 42.473061 ], [ 1.944844, 42.472014 ], [ 1.93462, 42.473691 ], [ 1.926767, 42.472443 ], [ 1.922127, 42.474141 ] ] ] ] } },
{ "type": "Feature", "properties": { "codgeo": "66063", "libgeo": "Les Cluses", "dept": "66" }, "geometry": { "type": "MultiPolygon", "coordinates": [ [ [ [ 2.840972, 42.464075 ], [ 2.838115, 42.466024 ], [ 2.835579, 42.466376 ], [ 2.828994, 42.471602 ], [ 2.827649, 42.474151 ], [ 2.827852, 42.479207 ], [ 2.825248, 42.489266 ], [ 2.826434, 42.492211 ], [ 2.833355, 42.496669 ], [ 2.834888, 42.496811 ], [ 2.838865, 42.500149 ], [ 2.842988, 42.505348 ], [ 2.850719, 42.501027 ], [ 2.862217, 42.489662 ], [ 2.861513, 42.478754 ], [ 2.859958, 42.477788 ], [ 2.852238, 42.476622 ], [ 2.840972, 42.464075 ] ] ] ] } },
{ "type": "Feature", "properties": { "codgeo": "66064", "libgeo": "Égat", "dept": "66" }, "geometry": { "type": "MultiPolygon", "coordinates": [ [ [ [ 2.021668, 42.486755 ], [ 2.015303, 42.488201 ], [ 2.005069, 42.494531 ], [ 2.007471, 42.498359 ], [ 2.00895, 42.513378 ], [ 2.019224, 42.514828 ], [ 2.024099, 42.51397 ], [ 2.031981, 42.508404 ], [ 2.026206, 42.501326 ], [ 2.021668, 42.486755 ] ] ] ] } },
{ "type": "Feature", "properties": { "codgeo": "66066", "libgeo": "Enveitg", "dept": "66" }, "geometry": { "type": "MultiPolygon", "coordinates": [ [ [ [ 1.922127, 42.474141 ], [ 1.91646, 42.468712 ], [ 1.916422, 42.466576 ], [ 1.924996, 42.464017 ], [ 1.93393, 42.454311 ], [ 1.932723, 42.45464 ], [ 1.92075, 42.446942 ], [ 1.916296, 42.446236 ], [ 1.900252, 42.449851 ], [ 1.901955, 42.456208 ], [ 1.901882, 42.462904 ], [ 1.886525, 42.476074 ], [ 1.865569, 42.501533 ], [ 1.8623, 42.502894 ], [ 1.852609, 42.512379 ], [ 1.850639, 42.515872 ], [ 1.861232, 42.520944 ], [ 1.854732, 42.530525 ], [ 1.856751, 42.531572 ], [ 1.891722, 42.534954 ], [ 1.905849, 42.524224 ], [ 1.913435, 42.516282 ], [ 1.911813, 42.508475 ], [ 1.907664, 42.497271 ], [ 1.909673, 42.492557 ], [ 1.912499, 42.490733 ], [ 1.919159, 42.483529 ], [ 1.919991, 42.47886 ], [ 1.922127, 42.474141 ] ] ] ] } },
{ "type": "Feature", "properties": { "codgeo": "66067", "libgeo": "Err", "dept": "66" }, "geometry": { "type": "MultiPolygon", "coordinates": [ [ [ [ 2.073476, 42.428932 ], [ 2.080084, 42.415483 ], [ 2.08936, 42.407055 ], [ 2.092712, 42.402153 ], [ 2.098312, 42.39843 ], [ 2.114835, 42.394489 ], [ 2.116331, 42.38362 ], [ 2.115062, 42.382226 ], [ 2.089481, 42.373772 ], [ 2.087402, 42.374273 ], [ 2.078508, 42.380828 ], [ 2.063995, 42.393241 ], [ 2.048602, 42.401994 ], [ 2.035297, 42.411098 ], [ 2.034199, 42.417879 ], [ 2.028479, 42.430966 ], [ 2.018881, 42.443516 ], [ 2.026779, 42.449868 ], [ 2.030939, 42.452093 ], [ 2.037453, 42.45098 ], [ 2.042313, 42.44427 ], [ 2.046781, 42.440896 ], [ 2.059844, 42.43353 ], [ 2.073476, 42.428932 ] ] ] ] } },
{ "type": "Feature", "properties": { "codgeo": "66068", "libgeo": "Escaro", "dept": "66" }, "geometry": { "type": "MultiPolygon", "coordinates": [ [ [ [ 2.296155, 42.54009 ], [ 2.29905, 42.541065 ], [ 2.301968, 42.543534 ], [ 2.303497, 42.546238 ], [ 2.303009, 42.548896 ], [ 2.295379, 42.555787 ], [ 2.294937, 42.557852 ], [ 2.31237, 42.55407 ], [ 2.320105, 42.556092 ], [ 2.335651, 42.557265 ], [ 2.339343, 42.554208 ], [ 2.343275, 42.546462 ], [ 2.339786, 42.542496 ], [ 2.339312, 42.531714 ], [ 2.337682, 42.522425 ], [ 2.335978, 42.518564 ], [ 2.331779, 42.514441 ], [ 2.323153, 42.50862 ], [ 2.312733, 42.514195 ], [ 2.304271, 42.516986 ], [ 2.300898, 42.521826 ], [ 2.298755, 42.52759 ], [ 2.298895, 42.538395 ], [ 2.296155, 42.54009 ] ] ] ] } },
{ "type": "Feature", "properties": { "codgeo": "66070", "libgeo": "Espira-de-Conflent", "dept": "66" }, "geometry": { "type": "MultiPolygon", "coordinates": [ [ [ [ 2.497226, 42.637489 ], [ 2.50214, 42.637205 ], [ 2.50375, 42.636466 ], [ 2.501871, 42.628423 ], [ 2.500001, 42.62616 ], [ 2.505293, 42.617254 ], [ 2.506464, 42.607654 ], [ 2.503845, 42.596021 ], [ 2.496263, 42.605129 ], [ 2.492532, 42.6078 ], [ 2.477655, 42.613711 ], [ 2.482587, 42.622161 ], [ 2.484384, 42.631909 ], [ 2.491043, 42.635686 ], [ 2.497226, 42.637489 ] ] ] ] } },
{ "type": "Feature", "properties": { "codgeo": "66071", "libgeo": "Estagel", "dept": "66" }, "geometry": { "type": "MultiPolygon", "coordinates": [ [ [ [ 2.67539, 42.786326 ], [ 2.677126, 42.787936 ], [ 2.687396, 42.788362 ], [ 2.695609, 42.790678 ], [ 2.70165, 42.790431 ], [ 2.706011, 42.788519 ], [ 2.706586, 42.783215 ], [ 2.711618, 42.780785 ], [ 2.716065, 42.781617 ], [ 2.722844, 42.784371 ], [ 2.741295, 42.782996 ], [ 2.744681, 42.784453 ], [ 2.748503, 42.782763 ], [ 2.750692, 42.780024 ], [ 2.74466, 42.774744 ], [ 2.739227, 42.776602 ], [ 2.734882, 42.77697 ], [ 2.727871, 42.767367 ], [ 2.727232, 42.761101 ], [ 2.733906, 42.751614 ], [ 2.732924, 42.747049 ], [ 2.7197, 42.737288 ], [ 2.711559, 42.739588 ], [ 2.704991, 42.743166 ], [ 2.702589, 42.749256 ], [ 2.698699, 42.753102 ], [ 2.678282, 42.761814 ], [ 2.67637, 42.761683 ], [ 2.676475, 42.765617 ], [ 2.664653, 42.782764 ], [ 2.668904, 42.785098 ], [ 2.67539, 42.786326 ] ] ] ] } },
{ "type": "Feature", "properties": { "codgeo": "66072", "libgeo": "Estavar", "dept": "66" }, "geometry": { "type": "MultiPolygon", "coordinates": [ [ [ [ 2.002872, 42.458316 ], [ 1.997238, 42.460811 ], [ 1.987395, 42.469595 ], [ 1.986356, 42.475586 ], [ 1.995205, 42.484584 ], [ 2.002057, 42.486144 ], [ 2.00352, 42.493159 ], [ 2.005069, 42.494531 ], [ 2.015303, 42.488201 ], [ 2.021668, 42.486755 ], [ 2.025717, 42.481447 ], [ 2.037832, 42.475227 ], [ 2.034777, 42.472276 ], [ 2.021756, 42.464418 ], [ 2.004244, 42.459882 ], [ 2.002872, 42.458316 ] ] ] ] } },
{ "type": "Feature", "properties": { "codgeo": "66073", "libgeo": "Estoher", "dept": "66" }, "geometry": { "type": "MultiPolygon", "coordinates": [ [ [ [ 2.503845, 42.596021 ], [ 2.497101, 42.589782 ], [ 2.495236, 42.585465 ], [ 2.495068, 42.567866 ], [ 2.498159, 42.561154 ], [ 2.506091, 42.548903 ], [ 2.50637, 42.54031 ], [ 2.501918, 42.532935 ], [ 2.497731, 42.529619 ], [ 2.489035, 42.527594 ], [ 2.474889, 42.52658 ], [ 2.472141, 42.524834 ], [ 2.465253, 42.534474 ], [ 2.470047, 42.54283 ], [ 2.468662, 42.548103 ], [ 2.463021, 42.556567 ], [ 2.460911, 42.566784 ], [ 2.461424, 42.576817 ], [ 2.463556, 42.584177 ], [ 2.463666, 42.59323 ], [ 2.464885, 42.598737 ], [ 2.463257, 42.601733 ], [ 2.461144, 42.603443 ], [ 2.46853, 42.602745 ], [ 2.47484, 42.6141 ], [ 2.477655, 42.613711 ], [ 2.492532, 42.6078 ], [ 2.496263, 42.605129 ], [ 2.503845, 42.596021 ] ] ] ] } },
{ "type": "Feature", "properties": { "codgeo": "66074", "libgeo": "Eus", "dept": "66" }, "geometry": { "type": "MultiPolygon", "coordinates": [ [ [ [ 2.412539, 42.680448 ], [ 2.439772, 42.684221 ], [ 2.443687, 42.683137 ], [ 2.448934, 42.678125 ], [ 2.460164, 42.672293 ], [ 2.474011, 42.654253 ], [ 2.478175, 42.650691 ], [ 2.480262, 42.645525 ], [ 2.478614, 42.641388 ], [ 2.473472, 42.638226 ], [ 2.467453, 42.631569 ], [ 2.465068, 42.631401 ], [ 2.461708, 42.629869 ], [ 2.456154, 42.625826 ], [ 2.452577, 42.62556 ], [ 2.447194, 42.62992 ], [ 2.442964, 42.63172 ], [ 2.445196, 42.633813 ], [ 2.445821, 42.63623 ], [ 2.43938, 42.650233 ], [ 2.429087, 42.657669 ], [ 2.416044, 42.657409 ], [ 2.415463, 42.659916 ], [ 2.408081, 42.673456 ], [ 2.408578, 42.683471 ], [ 2.412539, 42.680448 ] ] ] ] } },
{ "type": "Feature", "properties": { "codgeo": "66075", "libgeo": "Eyne", "dept": "66" }, "geometry": { "type": "MultiPolygon", "coordinates": [ [ [ [ 2.132808, 42.414418 ], [ 2.128915, 42.417035 ], [ 2.127745, 42.418738 ], [ 2.124582, 42.426433 ], [ 2.121477, 42.431106 ], [ 2.104154, 42.442903 ], [ 2.092445, 42.454216 ], [ 2.084586, 42.463125 ], [ 2.079632, 42.467285 ], [ 2.074939, 42.468057 ], [ 2.06589, 42.477073 ], [ 2.068109, 42.481519 ], [ 2.067551, 42.482867 ], [ 2.064886, 42.483872 ], [ 2.066849, 42.48754 ], [ 2.080269, 42.4928 ], [ 2.080449, 42.494531 ], [ 2.088738, 42.491787 ], [ 2.103191, 42.479936 ], [ 2.106588, 42.47373 ], [ 2.107094, 42.468785 ], [ 2.110404, 42.462623 ], [ 2.124117, 42.45274 ], [ 2.131145, 42.451058 ], [ 2.144219, 42.434742 ], [ 2.146947, 42.434612 ], [ 2.148119, 42.431921 ], [ 2.156595, 42.425549 ], [ 2.156982, 42.4234 ], [ 2.154169, 42.421616 ], [ 2.132808, 42.414418 ] ] ] ] } },
{ "type": "Feature", "properties": { "codgeo": "66076", "libgeo": "Feilluns", "dept": "66" }, "geometry": { "type": "MultiPolygon", "coordinates": [ [ [ [ 2.501543, 42.772059 ], [ 2.501332, 42.762136 ], [ 2.506367, 42.754177 ], [ 2.503933, 42.746136 ], [ 2.488209, 42.750623 ], [ 2.47769, 42.748466 ], [ 2.469115, 42.759512 ], [ 2.472734, 42.762077 ], [ 2.478432, 42.776357 ], [ 2.501543, 42.772059 ] ] ] ] } },
{ "type": "Feature", "properties": { "codgeo": "66077", "libgeo": "Fenouillet", "dept": "66" }, "geometry": { "type": "MultiPolygon", "coordinates": [ [ [ [ 2.344028, 42.801328 ], [ 2.380266, 42.798314 ], [ 2.397409, 42.794143 ], [ 2.418195, 42.79486 ], [ 2.41954, 42.785019 ], [ 2.420887, 42.783087 ], [ 2.405095, 42.781959 ], [ 2.399979, 42.780196 ], [ 2.388337, 42.772153 ], [ 2.375186, 42.765305 ], [ 2.368352, 42.759835 ], [ 2.361974, 42.758468 ], [ 2.350539, 42.757384 ], [ 2.348892, 42.769923 ], [ 2.344411, 42.780704 ], [ 2.343077, 42.793411 ], [ 2.344028, 42.801328 ] ] ] ] } },
{ "type": "Feature", "properties": { "codgeo": "66078", "libgeo": "Fillols", "dept": "66" }, "geometry": { "type": "MultiPolygon", "coordinates": [ [ [ [ 2.395848, 42.558008 ], [ 2.400307, 42.56821 ], [ 2.402378, 42.576538 ], [ 2.400088, 42.583357 ], [ 2.403467, 42.584565 ], [ 2.406228, 42.583875 ], [ 2.416903, 42.573619 ], [ 2.419616, 42.566646 ], [ 2.420273, 42.56233 ], [ 2.438913, 42.556157 ], [ 2.449009, 42.548865 ], [ 2.454508, 42.541502 ], [ 2.455683, 42.537495 ], [ 2.454828, 42.534479 ], [ 2.453337, 42.533116 ], [ 2.451794, 42.532912 ], [ 2.442618, 42.537673 ], [ 2.430808, 42.547325 ], [ 2.425821, 42.549897 ], [ 2.395848, 42.558008 ] ] ] ] } },
{ "type": "Feature", "properties": { "codgeo": "66079", "libgeo": "Finestret", "dept": "66" }, "geometry": { "type": "MultiPolygon", "coordinates": [ [ [ [ 2.512608, 42.632142 ], [ 2.51218, 42.629282 ], [ 2.516645, 42.624936 ], [ 2.519424, 42.620302 ], [ 2.524735, 42.601929 ], [ 2.535601, 42.602056 ], [ 2.537514, 42.598147 ], [ 2.531057, 42.58635 ], [ 2.532428, 42.58059 ], [ 2.525713, 42.582751 ], [ 2.513869, 42.58406 ], [ 2.510111, 42.587047 ], [ 2.50648, 42.59505 ], [ 2.503845, 42.596021 ], [ 2.506464, 42.607654 ], [ 2.505293, 42.617254 ], [ 2.500001, 42.62616 ], [ 2.50577, 42.631119 ], [ 2.511806, 42.632511 ], [ 2.512608, 42.632142 ] ] ] ] } },
{ "type": "Feature", "properties": { "codgeo": "66080", "libgeo": "Fontpédrouse", "dept": "66" }, "geometry": { "type": "MultiPolygon", "coordinates": [ [ [ [ 2.171868, 42.526124 ], [ 2.177143, 42.524932 ], [ 2.180671, 42.526508 ], [ 2.19764, 42.526487 ], [ 2.200997, 42.524561 ], [ 2.206109, 42.519665 ], [ 2.202574, 42.517303 ], [ 2.199893, 42.511118 ], [ 2.200334, 42.504839 ], [ 2.203368, 42.494882 ], [ 2.215262, 42.477907 ], [ 2.221599, 42.474772 ], [ 2.224753, 42.474182 ], [ 2.231191, 42.475186 ], [ 2.238561, 42.472099 ], [ 2.242641, 42.467134 ], [ 2.244713, 42.460797 ], [ 2.242162, 42.456701 ], [ 2.246547, 42.451435 ], [ 2.25099, 42.448018 ], [ 2.251116, 42.4451 ], [ 2.256528, 42.440418 ], [ 2.257007, 42.438669 ], [ 2.252157, 42.436647 ], [ 2.248057, 42.430734 ], [ 2.237198, 42.427401 ], [ 2.22909, 42.426377 ], [ 2.221823, 42.42454 ], [ 2.201357, 42.416403 ], [ 2.156982, 42.4234 ], [ 2.156595, 42.425549 ], [ 2.148119, 42.431921 ], [ 2.146947, 42.434612 ], [ 2.154567, 42.445552 ], [ 2.158873, 42.456163 ], [ 2.160674, 42.464926 ], [ 2.159488, 42.469093 ], [ 2.161774, 42.479744 ], [ 2.160292, 42.485981 ], [ 2.154891, 42.497214 ], [ 2.147888, 42.503396 ], [ 2.158745, 42.503868 ], [ 2.168622, 42.507957 ], [ 2.171868, 42.526124 ] ] ] ] } },
{ "type": "Feature", "properties": { "codgeo": "66081", "libgeo": "Fontrabiouse", "dept": "66" }, "geometry": { "type": "MultiPolygon", "coordinates": [ [ [ [ 2.018729, 42.653881 ], [ 2.029818, 42.65328 ], [ 2.043347, 42.657556 ], [ 2.045886, 42.654703 ], [ 2.051004, 42.652049 ], [ 2.067357, 42.647752 ], [ 2.085236, 42.644176 ], [ 2.108464, 42.644349 ], [ 2.111281, 42.643015 ], [ 2.111956, 42.641657 ], [ 2.101919, 42.634428 ], [ 2.095896, 42.628261 ], [ 2.100375, 42.62532 ], [ 2.095223, 42.621652 ], [ 2.089736, 42.621445 ], [ 2.073664, 42.629449 ], [ 2.06678, 42.631861 ], [ 2.026123, 42.641642 ], [ 2.022253, 42.644299 ], [ 1.990932, 42.646796 ], [ 1.997248, 42.658686 ], [ 2.00214, 42.661211 ], [ 2.010994, 42.658791 ], [ 2.018729, 42.653881 ] ] ] ] } },
{ "type": "Feature", "properties": { "codgeo": "66082", "libgeo": "Formiguères", "dept": "66" }, "geometry": { "type": "MultiPolygon", "coordinates": [ [ [ [ 2.149892, 42.622071 ], [ 2.147039, 42.610107 ], [ 2.133187, 42.613414 ], [ 2.125921, 42.612797 ], [ 2.118419, 42.607357 ], [ 2.115132, 42.601791 ], [ 2.113638, 42.601177 ], [ 2.084868, 42.600582 ], [ 2.077967, 42.602196 ], [ 2.06692, 42.606073 ], [ 2.039503, 42.603046 ], [ 2.012611, 42.59807 ], [ 2.002856, 42.600064 ], [ 1.9998, 42.60768 ], [ 1.994905, 42.614317 ], [ 1.988421, 42.61481 ], [ 1.983031, 42.614187 ], [ 1.976567, 42.621549 ], [ 1.976017, 42.627376 ], [ 1.986539, 42.640802 ], [ 1.987985, 42.645008 ], [ 1.990932, 42.646796 ], [ 2.022253, 42.644299 ], [ 2.026123, 42.641642 ], [ 2.06678, 42.631861 ], [ 2.073664, 42.629449 ], [ 2.089736, 42.621445 ], [ 2.095223, 42.621652 ], [ 2.100375, 42.62532 ], [ 2.106108, 42.634804 ], [ 2.111195, 42.64044 ], [ 2.122376, 42.645864 ], [ 2.12519, 42.646086 ], [ 2.130037, 42.629088 ], [ 2.135002, 42.626098 ], [ 2.145102, 42.62404 ], [ 2.149892, 42.622071 ] ] ] ] } },
{ "type": "Feature", "properties": { "codgeo": "66083", "libgeo": "Fosse", "dept": "66" }, "geometry": { "type": "MultiPolygon", "coordinates": [ [ [ [ 2.44779, 42.787037 ], [ 2.441232, 42.78054 ], [ 2.439478, 42.775563 ], [ 2.435859, 42.773739 ], [ 2.429192, 42.773499 ], [ 2.423077, 42.777033 ], [ 2.41954, 42.785019 ], [ 2.418195, 42.79486 ], [ 2.448132, 42.794608 ], [ 2.44779, 42.787037 ] ] ] ] } },
{ "type": "Feature", "properties": { "codgeo": "66085", "libgeo": "Fuilla", "dept": "66" }, "geometry": { "type": "MultiPolygon", "coordinates": [ [ [ [ 2.370384, 42.556486 ], [ 2.372377, 42.54586 ], [ 2.339404, 42.539267 ], [ 2.339786, 42.542496 ], [ 2.343275, 42.546462 ], [ 2.346519, 42.559083 ], [ 2.346579, 42.56651 ], [ 2.343888, 42.572559 ], [ 2.340735, 42.576895 ], [ 2.341472, 42.582385 ], [ 2.345068, 42.587368 ], [ 2.351128, 42.590824 ], [ 2.360909, 42.58691 ], [ 2.367587, 42.590161 ], [ 2.368723, 42.59328 ], [ 2.374475, 42.595596 ], [ 2.371242, 42.59146 ], [ 2.370409, 42.588443 ], [ 2.362681, 42.586414 ], [ 2.36121, 42.584116 ], [ 2.370384, 42.556486 ] ] ] ] } },
{ "type": "Feature", "properties": { "codgeo": "66086", "libgeo": "Glorianes", "dept": "66" }, "geometry": { "type": "MultiPolygon", "coordinates": [ [ [ [ 2.535601, 42.602056 ], [ 2.534411, 42.617636 ], [ 2.535758, 42.618465 ], [ 2.543045, 42.6178 ], [ 2.552475, 42.619166 ], [ 2.552431, 42.620027 ], [ 2.574822, 42.618004 ], [ 2.574862, 42.613434 ], [ 2.579011, 42.595817 ], [ 2.578436, 42.587061 ], [ 2.570498, 42.579516 ], [ 2.562942, 42.570185 ], [ 2.561623, 42.565322 ], [ 2.559621, 42.564228 ], [ 2.558501, 42.559827 ], [ 2.545244, 42.569645 ], [ 2.532428, 42.58059 ], [ 2.531057, 42.58635 ], [ 2.537514, 42.598147 ], [ 2.535601, 42.602056 ] ] ] ] } },
{ "type": "Feature", "properties": { "codgeo": "66088", "libgeo": "Ille-sur-Têt", "dept": "66" }, "geometry": { "type": "MultiPolygon", "coordinates": [ [ [ [ 2.671854, 42.673901 ], [ 2.656067, 42.667471 ], [ 2.652148, 42.664907 ], [ 2.652227, 42.656114 ], [ 2.647167, 42.644489 ], [ 2.644336, 42.643216 ], [ 2.643234, 42.643879 ], [ 2.640906, 42.653049 ], [ 2.638238, 42.656419 ], [ 2.627004, 42.662115 ], [ 2.613124, 42.656595 ], [ 2.611086, 42.657071 ], [ 2.605768, 42.655652 ], [ 2.601691, 42.661218 ], [ 2.60022, 42.661659 ], [ 2.590816, 42.659868 ], [ 2.581457, 42.659109 ], [ 2.576095, 42.659517 ], [ 2.572097, 42.661228 ], [ 2.569083, 42.661123 ], [ 2.568143, 42.66535 ], [ 2.561517, 42.674325 ], [ 2.570174, 42.678794 ], [ 2.589217, 42.692686 ], [ 2.599721, 42.705105 ], [ 2.605059, 42.702616 ], [ 2.614285, 42.701473 ], [ 2.635954, 42.705435 ], [ 2.643289, 42.692539 ], [ 2.653182, 42.682509 ], [ 2.654862, 42.67963 ], [ 2.657241, 42.67986 ], [ 2.662007, 42.677711 ], [ 2.668618, 42.676781 ], [ 2.670349, 42.677323 ], [ 2.671854, 42.673901 ] ] ] ] } },
{ "type": "Feature", "properties": { "codgeo": "66089", "libgeo": "Joch", "dept": "66" }, "geometry": { "type": "MultiPolygon", "coordinates": [ [ [ [ 2.512608, 42.632142 ], [ 2.5246, 42.630697 ], [ 2.527018, 42.626508 ], [ 2.528775, 42.620716 ], [ 2.534411, 42.617636 ], [ 2.535601, 42.602056 ], [ 2.524735, 42.601929 ], [ 2.519424, 42.620302 ], [ 2.516645, 42.624936 ], [ 2.51218, 42.629282 ], [ 2.512608, 42.632142 ] ] ] ] } },
{ "type": "Feature", "properties": { "codgeo": "66090", "libgeo": "Jujols", "dept": "66" }, "geometry": { "type": "MultiPolygon", "coordinates": [ [ [ [ 2.258492, 42.609303 ], [ 2.275502, 42.60135 ], [ 2.287204, 42.596857 ], [ 2.291775, 42.596275 ], [ 2.30133, 42.58328 ], [ 2.305627, 42.57403 ], [ 2.305125, 42.567644 ], [ 2.301714, 42.562435 ], [ 2.297883, 42.561181 ], [ 2.291528, 42.56189 ], [ 2.288357, 42.561387 ], [ 2.275507, 42.570945 ], [ 2.272915, 42.573904 ], [ 2.275391, 42.58542 ], [ 2.274963, 42.588032 ], [ 2.265862, 42.592866 ], [ 2.260823, 42.602372 ], [ 2.258492, 42.609303 ] ] ] ] } },
{ "type": "Feature", "properties": { "codgeo": "66091", "libgeo": "Lamanère", "dept": "66" }, "geometry": { "type": "MultiPolygon", "coordinates": [ [ [ [ 2.512059, 42.392754 ], [ 2.517659, 42.387913 ], [ 2.522431, 42.385103 ], [ 2.532737, 42.375035 ], [ 2.535034, 42.36851 ], [ 2.547804, 42.361219 ], [ 2.555698, 42.359821 ], [ 2.56192, 42.357229 ], [ 2.556868, 42.354152 ], [ 2.552593, 42.343132 ], [ 2.53933, 42.333735 ], [ 2.532647, 42.332921 ], [ 2.526226, 42.333458 ], [ 2.517967, 42.335817 ], [ 2.506897, 42.34084 ], [ 2.49803, 42.342912 ], [ 2.49232, 42.342644 ], [ 2.487011, 42.340406 ], [ 2.483727, 42.340639 ], [ 2.480358, 42.341967 ], [ 2.476699, 42.344982 ], [ 2.476031, 42.34779 ], [ 2.478532, 42.34843 ], [ 2.488646, 42.353839 ], [ 2.493717, 42.35786 ], [ 2.496536, 42.366719 ], [ 2.498434, 42.377913 ], [ 2.501858, 42.383851 ], [ 2.512059, 42.392754 ] ] ] ] } },
{ "type": "Feature", "properties": { "codgeo": "66092", "libgeo": "Lansac", "dept": "66" }, "geometry": { "type": "MultiPolygon", "coordinates": [ [ [ [ 2.558623, 42.779239 ], [ 2.560183, 42.778922 ], [ 2.572821, 42.782018 ], [ 2.571925, 42.776767 ], [ 2.575769, 42.773951 ], [ 2.57883, 42.769871 ], [ 2.578513, 42.762778 ], [ 2.577176, 42.759909 ], [ 2.574934, 42.757935 ], [ 2.56886, 42.755059 ], [ 2.563467, 42.755636 ], [ 2.553857, 42.758778 ], [ 2.54828, 42.770352 ], [ 2.558623, 42.779239 ] ] ] ] } },
{ "type": "Feature", "properties": { "codgeo": "66093", "libgeo": "Laroque-des-Albères", "dept": "66" }, "geometry": { "type": "MultiPolygon", "coordinates": [ [ [ [ 2.911685, 42.4884 ], [ 2.913741, 42.502816 ], [ 2.910955, 42.515922 ], [ 2.912059, 42.51898 ], [ 2.911275, 42.525349 ], [ 2.930171, 42.532104 ], [ 2.932487, 42.535336 ], [ 2.933079, 42.56026 ], [ 2.93669, 42.561456 ], [ 2.939096, 42.555862 ], [ 2.94744, 42.548101 ], [ 2.949993, 42.539666 ], [ 2.948493, 42.530132 ], [ 2.951187, 42.517846 ], [ 2.95047, 42.50695 ], [ 2.948727, 42.499018 ], [ 2.948552, 42.487745 ], [ 2.947123, 42.482143 ], [ 2.942535, 42.479057 ], [ 2.932793, 42.474395 ], [ 2.921376, 42.48005 ], [ 2.917684, 42.484338 ], [ 2.911685, 42.4884 ] ] ] ] } },
{ "type": "Feature", "properties": { "codgeo": "66095", "libgeo": "Latour-de-Carol", "dept": "66" }, "geometry": { "type": "MultiPolygon", "coordinates": [ [ [ [ 1.900252, 42.449851 ], [ 1.896621, 42.449617 ], [ 1.895749, 42.447589 ], [ 1.891168, 42.447717 ], [ 1.884826, 42.449548 ], [ 1.883069, 42.455525 ], [ 1.876501, 42.461712 ], [ 1.864953, 42.466223 ], [ 1.862209, 42.465979 ], [ 1.859522, 42.462468 ], [ 1.854385, 42.464189 ], [ 1.848999, 42.467713 ], [ 1.843057, 42.47691 ], [ 1.862789, 42.496281 ], [ 1.865569, 42.501533 ], [ 1.886525, 42.476074 ], [ 1.901882, 42.462904 ], [ 1.901955, 42.456208 ], [ 1.900252, 42.449851 ] ] ] ] } },
{ "type": "Feature", "properties": { "codgeo": "66096", "libgeo": "Latour-de-France", "dept": "66" }, "geometry": { "type": "MultiPolygon", "coordinates": [ [ [ [ 2.67637, 42.761683 ], [ 2.667007, 42.751547 ], [ 2.665262, 42.748715 ], [ 2.66661, 42.747217 ], [ 2.647625, 42.756501 ], [ 2.642399, 42.756986 ], [ 2.638107, 42.755769 ], [ 2.629938, 42.751392 ], [ 2.622976, 42.753914 ], [ 2.621687, 42.755879 ], [ 2.633701, 42.77006 ], [ 2.636078, 42.780462 ], [ 2.635573, 42.783476 ], [ 2.62711, 42.791728 ], [ 2.630151, 42.792756 ], [ 2.641041, 42.792936 ], [ 2.653451, 42.789753 ], [ 2.67539, 42.786326 ], [ 2.668904, 42.785098 ], [ 2.664653, 42.782764 ], [ 2.676475, 42.765617 ], [ 2.67637, 42.761683 ] ] ] ] } },
{ "type": "Feature", "properties": { "codgeo": "66097", "libgeo": "Lesquerde", "dept": "66" }, "geometry": { "type": "MultiPolygon", "coordinates": [ [ [ [ 2.483129, 42.797611 ], [ 2.500042, 42.801166 ], [ 2.512599, 42.801459 ], [ 2.529251, 42.806405 ], [ 2.532732, 42.806304 ], [ 2.566557, 42.800215 ], [ 2.569185, 42.802494 ], [ 2.593723, 42.80021 ], [ 2.593549, 42.785401 ], [ 2.586307, 42.786657 ], [ 2.577336, 42.786778 ], [ 2.574177, 42.785537 ], [ 2.572821, 42.782018 ], [ 2.560183, 42.778922 ], [ 2.55228, 42.782929 ], [ 2.524063, 42.787882 ], [ 2.5111, 42.788581 ], [ 2.507491, 42.788007 ], [ 2.489668, 42.791097 ], [ 2.483334, 42.796517 ], [ 2.483129, 42.797611 ] ] ] ] } },
{ "type": "Feature", "properties": { "codgeo": "66098", "libgeo": "La Llagonne", "dept": "66" }, "geometry": { "type": "MultiPolygon", "coordinates": [ [ [ [ 2.116112, 42.512716 ], [ 2.101244, 42.516394 ], [ 2.092628, 42.520401 ], [ 2.088997, 42.524228 ], [ 2.063549, 42.534675 ], [ 2.047589, 42.543127 ], [ 2.037035, 42.547337 ], [ 2.024902, 42.554403 ], [ 2.017952, 42.556936 ], [ 2.016141, 42.556848 ], [ 2.019157, 42.566458 ], [ 2.02077, 42.567398 ], [ 2.023806, 42.567605 ], [ 2.032334, 42.563073 ], [ 2.043875, 42.555155 ], [ 2.055575, 42.551938 ], [ 2.06735, 42.547085 ], [ 2.087894, 42.544547 ], [ 2.091488, 42.545714 ], [ 2.099843, 42.543436 ], [ 2.101746, 42.543576 ], [ 2.116942, 42.55072 ], [ 2.122563, 42.555767 ], [ 2.12565, 42.555274 ], [ 2.132168, 42.551079 ], [ 2.135488, 42.546182 ], [ 2.135022, 42.544886 ], [ 2.140026, 42.538064 ], [ 2.149908, 42.530152 ], [ 2.135794, 42.522179 ], [ 2.122792, 42.516349 ], [ 2.119948, 42.514529 ], [ 2.119257, 42.513168 ], [ 2.116112, 42.512716 ] ] ] ] } },
{ "type": "Feature", "properties": { "codgeo": "66099", "libgeo": "Llauro", "dept": "66" }, "geometry": { "type": "MultiPolygon", "coordinates": [ [ [ [ 2.731999, 42.562637 ], [ 2.747715, 42.554305 ], [ 2.763085, 42.552384 ], [ 2.775563, 42.552054 ], [ 2.775761, 42.55051 ], [ 2.773811, 42.547835 ], [ 2.77266, 42.544134 ], [ 2.76982, 42.542463 ], [ 2.760192, 42.541314 ], [ 2.753545, 42.538316 ], [ 2.743676, 42.531771 ], [ 2.741502, 42.529037 ], [ 2.734511, 42.530789 ], [ 2.729691, 42.533885 ], [ 2.723853, 42.542977 ], [ 2.725487, 42.550406 ], [ 2.723734, 42.558871 ], [ 2.728961, 42.558855 ], [ 2.731999, 42.562637 ] ] ] ] } },
{ "type": "Feature", "properties": { "codgeo": "66100", "libgeo": "Llo", "dept": "66" }, "geometry": { "type": "MultiPolygon", "coordinates": [ [ [ [ 2.114835, 42.394489 ], [ 2.098312, 42.39843 ], [ 2.092712, 42.402153 ], [ 2.08936, 42.407055 ], [ 2.080084, 42.415483 ], [ 2.073476, 42.428932 ], [ 2.067788, 42.437644 ], [ 2.060658, 42.441723 ], [ 2.055364, 42.442613 ], [ 2.049708, 42.445233 ], [ 2.048238, 42.447227 ], [ 2.046325, 42.454152 ], [ 2.046794, 42.457305 ], [ 2.06589, 42.477073 ], [ 2.074939, 42.468057 ], [ 2.079632, 42.467285 ], [ 2.084586, 42.463125 ], [ 2.092445, 42.454216 ], [ 2.104154, 42.442903 ], [ 2.121477, 42.431106 ], [ 2.124582, 42.426433 ], [ 2.127745, 42.418738 ], [ 2.128915, 42.417035 ], [ 2.132808, 42.414418 ], [ 2.128925, 42.412712 ], [ 2.125569, 42.409797 ], [ 2.114835, 42.394489 ] ] ] ] } },
{ "type": "Feature", "properties": { "codgeo": "66102", "libgeo": "Mantet", "dept": "66" }, "geometry": { "type": "MultiPolygon", "coordinates": [ [ [ [ 2.333667, 42.42807 ], [ 2.327396, 42.426125 ], [ 2.318605, 42.425097 ], [ 2.305213, 42.42725 ], [ 2.300502, 42.42388 ], [ 2.296327, 42.422964 ], [ 2.291854, 42.423259 ], [ 2.275365, 42.432124 ], [ 2.267219, 42.433819 ], [ 2.257007, 42.438669 ], [ 2.256528, 42.440418 ], [ 2.251116, 42.4451 ], [ 2.25099, 42.448018 ], [ 2.259366, 42.457115 ], [ 2.266754, 42.467081 ], [ 2.272438, 42.477217 ], [ 2.272714, 42.480211 ], [ 2.27532, 42.482503 ], [ 2.279697, 42.483636 ], [ 2.290639, 42.48269 ], [ 2.304217, 42.485245 ], [ 2.309548, 42.488147 ], [ 2.316418, 42.477944 ], [ 2.327154, 42.468236 ], [ 2.32827, 42.463172 ], [ 2.325, 42.447468 ], [ 2.326819, 42.440179 ], [ 2.333667, 42.42807 ] ] ] ] } },
{ "type": "Feature", "properties": { "codgeo": "66103", "libgeo": "Marquixanes", "dept": "66" }, "geometry": { "type": "MultiPolygon", "coordinates": [ [ [ [ 2.467453, 42.631569 ], [ 2.473472, 42.638226 ], [ 2.478614, 42.641388 ], [ 2.480262, 42.645525 ], [ 2.478175, 42.650691 ], [ 2.474011, 42.654253 ], [ 2.487365, 42.652744 ], [ 2.494348, 42.650685 ], [ 2.502131, 42.646941 ], [ 2.498792, 42.643885 ], [ 2.497226, 42.637489 ], [ 2.491043, 42.635686 ], [ 2.484384, 42.631909 ], [ 2.482587, 42.622161 ], [ 2.477655, 42.613711 ], [ 2.47484, 42.6141 ], [ 2.475949, 42.619477 ], [ 2.471089, 42.628299 ], [ 2.467453, 42.631569 ] ] ] ] } },
{ "type": "Feature", "properties": { "codgeo": "66104", "libgeo": "Los Masos", "dept": "66" }, "geometry": { "type": "MultiPolygon", "coordinates": [ [ [ [ 2.461144, 42.603443 ], [ 2.454215, 42.602856 ], [ 2.446826, 42.597295 ], [ 2.441956, 42.600548 ], [ 2.443431, 42.601856 ], [ 2.446325, 42.612563 ], [ 2.452577, 42.62556 ], [ 2.456154, 42.625826 ], [ 2.461708, 42.629869 ], [ 2.465068, 42.631401 ], [ 2.467453, 42.631569 ], [ 2.471089, 42.628299 ], [ 2.475949, 42.619477 ], [ 2.47484, 42.6141 ], [ 2.46853, 42.602745 ], [ 2.461144, 42.603443 ] ] ] ] } },
{ "type": "Feature", "properties": { "codgeo": "66105", "libgeo": "Matemale", "dept": "66" }, "geometry": { "type": "MultiPolygon", "coordinates": [ [ [ [ 2.138304, 42.577864 ], [ 2.132193, 42.571785 ], [ 2.129523, 42.564949 ], [ 2.122563, 42.555767 ], [ 2.116942, 42.55072 ], [ 2.101746, 42.543576 ], [ 2.099843, 42.543436 ], [ 2.091488, 42.545714 ], [ 2.089925, 42.546972 ], [ 2.083835, 42.557265 ], [ 2.084344, 42.560722 ], [ 2.0883, 42.562689 ], [ 2.099022, 42.572499 ], [ 2.101212, 42.575583 ], [ 2.101346, 42.581815 ], [ 2.106392, 42.593051 ], [ 2.113638, 42.601177 ], [ 2.115132, 42.601791 ], [ 2.118419, 42.607357 ], [ 2.125921, 42.612797 ], [ 2.133187, 42.613414 ], [ 2.147039, 42.610107 ], [ 2.1411, 42.605948 ], [ 2.136954, 42.597896 ], [ 2.135524, 42.588788 ], [ 2.138304, 42.577864 ] ] ] ] } },
{ "type": "Feature", "properties": { "codgeo": "66106", "libgeo": "Maureillas-las-Illas", "dept": "66" }, "geometry": { "type": "MultiPolygon", "coordinates": [ [ [ [ 2.777415, 42.453874 ], [ 2.787948, 42.469839 ], [ 2.78273, 42.493197 ], [ 2.797585, 42.497725 ], [ 2.80287, 42.500539 ], [ 2.80953, 42.505723 ], [ 2.817862, 42.515017 ], [ 2.822529, 42.515357 ], [ 2.839681, 42.506931 ], [ 2.841045, 42.507339 ], [ 2.842988, 42.505348 ], [ 2.838865, 42.500149 ], [ 2.834888, 42.496811 ], [ 2.833355, 42.496669 ], [ 2.826434, 42.492211 ], [ 2.825248, 42.489266 ], [ 2.827852, 42.479207 ], [ 2.827649, 42.474151 ], [ 2.828994, 42.471602 ], [ 2.835579, 42.466376 ], [ 2.838115, 42.466024 ], [ 2.840972, 42.464075 ], [ 2.843087, 42.464006 ], [ 2.846535, 42.46036 ], [ 2.845994, 42.459 ], [ 2.844123, 42.458097 ], [ 2.840616, 42.458766 ], [ 2.83791, 42.45809 ], [ 2.835454, 42.455023 ], [ 2.833135, 42.447329 ], [ 2.828133, 42.440165 ], [ 2.817719, 42.43994 ], [ 2.815416, 42.438724 ], [ 2.804171, 42.42999 ], [ 2.800958, 42.424401 ], [ 2.800857, 42.421735 ], [ 2.773878, 42.411994 ], [ 2.768085, 42.413816 ], [ 2.759794, 42.418601 ], [ 2.757625, 42.424208 ], [ 2.755928, 42.425768 ], [ 2.753222, 42.426403 ], [ 2.756549, 42.432269 ], [ 2.758988, 42.441185 ], [ 2.757608, 42.445255 ], [ 2.758877, 42.447974 ], [ 2.764848, 42.451171 ], [ 2.773621, 42.452307 ], [ 2.777415, 42.453874 ] ] ] ] } },
{ "type": "Feature", "properties": { "codgeo": "66107", "libgeo": "Maury", "dept": "66" }, "geometry": { "type": "MultiPolygon", "coordinates": [ [ [ [ 2.62711, 42.791728 ], [ 2.621191, 42.797074 ], [ 2.617128, 42.798444 ], [ 2.601877, 42.798297 ], [ 2.593723, 42.80021 ], [ 2.569185, 42.802494 ], [ 2.55862, 42.845687 ], [ 2.565623, 42.843831 ], [ 2.572414, 42.843471 ], [ 2.596782, 42.836982 ], [ 2.606486, 42.836048 ], [ 2.628281, 42.836633 ], [ 2.638401, 42.834145 ], [ 2.636031, 42.828075 ], [ 2.642374, 42.823523 ], [ 2.652874, 42.819574 ], [ 2.659148, 42.815388 ], [ 2.662239, 42.811641 ], [ 2.662576, 42.808574 ], [ 2.669737, 42.796976 ], [ 2.67827, 42.790356 ], [ 2.680111, 42.787945 ], [ 2.677126, 42.787936 ], [ 2.67539, 42.786326 ], [ 2.653451, 42.789753 ], [ 2.641041, 42.792936 ], [ 2.630151, 42.792756 ], [ 2.62711, 42.791728 ] ] ] ] } },
{ "type": "Feature", "properties": { "codgeo": "66109", "libgeo": "Molitg-les-Bains", "dept": "66" }, "geometry": { "type": "MultiPolygon", "coordinates": [ [ [ [ 2.411461, 42.651028 ], [ 2.411296, 42.638119 ], [ 2.403586, 42.63997 ], [ 2.389088, 42.645002 ], [ 2.379587, 42.653503 ], [ 2.381273, 42.667101 ], [ 2.378181, 42.675265 ], [ 2.376043, 42.678119 ], [ 2.374969, 42.686484 ], [ 2.376632, 42.687774 ], [ 2.389293, 42.687598 ], [ 2.405208, 42.684992 ], [ 2.408578, 42.683471 ], [ 2.408081, 42.673456 ], [ 2.415463, 42.659916 ], [ 2.416044, 42.657409 ], [ 2.413475, 42.65539 ], [ 2.411461, 42.651028 ] ] ] ] } },
{ "type": "Feature", "properties": { "codgeo": "66111", "libgeo": "Montalba-le-Château", "dept": "66" }, "geometry": { "type": "MultiPolygon", "coordinates": [ [ [ [ 2.573481, 42.72306 ], [ 2.57817, 42.716965 ], [ 2.588793, 42.709465 ], [ 2.593765, 42.706446 ], [ 2.599721, 42.705105 ], [ 2.589217, 42.692686 ], [ 2.570174, 42.678794 ], [ 2.565458, 42.676398 ], [ 2.564514, 42.677363 ], [ 2.546048, 42.684168 ], [ 2.531884, 42.693285 ], [ 2.546205, 42.701721 ], [ 2.550904, 42.709513 ], [ 2.548749, 42.713488 ], [ 2.547821, 42.722305 ], [ 2.557747, 42.722768 ], [ 2.569513, 42.721242 ], [ 2.57306, 42.721947 ], [ 2.573481, 42.72306 ] ] ] ] } },
{ "type": "Feature", "properties": { "codgeo": "66112", "libgeo": "Montauriol", "dept": "66" }, "geometry": { "type": "MultiPolygon", "coordinates": [ [ [ [ 2.697624, 42.558151 ], [ 2.69943, 42.5659 ], [ 2.702267, 42.572325 ], [ 2.699751, 42.574522 ], [ 2.711408, 42.578632 ], [ 2.714613, 42.58691 ], [ 2.712841, 42.592327 ], [ 2.727388, 42.597529 ], [ 2.729639, 42.597638 ], [ 2.729345, 42.597177 ], [ 2.735162, 42.592817 ], [ 2.745811, 42.592915 ], [ 2.747221, 42.593737 ], [ 2.750618, 42.59044 ], [ 2.752024, 42.586379 ], [ 2.750497, 42.578889 ], [ 2.748337, 42.579132 ], [ 2.740511, 42.57623 ], [ 2.736304, 42.572321 ], [ 2.735748, 42.570369 ], [ 2.736631, 42.568146 ], [ 2.728961, 42.558855 ], [ 2.705259, 42.558841 ], [ 2.697624, 42.558151 ] ] ] ] } },
{ "type": "Feature", "properties": { "codgeo": "66113", "libgeo": "Montbolo", "dept": "66" }, "geometry": { "type": "MultiPolygon", "coordinates": [ [ [ [ 2.665278, 42.509036 ], [ 2.661445, 42.509099 ], [ 2.657297, 42.502596 ], [ 2.662615, 42.493646 ], [ 2.665344, 42.482584 ], [ 2.660182, 42.476599 ], [ 2.660471, 42.472598 ], [ 2.655979, 42.470198 ], [ 2.646929, 42.468555 ], [ 2.631181, 42.469851 ], [ 2.624099, 42.471172 ], [ 2.601084, 42.48173 ], [ 2.595102, 42.485155 ], [ 2.587078, 42.495337 ], [ 2.589945, 42.498994 ], [ 2.589885, 42.501454 ], [ 2.598039, 42.500877 ], [ 2.608774, 42.501804 ], [ 2.6169, 42.503638 ], [ 2.64131, 42.517012 ], [ 2.644256, 42.515294 ], [ 2.653366, 42.512663 ], [ 2.662572, 42.512004 ], [ 2.665641, 42.510627 ], [ 2.665278, 42.509036 ] ] ] ] } },
{ "type": "Feature", "properties": { "codgeo": "66116", "libgeo": "Montferrer", "dept": "66" }, "geometry": { "type": "MultiPolygon", "coordinates": [ [ [ [ 2.616671, 42.454815 ], [ 2.61664, 42.450821 ], [ 2.614731, 42.449639 ], [ 2.605039, 42.447714 ], [ 2.591117, 42.440142 ], [ 2.588915, 42.434718 ], [ 2.593411, 42.428758 ], [ 2.585835, 42.422435 ], [ 2.579628, 42.421907 ], [ 2.576094, 42.42442 ], [ 2.564378, 42.425975 ], [ 2.553233, 42.423632 ], [ 2.552, 42.422032 ], [ 2.546858, 42.423449 ], [ 2.537221, 42.429664 ], [ 2.533324, 42.433129 ], [ 2.523797, 42.443369 ], [ 2.520685, 42.450852 ], [ 2.51839, 42.452092 ], [ 2.518452, 42.453535 ], [ 2.523817, 42.456054 ], [ 2.531425, 42.458373 ], [ 2.546986, 42.459882 ], [ 2.555975, 42.458207 ], [ 2.564404, 42.455439 ], [ 2.568241, 42.453231 ], [ 2.571358, 42.453489 ], [ 2.598157, 42.461499 ], [ 2.607727, 42.458727 ], [ 2.616671, 42.454815 ] ] ] ] } },
{ "type": "Feature", "properties": { "codgeo": "66117", "libgeo": "Mont-Louis", "dept": "66" }, "geometry": { "type": "MultiPolygon", "coordinates": [ [ [ [ 2.119257, 42.513168 ], [ 2.123856, 42.51086 ], [ 2.123237, 42.51079 ], [ 2.124887, 42.508382 ], [ 2.12344, 42.506556 ], [ 2.121536, 42.506091 ], [ 2.114589, 42.510488 ], [ 2.114696, 42.511782 ], [ 2.116112, 42.512716 ], [ 2.119257, 42.513168 ] ] ] ] } },
{ "type": "Feature", "properties": { "codgeo": "66118", "libgeo": "Montner", "dept": "66" }, "geometry": { "type": "MultiPolygon", "coordinates": [ [ [ [ 2.700752, 42.726994 ], [ 2.684155, 42.728243 ], [ 2.674989, 42.725689 ], [ 2.671622, 42.725851 ], [ 2.668376, 42.728768 ], [ 2.666061, 42.736677 ], [ 2.666217, 42.742706 ], [ 2.668408, 42.745887 ], [ 2.666261, 42.746796 ], [ 2.665262, 42.748715 ], [ 2.67637, 42.761683 ], [ 2.678282, 42.761814 ], [ 2.698699, 42.753102 ], [ 2.702589, 42.749256 ], [ 2.704991, 42.743166 ], [ 2.711559, 42.739588 ], [ 2.7197, 42.737288 ], [ 2.720962, 42.735215 ], [ 2.723858, 42.734212 ], [ 2.717848, 42.733913 ], [ 2.709956, 42.73196 ], [ 2.706827, 42.730939 ], [ 2.700752, 42.726994 ] ] ] ] } },
{ "type": "Feature", "properties": { "codgeo": "66119", "libgeo": "Mosset", "dept": "66" }, "geometry": { "type": "MultiPolygon", "coordinates": [ [ [ [ 2.374969, 42.686484 ], [ 2.37711, 42.665968 ], [ 2.374335, 42.652932 ], [ 2.368846, 42.64875 ], [ 2.370484, 42.641637 ], [ 2.372805, 42.638978 ], [ 2.371333, 42.637003 ], [ 2.364874, 42.634571 ], [ 2.361104, 42.634707 ], [ 2.356592, 42.636737 ], [ 2.3533, 42.63636 ], [ 2.345743, 42.640025 ], [ 2.341901, 42.644255 ], [ 2.328867, 42.644054 ], [ 2.299933, 42.659785 ], [ 2.272938, 42.659897 ], [ 2.268316, 42.658897 ], [ 2.262457, 42.654125 ], [ 2.248685, 42.654344 ], [ 2.240816, 42.653029 ], [ 2.236621, 42.651454 ], [ 2.228575, 42.650397 ], [ 2.220834, 42.650082 ], [ 2.204249, 42.651598 ], [ 2.201379, 42.651325 ], [ 2.19803, 42.652668 ], [ 2.192363, 42.651762 ], [ 2.191188, 42.654149 ], [ 2.19118, 42.65757 ], [ 2.192162, 42.659054 ], [ 2.221639, 42.673126 ], [ 2.238656, 42.676209 ], [ 2.246493, 42.681336 ], [ 2.264533, 42.70624 ], [ 2.264714, 42.709255 ], [ 2.271911, 42.704018 ], [ 2.290538, 42.700236 ], [ 2.297102, 42.700989 ], [ 2.303367, 42.704365 ], [ 2.320139, 42.706703 ], [ 2.322891, 42.708145 ], [ 2.344071, 42.706178 ], [ 2.357638, 42.70074 ], [ 2.360389, 42.701989 ], [ 2.362285, 42.704125 ], [ 2.372469, 42.695243 ], [ 2.376221, 42.689917 ], [ 2.376632, 42.687774 ], [ 2.374969, 42.686484 ] ] ] ] } },
{ "type": "Feature", "properties": { "codgeo": "66120", "libgeo": "Nahuja", "dept": "66" }, "geometry": { "type": "MultiPolygon", "coordinates": [ [ [ [ 1.976791, 42.427776 ], [ 1.976243, 42.436388 ], [ 1.977705, 42.436849 ], [ 1.985743, 42.436336 ], [ 1.996462, 42.432725 ], [ 2.010407, 42.425639 ], [ 2.022884, 42.414537 ], [ 2.016104, 42.411545 ], [ 2.012779, 42.411586 ], [ 1.994549, 42.416219 ], [ 1.982726, 42.423185 ], [ 1.982667, 42.42571 ], [ 1.981254, 42.426976 ], [ 1.976791, 42.427776 ] ] ] ] } },
{ "type": "Feature", "properties": { "codgeo": "66122", "libgeo": "Nohèdes", "dept": "66" }, "geometry": { "type": "MultiPolygon", "coordinates": [ [ [ [ 2.307559, 42.624849 ], [ 2.304457, 42.615312 ], [ 2.306113, 42.600659 ], [ 2.302068, 42.597716 ], [ 2.291775, 42.596275 ], [ 2.287204, 42.596857 ], [ 2.275502, 42.60135 ], [ 2.258492, 42.609303 ], [ 2.250778, 42.617868 ], [ 2.2466, 42.621266 ], [ 2.228946, 42.626766 ], [ 2.223428, 42.62979 ], [ 2.215432, 42.639148 ], [ 2.207377, 42.640171 ], [ 2.201079, 42.639862 ], [ 2.201379, 42.651325 ], [ 2.204249, 42.651598 ], [ 2.220834, 42.650082 ], [ 2.228575, 42.650397 ], [ 2.236621, 42.651454 ], [ 2.240816, 42.653029 ], [ 2.248685, 42.654344 ], [ 2.262457, 42.654125 ], [ 2.279365, 42.643559 ], [ 2.283694, 42.633304 ], [ 2.298324, 42.626598 ], [ 2.307559, 42.624849 ] ] ] ] } },
{ "type": "Feature", "properties": { "codgeo": "66123", "libgeo": "Nyer", "dept": "66" }, "geometry": { "type": "MultiPolygon", "coordinates": [ [ [ [ 2.245407, 42.528329 ], [ 2.247168, 42.528849 ], [ 2.255907, 42.534959 ], [ 2.261781, 42.542856 ], [ 2.27553, 42.540572 ], [ 2.292614, 42.5407 ], [ 2.296155, 42.54009 ], [ 2.298895, 42.538395 ], [ 2.298755, 42.52759 ], [ 2.300898, 42.521826 ], [ 2.304271, 42.516986 ], [ 2.312733, 42.514195 ], [ 2.323153, 42.50862 ], [ 2.319199, 42.50015 ], [ 2.31088, 42.491881 ], [ 2.309548, 42.488147 ], [ 2.304217, 42.485245 ], [ 2.290639, 42.48269 ], [ 2.279697, 42.483636 ], [ 2.27532, 42.482503 ], [ 2.272714, 42.480211 ], [ 2.272438, 42.477217 ], [ 2.266754, 42.467081 ], [ 2.259366, 42.457115 ], [ 2.25099, 42.448018 ], [ 2.246547, 42.451435 ], [ 2.242162, 42.456701 ], [ 2.244713, 42.460797 ], [ 2.242641, 42.467134 ], [ 2.238561, 42.472099 ], [ 2.240339, 42.477736 ], [ 2.238081, 42.494527 ], [ 2.235631, 42.499224 ], [ 2.230378, 42.502854 ], [ 2.229691, 42.504201 ], [ 2.245554, 42.504532 ], [ 2.25889, 42.495367 ], [ 2.261074, 42.494561 ], [ 2.267761, 42.503113 ], [ 2.265794, 42.514317 ], [ 2.254719, 42.519436 ], [ 2.246258, 42.527033 ], [ 2.245407, 42.528329 ] ] ] ] } },
{ "type": "Feature", "properties": { "codgeo": "66124", "libgeo": "Font-Romeu-Odeillo-Via", "dept": "66" }, "geometry": { "type": "MultiPolygon", "coordinates": [ [ [ [ 1.969453, 42.515023 ], [ 1.972555, 42.527998 ], [ 1.977217, 42.532269 ], [ 1.998031, 42.538017 ], [ 2.004575, 42.544409 ], [ 2.011162, 42.545486 ], [ 2.012902, 42.543658 ], [ 2.024079, 42.538111 ], [ 2.038574, 42.53568 ], [ 2.045264, 42.533373 ], [ 2.054549, 42.528308 ], [ 2.055867, 42.525773 ], [ 2.05583, 42.520962 ], [ 2.060973, 42.510342 ], [ 2.067026, 42.501789 ], [ 2.065288, 42.493249 ], [ 2.066849, 42.48754 ], [ 2.064431, 42.482695 ], [ 2.055823, 42.479583 ], [ 2.040088, 42.476675 ], [ 2.037832, 42.475227 ], [ 2.025717, 42.481447 ], [ 2.021668, 42.486755 ], [ 2.026206, 42.501326 ], [ 2.031981, 42.508404 ], [ 2.024099, 42.51397 ], [ 2.019224, 42.514828 ], [ 2.00895, 42.513378 ], [ 1.990083, 42.513428 ], [ 1.973658, 42.515853 ], [ 1.969453, 42.515023 ] ] ] ] } },
{ "type": "Feature", "properties": { "codgeo": "66125", "libgeo": "Olette", "dept": "66" }, "geometry": { "type": "MultiPolygon", "coordinates": [ [ [ [ 2.201079, 42.639862 ], [ 2.207377, 42.640171 ], [ 2.215432, 42.639148 ], [ 2.223428, 42.62979 ], [ 2.228946, 42.626766 ], [ 2.2466, 42.621266 ], [ 2.250778, 42.617868 ], [ 2.258492, 42.609303 ], [ 2.260823, 42.602372 ], [ 2.265862, 42.592866 ], [ 2.274963, 42.588032 ], [ 2.275391, 42.58542 ], [ 2.272915, 42.573904 ], [ 2.275507, 42.570945 ], [ 2.288357, 42.561387 ], [ 2.291528, 42.56189 ], [ 2.29198, 42.560892 ], [ 2.296131, 42.56047 ], [ 2.294937, 42.557852 ], [ 2.295025, 42.558672 ], [ 2.288741, 42.558193 ], [ 2.268199, 42.553065 ], [ 2.265205, 42.549326 ], [ 2.257395, 42.549975 ], [ 2.257147, 42.551624 ], [ 2.261081, 42.556318 ], [ 2.256066, 42.562365 ], [ 2.242756, 42.571704 ], [ 2.234069, 42.575716 ], [ 2.218113, 42.606888 ], [ 2.208114, 42.609568 ], [ 2.209985, 42.61556 ], [ 2.199323, 42.620718 ], [ 2.194749, 42.62153 ], [ 2.193706, 42.625255 ], [ 2.198623, 42.633451 ], [ 2.200991, 42.634989 ], [ 2.202443, 42.639117 ], [ 2.201079, 42.639862 ] ] ] ] } },
{ "type": "Feature", "properties": { "codgeo": "66126", "libgeo": "Oms", "dept": "66" }, "geometry": { "type": "MultiPolygon", "coordinates": [ [ [ [ 2.712635, 42.507378 ], [ 2.709561, 42.509678 ], [ 2.707026, 42.513587 ], [ 2.702814, 42.517703 ], [ 2.683392, 42.525139 ], [ 2.681224, 42.53409 ], [ 2.678841, 42.535187 ], [ 2.683059, 42.536928 ], [ 2.683702, 42.538133 ], [ 2.683288, 42.548032 ], [ 2.686948, 42.556809 ], [ 2.705259, 42.558841 ], [ 2.723734, 42.558871 ], [ 2.725487, 42.550406 ], [ 2.723853, 42.542977 ], [ 2.725531, 42.539945 ], [ 2.729691, 42.533885 ], [ 2.734511, 42.530789 ], [ 2.741502, 42.529037 ], [ 2.739029, 42.525532 ], [ 2.738963, 42.521911 ], [ 2.738198, 42.522004 ], [ 2.727457, 42.50827 ], [ 2.718223, 42.505351 ], [ 2.712635, 42.507378 ] ] ] ] } },
{ "type": "Feature", "properties": { "codgeo": "66128", "libgeo": "Oreilla", "dept": "66" }, "geometry": { "type": "MultiPolygon", "coordinates": [ [ [ [ 2.208114, 42.609568 ], [ 2.218113, 42.606888 ], [ 2.234069, 42.575716 ], [ 2.242756, 42.571704 ], [ 2.256066, 42.562365 ], [ 2.258621, 42.55944 ], [ 2.261081, 42.556318 ], [ 2.257147, 42.551624 ], [ 2.257395, 42.549975 ], [ 2.244768, 42.551554 ], [ 2.23481, 42.555721 ], [ 2.215411, 42.559516 ], [ 2.206866, 42.562041 ], [ 2.205791, 42.563032 ], [ 2.200484, 42.576624 ], [ 2.194623, 42.582628 ], [ 2.188946, 42.585499 ], [ 2.188226, 42.587702 ], [ 2.197277, 42.594414 ], [ 2.201556, 42.60146 ], [ 2.208114, 42.609568 ] ] ] ] } },
{ "type": "Feature", "properties": { "codgeo": "66130", "libgeo": "Osséja", "dept": "66" }, "geometry": { "type": "MultiPolygon", "coordinates": [ [ [ [ 2.022479, 42.35629 ], [ 2.010613, 42.359571 ], [ 1.999908, 42.3652 ], [ 1.984153, 42.378553 ], [ 1.981653, 42.384932 ], [ 1.982215, 42.392044 ], [ 1.981326, 42.398792 ], [ 1.976401, 42.40965 ], [ 1.967986, 42.419253 ], [ 1.964649, 42.421693 ], [ 1.96228, 42.422258 ], [ 1.962219, 42.423278 ], [ 1.963222, 42.422748 ], [ 1.967744, 42.42602 ], [ 1.976791, 42.427776 ], [ 1.981254, 42.426976 ], [ 1.982667, 42.42571 ], [ 1.982726, 42.423185 ], [ 1.994549, 42.416219 ], [ 2.012779, 42.411586 ], [ 2.016104, 42.411545 ], [ 2.022884, 42.414537 ], [ 2.035297, 42.411098 ], [ 2.039071, 42.408878 ], [ 2.031865, 42.407401 ], [ 2.023776, 42.407209 ], [ 2.012091, 42.403584 ], [ 2.007555, 42.398589 ], [ 2.005256, 42.392082 ], [ 2.004931, 42.390273 ], [ 2.006457, 42.384867 ], [ 2.011278, 42.377333 ], [ 2.016746, 42.373164 ], [ 2.019688, 42.36837 ], [ 2.022479, 42.35629 ] ] ] ] } },
{ "type": "Feature", "properties": { "codgeo": "66132", "libgeo": "Palau-de-Cerdagne", "dept": "66" }, "geometry": { "type": "MultiPolygon", "coordinates": [ [ [ [ 1.958571, 42.424144 ], [ 1.962219, 42.423278 ], [ 1.96228, 42.422258 ], [ 1.964649, 42.421693 ], [ 1.967986, 42.419253 ], [ 1.976401, 42.40965 ], [ 1.981326, 42.398792 ], [ 1.982215, 42.392044 ], [ 1.981653, 42.384932 ], [ 1.984153, 42.378553 ], [ 1.999908, 42.3652 ], [ 2.010613, 42.359571 ], [ 2.022479, 42.35629 ], [ 2.023354, 42.355605 ], [ 2.021251, 42.353674 ], [ 2.008905, 42.352756 ], [ 1.998186, 42.356112 ], [ 1.986414, 42.361927 ], [ 1.97283, 42.373283 ], [ 1.967236, 42.379052 ], [ 1.964512, 42.38353 ], [ 1.956013, 42.41275 ], [ 1.958571, 42.424144 ] ] ] ] } },
{ "type": "Feature", "properties": { "codgeo": "66134", "libgeo": "Passa", "dept": "66" }, "geometry": { "type": "MultiPolygon", "coordinates": [ [ [ [ 2.775563, 42.552054 ], [ 2.77907, 42.555006 ], [ 2.788172, 42.56659 ], [ 2.791701, 42.569433 ], [ 2.80433, 42.583293 ], [ 2.803726, 42.586137 ], [ 2.82106, 42.590827 ], [ 2.82641, 42.594 ], [ 2.83207, 42.58782 ], [ 2.835458, 42.577589 ], [ 2.82785, 42.575583 ], [ 2.822916, 42.572291 ], [ 2.813428, 42.562039 ], [ 2.812181, 42.552088 ], [ 2.813632, 42.549354 ], [ 2.814821, 42.548896 ], [ 2.813932, 42.544722 ], [ 2.811477, 42.541849 ], [ 2.808626, 42.541769 ], [ 2.805211, 42.54343 ], [ 2.804227, 42.541024 ], [ 2.794294, 42.543207 ], [ 2.792956, 42.541611 ], [ 2.784997, 42.545032 ], [ 2.778425, 42.546391 ], [ 2.77266, 42.544134 ], [ 2.773811, 42.547835 ], [ 2.775761, 42.55051 ], [ 2.775563, 42.552054 ] ] ] ] } },
{ "type": "Feature", "properties": { "codgeo": "66137", "libgeo": "Le Perthus", "dept": "66" }, "geometry": { "type": "MultiPolygon", "coordinates": [ [ [ [ 2.88676, 42.459941 ], [ 2.882125, 42.460537 ], [ 2.876523, 42.465537 ], [ 2.87048, 42.46743 ], [ 2.863859, 42.464154 ], [ 2.864263, 42.459615 ], [ 2.860303, 42.454831 ], [ 2.856753, 42.454063 ], [ 2.844123, 42.458097 ], [ 2.845994, 42.459 ], [ 2.846535, 42.46036 ], [ 2.843087, 42.464006 ], [ 2.840972, 42.464075 ], [ 2.852238, 42.476622 ], [ 2.859958, 42.477788 ], [ 2.861513, 42.478754 ], [ 2.862855, 42.474838 ], [ 2.865348, 42.471909 ], [ 2.872037, 42.469327 ], [ 2.874982, 42.469577 ], [ 2.880789, 42.467144 ], [ 2.885277, 42.463914 ], [ 2.88676, 42.459941 ] ] ] ] } },
{ "type": "Feature", "properties": { "codgeo": "66139", "libgeo": "Pézilla-de-Conflent", "dept": "66" }, "geometry": { "type": "MultiPolygon", "coordinates": [ [ [ [ 2.503933, 42.746136 ], [ 2.502713, 42.743348 ], [ 2.500014, 42.74109 ], [ 2.499963, 42.73789 ], [ 2.505256, 42.7284 ], [ 2.505965, 42.725609 ], [ 2.502708, 42.722189 ], [ 2.500595, 42.721449 ], [ 2.492213, 42.720924 ], [ 2.487097, 42.721338 ], [ 2.48099, 42.726885 ], [ 2.477846, 42.727902 ], [ 2.472318, 42.731877 ], [ 2.471058, 42.73368 ], [ 2.47299, 42.739843 ], [ 2.47769, 42.748466 ], [ 2.488209, 42.750623 ], [ 2.503933, 42.746136 ] ] ] ] } },
{ "type": "Feature", "properties": { "codgeo": "66142", "libgeo": "Planès", "dept": "66" }, "geometry": { "type": "MultiPolygon", "coordinates": [ [ [ [ 2.146947, 42.434612 ], [ 2.144219, 42.434742 ], [ 2.131145, 42.451058 ], [ 2.138061, 42.459841 ], [ 2.138898, 42.463264 ], [ 2.137727, 42.468756 ], [ 2.130543, 42.479561 ], [ 2.126704, 42.488666 ], [ 2.136161, 42.502951 ], [ 2.135817, 42.503806 ], [ 2.147888, 42.503396 ], [ 2.154891, 42.497214 ], [ 2.160292, 42.485981 ], [ 2.161774, 42.479744 ], [ 2.159488, 42.469093 ], [ 2.160674, 42.464926 ], [ 2.158873, 42.456163 ], [ 2.154567, 42.445552 ], [ 2.146947, 42.434612 ] ] ] ] } },
{ "type": "Feature", "properties": { "codgeo": "66143", "libgeo": "Planèzes", "dept": "66" }, "geometry": { "type": "MultiPolygon", "coordinates": [ [ [ [ 2.62711, 42.791728 ], [ 2.635573, 42.783476 ], [ 2.636078, 42.780462 ], [ 2.633701, 42.77006 ], [ 2.621687, 42.755879 ], [ 2.610891, 42.757943 ], [ 2.611975, 42.76777 ], [ 2.607316, 42.783389 ], [ 2.608907, 42.784916 ], [ 2.620527, 42.788642 ], [ 2.62711, 42.791728 ] ] ] ] } },
{ "type": "Feature", "properties": { "codgeo": "66146", "libgeo": "Porta", "dept": "66" }, "geometry": { "type": "MultiPolygon", "coordinates": [ [ [ [ 1.854732, 42.530525 ], [ 1.861232, 42.520944 ], [ 1.850639, 42.515872 ], [ 1.852609, 42.512379 ], [ 1.8623, 42.502894 ], [ 1.865569, 42.501533 ], [ 1.862789, 42.496281 ], [ 1.843057, 42.47691 ], [ 1.835115, 42.48149 ], [ 1.824985, 42.48487 ], [ 1.808025, 42.486907 ], [ 1.791946, 42.485513 ], [ 1.761907, 42.48758 ], [ 1.754965, 42.490903 ], [ 1.7293, 42.495874 ], [ 1.726716, 42.501206 ], [ 1.723777, 42.516371 ], [ 1.732632, 42.527665 ], [ 1.73455, 42.534465 ], [ 1.734982, 42.547458 ], [ 1.736727, 42.551835 ], [ 1.741784, 42.557614 ], [ 1.747983, 42.562947 ], [ 1.756329, 42.56502 ], [ 1.766278, 42.565289 ], [ 1.767889, 42.564546 ], [ 1.769651, 42.564771 ], [ 1.765378, 42.552097 ], [ 1.759291, 42.540688 ], [ 1.762358, 42.525225 ], [ 1.769806, 42.524361 ], [ 1.777396, 42.526816 ], [ 1.778617, 42.527709 ], [ 1.777399, 42.533125 ], [ 1.779058, 42.537436 ], [ 1.794772, 42.542703 ], [ 1.829368, 42.543327 ], [ 1.834683, 42.54083 ], [ 1.847151, 42.531341 ], [ 1.854732, 42.530525 ] ] ] ] } },
{ "type": "Feature", "properties": { "codgeo": "66147", "libgeo": "Porté-Puymorens", "dept": "66" }, "geometry": { "type": "MultiPolygon", "coordinates": [ [ [ [ 1.874324, 42.581679 ], [ 1.876032, 42.573649 ], [ 1.882626, 42.566547 ], [ 1.888928, 42.562995 ], [ 1.895429, 42.562147 ], [ 1.916842, 42.549262 ], [ 1.908296, 42.542041 ], [ 1.89637, 42.537729 ], [ 1.891722, 42.534954 ], [ 1.856751, 42.531572 ], [ 1.854732, 42.530525 ], [ 1.847151, 42.531341 ], [ 1.834683, 42.54083 ], [ 1.829368, 42.543327 ], [ 1.794772, 42.542703 ], [ 1.779058, 42.537436 ], [ 1.777399, 42.533125 ], [ 1.778617, 42.527709 ], [ 1.777396, 42.526816 ], [ 1.769806, 42.524361 ], [ 1.762358, 42.525225 ], [ 1.759291, 42.540688 ], [ 1.765378, 42.552097 ], [ 1.769651, 42.564771 ], [ 1.780446, 42.569866 ], [ 1.786139, 42.573674 ], [ 1.796573, 42.571532 ], [ 1.824733, 42.581234 ], [ 1.834657, 42.583563 ], [ 1.874324, 42.581679 ] ] ] ] } },
{ "type": "Feature", "properties": { "codgeo": "66148", "libgeo": "Port-Vendres", "dept": "66" }, "geometry": { "type": "MultiPolygon", "coordinates": [ [ [ [ 3.123063, 42.505951 ], [ 3.122833, 42.505058 ], [ 3.12515, 42.501778 ], [ 3.128085, 42.500612 ], [ 3.132735, 42.495066 ], [ 3.121644, 42.494083 ], [ 3.113142, 42.489249 ], [ 3.090612, 42.481045 ], [ 3.075648, 42.489415 ], [ 3.069944, 42.496187 ], [ 3.07425, 42.499866 ], [ 3.081113, 42.503114 ], [ 3.0855, 42.503394 ], [ 3.090619, 42.506384 ], [ 3.095901, 42.513278 ], [ 3.099058, 42.523651 ], [ 3.119422, 42.521248 ], [ 3.138073, 42.516318 ], [ 3.133264, 42.5109 ], [ 3.123063, 42.505951 ] ] ] ] } },
{ "type": "Feature", "properties": { "codgeo": "66149", "libgeo": "Prades", "dept": "66" }, "geometry": { "type": "MultiPolygon", "coordinates": [ [ [ [ 2.420404, 42.602394 ], [ 2.417583, 42.611395 ], [ 2.41109, 42.61483 ], [ 2.411045, 42.616268 ], [ 2.401507, 42.620194 ], [ 2.406734, 42.623669 ], [ 2.409044, 42.623847 ], [ 2.414422, 42.628219 ], [ 2.421827, 42.631052 ], [ 2.427258, 42.627372 ], [ 2.437101, 42.634103 ], [ 2.438826, 42.634008 ], [ 2.447194, 42.62992 ], [ 2.452577, 42.62556 ], [ 2.446325, 42.612563 ], [ 2.443431, 42.601856 ], [ 2.432906, 42.587214 ], [ 2.430715, 42.588831 ], [ 2.429631, 42.590896 ], [ 2.426217, 42.592779 ], [ 2.420404, 42.602394 ] ] ] ] } },
{ "type": "Feature", "properties": { "codgeo": "66150", "libgeo": "Prats-de-Mollo-la-Preste", "dept": "66" }, "geometry": { "type": "MultiPolygon", "coordinates": [ [ [ [ 2.327396, 42.426125 ], [ 2.360086, 42.43569 ], [ 2.375078, 42.441002 ], [ 2.395183, 42.453128 ], [ 2.40334, 42.459618 ], [ 2.416893, 42.467147 ], [ 2.41823, 42.469759 ], [ 2.439221, 42.48284 ], [ 2.452609, 42.487056 ], [ 2.465019, 42.474236 ], [ 2.470953, 42.466042 ], [ 2.477758, 42.461566 ], [ 2.489084, 42.451828 ], [ 2.499622, 42.437241 ], [ 2.514994, 42.429868 ], [ 2.521709, 42.418742 ], [ 2.526122, 42.407849 ], [ 2.526518, 42.404749 ], [ 2.522108, 42.405109 ], [ 2.516429, 42.399719 ], [ 2.514288, 42.393016 ], [ 2.512059, 42.392754 ], [ 2.501858, 42.383851 ], [ 2.498434, 42.377913 ], [ 2.496536, 42.366719 ], [ 2.493717, 42.35786 ], [ 2.488646, 42.353839 ], [ 2.478532, 42.34843 ], [ 2.476031, 42.34779 ], [ 2.466289, 42.360568 ], [ 2.456271, 42.367159 ], [ 2.45175, 42.36935 ], [ 2.445746, 42.369605 ], [ 2.436053, 42.374832 ], [ 2.433476, 42.377164 ], [ 2.43274, 42.378211 ], [ 2.435418, 42.388754 ], [ 2.434642, 42.391396 ], [ 2.432501, 42.393576 ], [ 2.428844, 42.394212 ], [ 2.424312, 42.39383 ], [ 2.413532, 42.391594 ], [ 2.406123, 42.392568 ], [ 2.397151, 42.395262 ], [ 2.38509, 42.400392 ], [ 2.379529, 42.401426 ], [ 2.368968, 42.401131 ], [ 2.349128, 42.406876 ], [ 2.345269, 42.410161 ], [ 2.330202, 42.416252 ], [ 2.324431, 42.417671 ], [ 2.320135, 42.421033 ], [ 2.318605, 42.425097 ], [ 2.327396, 42.426125 ] ] ] ] } },
{ "type": "Feature", "properties": { "codgeo": "66151", "libgeo": "Prats-de-Sournia", "dept": "66" }, "geometry": { "type": "MultiPolygon", "coordinates": [ [ [ [ 2.48099, 42.726885 ], [ 2.481475, 42.725976 ], [ 2.478745, 42.722235 ], [ 2.471791, 42.720247 ], [ 2.456892, 42.732292 ], [ 2.44178, 42.741724 ], [ 2.425485, 42.744205 ], [ 2.436266, 42.752308 ], [ 2.441825, 42.753502 ], [ 2.450314, 42.753114 ], [ 2.469115, 42.759512 ], [ 2.47769, 42.748466 ], [ 2.47299, 42.739843 ], [ 2.471058, 42.73368 ], [ 2.472318, 42.731877 ], [ 2.477846, 42.727902 ], [ 2.48099, 42.726885 ] ] ] ] } },
{ "type": "Feature", "properties": { "codgeo": "66152", "libgeo": "Prugnanes", "dept": "66" }, "geometry": { "type": "MultiPolygon", "coordinates": [ [ [ [ 2.436081, 42.806871 ], [ 2.413288, 42.820687 ], [ 2.401325, 42.839712 ], [ 2.401357, 42.843865 ], [ 2.416049, 42.841034 ], [ 2.428848, 42.840014 ], [ 2.442786, 42.837341 ], [ 2.456854, 42.8374 ], [ 2.461941, 42.838295 ], [ 2.467437, 42.835291 ], [ 2.468644, 42.831426 ], [ 2.461684, 42.818584 ], [ 2.456038, 42.81383 ], [ 2.450103, 42.811041 ], [ 2.436291, 42.807476 ], [ 2.436081, 42.806871 ] ] ] ] } },
{ "type": "Feature", "properties": { "codgeo": "66153", "libgeo": "Prunet-et-Belpuig", "dept": "66" }, "geometry": { "type": "MultiPolygon", "coordinates": [ [ [ [ 2.595809, 42.546437 ], [ 2.597804, 42.547041 ], [ 2.596631, 42.549785 ], [ 2.608284, 42.56484 ], [ 2.616329, 42.580331 ], [ 2.618015, 42.588531 ], [ 2.61817, 42.595578 ], [ 2.62053, 42.594836 ], [ 2.631013, 42.58688 ], [ 2.634229, 42.586401 ], [ 2.635166, 42.586348 ], [ 2.642403, 42.591345 ], [ 2.648634, 42.592209 ], [ 2.653476, 42.590881 ], [ 2.657961, 42.588351 ], [ 2.664023, 42.573444 ], [ 2.667466, 42.571686 ], [ 2.678472, 42.570342 ], [ 2.678769, 42.569763 ], [ 2.660602, 42.566021 ], [ 2.653788, 42.563639 ], [ 2.650624, 42.561299 ], [ 2.64854, 42.558108 ], [ 2.651791, 42.547346 ], [ 2.650194, 42.541264 ], [ 2.647109, 42.535567 ], [ 2.641084, 42.544423 ], [ 2.636161, 42.54573 ], [ 2.62101, 42.545727 ], [ 2.615641, 42.544974 ], [ 2.610833, 42.543285 ], [ 2.609085, 42.541209 ], [ 2.599643, 42.543415 ], [ 2.595809, 42.546437 ] ] ] ] } },
{ "type": "Feature", "properties": { "codgeo": "66154", "libgeo": "Puyvalador", "dept": "66" }, "geometry": { "type": "MultiPolygon", "coordinates": [ [ [ [ 2.176144, 42.652591 ], [ 2.173865, 42.651835 ], [ 2.170088, 42.653008 ], [ 2.158701, 42.653977 ], [ 2.14462, 42.653372 ], [ 2.138449, 42.655045 ], [ 2.131112, 42.658365 ], [ 2.128903, 42.658571 ], [ 2.124426, 42.655618 ], [ 2.12519, 42.646086 ], [ 2.122376, 42.645864 ], [ 2.111195, 42.64044 ], [ 2.106108, 42.634804 ], [ 2.100375, 42.62532 ], [ 2.095896, 42.628261 ], [ 2.101919, 42.634428 ], [ 2.111956, 42.641657 ], [ 2.111281, 42.643015 ], [ 2.108464, 42.644349 ], [ 2.085236, 42.644176 ], [ 2.067357, 42.647752 ], [ 2.051004, 42.652049 ], [ 2.045886, 42.654703 ], [ 2.043347, 42.657556 ], [ 2.046921, 42.663638 ], [ 2.054095, 42.663159 ], [ 2.067931, 42.665324 ], [ 2.082657, 42.665684 ], [ 2.100543, 42.664384 ], [ 2.107949, 42.664696 ], [ 2.123719, 42.671792 ], [ 2.127817, 42.672344 ], [ 2.131377, 42.670315 ], [ 2.13286, 42.668297 ], [ 2.13972, 42.665176 ], [ 2.1514, 42.661989 ], [ 2.156093, 42.662824 ], [ 2.159818, 42.66443 ], [ 2.166049, 42.663917 ], [ 2.176144, 42.652591 ] ] ] ] } },
{ "type": "Feature", "properties": { "codgeo": "66155", "libgeo": "Py", "dept": "66" }, "geometry": { "type": "MultiPolygon", "coordinates": [ [ [ [ 2.309548, 42.488147 ], [ 2.31088, 42.491881 ], [ 2.319199, 42.50015 ], [ 2.323153, 42.50862 ], [ 2.336612, 42.507099 ], [ 2.349752, 42.506729 ], [ 2.366996, 42.507866 ], [ 2.375949, 42.506774 ], [ 2.385744, 42.503439 ], [ 2.389809, 42.503033 ], [ 2.405663, 42.4875 ], [ 2.413066, 42.471289 ], [ 2.417014, 42.467874 ], [ 2.416893, 42.467147 ], [ 2.40334, 42.459618 ], [ 2.395183, 42.453128 ], [ 2.375078, 42.441002 ], [ 2.360086, 42.43569 ], [ 2.333667, 42.42807 ], [ 2.326819, 42.440179 ], [ 2.325, 42.447468 ], [ 2.32827, 42.463172 ], [ 2.327154, 42.468236 ], [ 2.316418, 42.477944 ], [ 2.309548, 42.488147 ] ] ] ] } },
{ "type": "Feature", "properties": { "codgeo": "66156", "libgeo": "Rabouillet", "dept": "66" }, "geometry": { "type": "MultiPolygon", "coordinates": [ [ [ [ 2.406174, 42.749337 ], [ 2.408247, 42.747486 ], [ 2.406133, 42.745633 ], [ 2.405575, 42.741647 ], [ 2.405816, 42.726994 ], [ 2.392787, 42.72223 ], [ 2.371575, 42.710908 ], [ 2.360389, 42.701989 ], [ 2.357638, 42.70074 ], [ 2.344071, 42.706178 ], [ 2.322891, 42.708145 ], [ 2.320853, 42.70916 ], [ 2.349071, 42.724589 ], [ 2.354132, 42.726636 ], [ 2.355871, 42.728175 ], [ 2.357575, 42.734144 ], [ 2.356403, 42.741831 ], [ 2.353644, 42.748608 ], [ 2.377749, 42.747611 ], [ 2.380256, 42.747972 ], [ 2.386119, 42.750806 ], [ 2.391228, 42.752265 ], [ 2.396976, 42.75205 ], [ 2.399248, 42.75033 ], [ 2.406174, 42.749337 ] ] ] ] } },
{ "type": "Feature", "properties": { "codgeo": "66157", "libgeo": "Railleu", "dept": "66" }, "geometry": { "type": "MultiPolygon", "coordinates": [ [ [ [ 2.188226, 42.587702 ], [ 2.189275, 42.586196 ], [ 2.187037, 42.585151 ], [ 2.189115, 42.580252 ], [ 2.187663, 42.57796 ], [ 2.174879, 42.574519 ], [ 2.167145, 42.576798 ], [ 2.165373, 42.58035 ], [ 2.161097, 42.584168 ], [ 2.145219, 42.576373 ], [ 2.141182, 42.578563 ], [ 2.138304, 42.577864 ], [ 2.135524, 42.588788 ], [ 2.136954, 42.597896 ], [ 2.1411, 42.605948 ], [ 2.147039, 42.610107 ], [ 2.156947, 42.605721 ], [ 2.164037, 42.600785 ], [ 2.168181, 42.596733 ], [ 2.175692, 42.592202 ], [ 2.188226, 42.587702 ] ] ] ] } },
{ "type": "Feature", "properties": { "codgeo": "66158", "libgeo": "Rasiguères", "dept": "66" }, "geometry": { "type": "MultiPolygon", "coordinates": [ [ [ [ 2.593723, 42.80021 ], [ 2.601877, 42.798297 ], [ 2.617128, 42.798444 ], [ 2.621191, 42.797074 ], [ 2.62711, 42.791728 ], [ 2.620527, 42.788642 ], [ 2.608907, 42.784916 ], [ 2.607316, 42.783389 ], [ 2.611975, 42.76777 ], [ 2.610891, 42.757943 ], [ 2.600551, 42.757607 ], [ 2.587015, 42.751633 ], [ 2.585442, 42.747039 ], [ 2.582393, 42.746171 ], [ 2.577977, 42.746628 ], [ 2.575889, 42.747736 ], [ 2.56886, 42.755059 ], [ 2.574934, 42.757935 ], [ 2.577176, 42.759909 ], [ 2.578513, 42.762778 ], [ 2.57883, 42.769871 ], [ 2.575769, 42.773951 ], [ 2.571925, 42.776767 ], [ 2.572821, 42.782018 ], [ 2.574177, 42.785537 ], [ 2.577336, 42.786778 ], [ 2.586307, 42.786657 ], [ 2.593549, 42.785401 ], [ 2.593723, 42.80021 ] ] ] ] } },
{ "type": "Feature", "properties": { "codgeo": "66159", "libgeo": "Réal", "dept": "66" }, "geometry": { "type": "MultiPolygon", "coordinates": [ [ [ [ 2.149892, 42.622071 ], [ 2.145102, 42.62404 ], [ 2.135002, 42.626098 ], [ 2.130037, 42.629088 ], [ 2.12519, 42.646086 ], [ 2.124426, 42.655618 ], [ 2.128903, 42.658571 ], [ 2.131112, 42.658365 ], [ 2.138449, 42.655045 ], [ 2.14462, 42.653372 ], [ 2.158701, 42.653977 ], [ 2.170088, 42.653008 ], [ 2.173865, 42.651835 ], [ 2.176144, 42.652591 ], [ 2.176214, 42.648901 ], [ 2.166154, 42.640053 ], [ 2.156765, 42.628853 ], [ 2.149892, 42.622071 ] ] ] ] } },
{ "type": "Feature", "properties": { "codgeo": "66160", "libgeo": "Reynès", "dept": "66" }, "geometry": { "type": "MultiPolygon", "coordinates": [ [ [ [ 2.660184, 42.496867 ], [ 2.657297, 42.502596 ], [ 2.661445, 42.509099 ], [ 2.665278, 42.509036 ], [ 2.665031, 42.508003 ], [ 2.668458, 42.504473 ], [ 2.674899, 42.502773 ], [ 2.683467, 42.503836 ], [ 2.689197, 42.505642 ], [ 2.70868, 42.50403 ], [ 2.712635, 42.507378 ], [ 2.718223, 42.505351 ], [ 2.723239, 42.506968 ], [ 2.722687, 42.505269 ], [ 2.724464, 42.502852 ], [ 2.729778, 42.489761 ], [ 2.732295, 42.476408 ], [ 2.730591, 42.462858 ], [ 2.72618, 42.456758 ], [ 2.728205, 42.434882 ], [ 2.728411, 42.425781 ], [ 2.727356, 42.422789 ], [ 2.72416, 42.422737 ], [ 2.720567, 42.431798 ], [ 2.707525, 42.441581 ], [ 2.700366, 42.450378 ], [ 2.690341, 42.456862 ], [ 2.685208, 42.459007 ], [ 2.683839, 42.459358 ], [ 2.677367, 42.458366 ], [ 2.672182, 42.459393 ], [ 2.671214, 42.465356 ], [ 2.678233, 42.466379 ], [ 2.687413, 42.468802 ], [ 2.691472, 42.471756 ], [ 2.695867, 42.484997 ], [ 2.699074, 42.486508 ], [ 2.693079, 42.489599 ], [ 2.677623, 42.491566 ], [ 2.660184, 42.496867 ] ] ] ] } },
{ "type": "Feature", "properties": { "codgeo": "66161", "libgeo": "Ria-Sirach", "dept": "66" }, "geometry": { "type": "MultiPolygon", "coordinates": [ [ [ [ 2.411753, 42.589906 ], [ 2.408453, 42.587848 ], [ 2.406228, 42.583875 ], [ 2.403467, 42.584565 ], [ 2.400088, 42.583357 ], [ 2.39086, 42.591405 ], [ 2.381139, 42.601424 ], [ 2.382254, 42.602811 ], [ 2.380631, 42.606251 ], [ 2.382598, 42.609279 ], [ 2.372729, 42.612613 ], [ 2.359218, 42.630707 ], [ 2.3533, 42.63636 ], [ 2.356592, 42.636737 ], [ 2.361104, 42.634707 ], [ 2.364874, 42.634571 ], [ 2.372133, 42.632324 ], [ 2.378834, 42.633175 ], [ 2.383561, 42.632843 ], [ 2.406734, 42.623669 ], [ 2.401507, 42.620194 ], [ 2.411045, 42.616268 ], [ 2.406301, 42.598913 ], [ 2.411756, 42.59259 ], [ 2.411753, 42.589906 ] ] ] ] } },
{ "type": "Feature", "properties": { "codgeo": "66162", "libgeo": "Rigarda", "dept": "66" }, "geometry": { "type": "MultiPolygon", "coordinates": [ [ [ [ 2.552431, 42.620027 ], [ 2.552475, 42.619166 ], [ 2.543045, 42.6178 ], [ 2.535758, 42.618465 ], [ 2.534411, 42.617636 ], [ 2.528775, 42.620716 ], [ 2.527018, 42.626508 ], [ 2.5246, 42.630697 ], [ 2.522343, 42.63134 ], [ 2.522677, 42.632883 ], [ 2.526105, 42.634393 ], [ 2.536776, 42.636572 ], [ 2.546644, 42.640678 ], [ 2.547285, 42.639717 ], [ 2.545165, 42.630037 ], [ 2.547958, 42.623097 ], [ 2.552431, 42.620027 ] ] ] ] } },
{ "type": "Feature", "properties": { "codgeo": "66165", "libgeo": "Rodès", "dept": "66" }, "geometry": { "type": "MultiPolygon", "coordinates": [ [ [ [ 2.530436, 42.654198 ], [ 2.530645, 42.65544 ], [ 2.526907, 42.660742 ], [ 2.52761, 42.662314 ], [ 2.525224, 42.690398 ], [ 2.521542, 42.694951 ], [ 2.531884, 42.693285 ], [ 2.546048, 42.684168 ], [ 2.564514, 42.677363 ], [ 2.565458, 42.676398 ], [ 2.561517, 42.674325 ], [ 2.568143, 42.66535 ], [ 2.569083, 42.661123 ], [ 2.566793, 42.65175 ], [ 2.575426, 42.625417 ], [ 2.571865, 42.62118 ], [ 2.572799, 42.619251 ], [ 2.575387, 42.618493 ], [ 2.574822, 42.618004 ], [ 2.552431, 42.620027 ], [ 2.547958, 42.623097 ], [ 2.545165, 42.630037 ], [ 2.547285, 42.639717 ], [ 2.546644, 42.640678 ], [ 2.547096, 42.645436 ], [ 2.544989, 42.653572 ], [ 2.540893, 42.656086 ], [ 2.538944, 42.655183 ], [ 2.530436, 42.654198 ] ] ] ] } },
{ "type": "Feature", "properties": { "codgeo": "66166", "libgeo": "Sahorre", "dept": "66" }, "geometry": { "type": "MultiPolygon", "coordinates": [ [ [ [ 2.323153, 42.50862 ], [ 2.331779, 42.514441 ], [ 2.335978, 42.518564 ], [ 2.337682, 42.522425 ], [ 2.339312, 42.531714 ], [ 2.339404, 42.539267 ], [ 2.372377, 42.54586 ], [ 2.374386, 42.540815 ], [ 2.377189, 42.538137 ], [ 2.381764, 42.535523 ], [ 2.37817, 42.522954 ], [ 2.378815, 42.51937 ], [ 2.379783, 42.516488 ], [ 2.389567, 42.504335 ], [ 2.389809, 42.503033 ], [ 2.385744, 42.503439 ], [ 2.375949, 42.506774 ], [ 2.366996, 42.507866 ], [ 2.349752, 42.506729 ], [ 2.336612, 42.507099 ], [ 2.323153, 42.50862 ] ] ] ] } },
{ "type": "Feature", "properties": { "codgeo": "66167", "libgeo": "Saillagouse", "dept": "66" }, "geometry": { "type": "MultiPolygon", "coordinates": [ [ [ [ 2.064886, 42.483872 ], [ 2.067551, 42.482867 ], [ 2.068109, 42.481519 ], [ 2.06589, 42.477073 ], [ 2.049665, 42.461043 ], [ 2.046794, 42.457305 ], [ 2.046325, 42.454152 ], [ 2.048238, 42.447227 ], [ 2.049708, 42.445233 ], [ 2.055364, 42.442613 ], [ 2.060658, 42.441723 ], [ 2.067788, 42.437644 ], [ 2.073476, 42.428932 ], [ 2.059844, 42.43353 ], [ 2.046781, 42.440896 ], [ 2.042313, 42.44427 ], [ 2.037453, 42.45098 ], [ 2.030939, 42.452093 ], [ 2.026779, 42.449868 ], [ 2.018881, 42.443516 ], [ 2.009433, 42.448495 ], [ 2.012777, 42.448357 ], [ 2.014389, 42.451791 ], [ 2.011241, 42.454456 ], [ 2.002872, 42.458316 ], [ 2.004244, 42.459882 ], [ 2.021756, 42.464418 ], [ 2.034777, 42.472276 ], [ 2.040088, 42.476675 ], [ 2.055823, 42.479583 ], [ 2.064431, 42.482695 ], [ 2.064886, 42.483872 ] ] ] ] } },
{ "type": "Feature", "properties": { "codgeo": "66169", "libgeo": "Saint-Arnac", "dept": "66" }, "geometry": { "type": "MultiPolygon", "coordinates": [ [ [ [ 2.5111, 42.788581 ], [ 2.524063, 42.787882 ], [ 2.55228, 42.782929 ], [ 2.558623, 42.779239 ], [ 2.54828, 42.770352 ], [ 2.553857, 42.758778 ], [ 2.544905, 42.759554 ], [ 2.544633, 42.761526 ], [ 2.541925, 42.764011 ], [ 2.532805, 42.767475 ], [ 2.51962, 42.777245 ], [ 2.509959, 42.779933 ], [ 2.5111, 42.788581 ] ] ] ] } },
{ "type": "Feature", "properties": { "codgeo": "66178", "libgeo": "Saint-Jean-Pla-de-Corts", "dept": "66" }, "geometry": { "type": "MultiPolygon", "coordinates": [ [ [ [ 2.78273, 42.493197 ], [ 2.769653, 42.512609 ], [ 2.785722, 42.5176 ], [ 2.787079, 42.518663 ], [ 2.788446, 42.520413 ], [ 2.787678, 42.526705 ], [ 2.793091, 42.538906 ], [ 2.792956, 42.541611 ], [ 2.794294, 42.543207 ], [ 2.804227, 42.541024 ], [ 2.801869, 42.532264 ], [ 2.816478, 42.519843 ], [ 2.817862, 42.515017 ], [ 2.80953, 42.505723 ], [ 2.80287, 42.500539 ], [ 2.797585, 42.497725 ], [ 2.78273, 42.493197 ] ] ] ] } },
{ "type": "Feature", "properties": { "codgeo": "66179", "libgeo": "Saint-Laurent-de-Cerdans", "dept": "66" }, "geometry": { "type": "MultiPolygon", "coordinates": [ [ [ [ 2.570615, 42.412821 ], [ 2.571465, 42.416814 ], [ 2.578209, 42.42308 ], [ 2.579628, 42.421907 ], [ 2.585835, 42.422435 ], [ 2.593411, 42.428758 ], [ 2.59535, 42.428551 ], [ 2.603291, 42.42408 ], [ 2.60775, 42.422728 ], [ 2.61819, 42.421469 ], [ 2.633119, 42.417377 ], [ 2.638501, 42.413644 ], [ 2.647401, 42.420232 ], [ 2.650465, 42.424352 ], [ 2.650686, 42.425867 ], [ 2.666364, 42.424705 ], [ 2.670933, 42.423406 ], [ 2.675145, 42.418221 ], [ 2.67158, 42.413952 ], [ 2.673026, 42.405367 ], [ 2.674032, 42.404808 ], [ 2.671299, 42.402361 ], [ 2.673146, 42.397967 ], [ 2.671379, 42.387794 ], [ 2.658285, 42.380825 ], [ 2.659032, 42.379949 ], [ 2.658128, 42.378439 ], [ 2.624617, 42.362813 ], [ 2.619624, 42.363081 ], [ 2.611245, 42.365661 ], [ 2.587461, 42.369293 ], [ 2.581401, 42.379653 ], [ 2.575449, 42.385877 ], [ 2.57791, 42.396908 ], [ 2.576274, 42.403952 ], [ 2.570615, 42.412821 ] ] ] ] } },
{ "type": "Feature", "properties": { "codgeo": "66181", "libgeo": "Sainte-Léocadie", "dept": "66" }, "geometry": { "type": "MultiPolygon", "coordinates": [ [ [ [ 2.035297, 42.411098 ], [ 2.022884, 42.414537 ], [ 2.010407, 42.425639 ], [ 1.996462, 42.432725 ], [ 1.985743, 42.436336 ], [ 1.977705, 42.436849 ], [ 1.977387, 42.438201 ], [ 1.980689, 42.445233 ], [ 1.980941, 42.447752 ], [ 1.983924, 42.446737 ], [ 2.00302, 42.446959 ], [ 2.009433, 42.448495 ], [ 2.018881, 42.443516 ], [ 2.028479, 42.430966 ], [ 2.034199, 42.417879 ], [ 2.035297, 42.411098 ] ] ] ] } },
{ "type": "Feature", "properties": { "codgeo": "66183", "libgeo": "Saint-Marsal", "dept": "66" }, "geometry": { "type": "MultiPolygon", "coordinates": [ [ [ [ 2.587089, 42.503077 ], [ 2.579595, 42.507732 ], [ 2.576046, 42.508777 ], [ 2.587108, 42.522675 ], [ 2.589233, 42.535697 ], [ 2.591419, 42.541663 ], [ 2.595809, 42.546437 ], [ 2.599643, 42.543415 ], [ 2.609085, 42.541209 ], [ 2.610833, 42.543285 ], [ 2.615641, 42.544974 ], [ 2.62101, 42.545727 ], [ 2.636161, 42.54573 ], [ 2.641084, 42.544423 ], [ 2.647109, 42.535567 ], [ 2.650041, 42.52689 ], [ 2.648976, 42.526117 ], [ 2.653329, 42.517817 ], [ 2.662572, 42.512004 ], [ 2.653366, 42.512663 ], [ 2.644256, 42.515294 ], [ 2.64131, 42.517012 ], [ 2.638165, 42.525676 ], [ 2.630045, 42.528717 ], [ 2.622902, 42.529793 ], [ 2.620621, 42.529428 ], [ 2.608697, 42.516252 ], [ 2.602129, 42.510931 ], [ 2.587089, 42.503077 ] ] ] ] } },
{ "type": "Feature", "properties": { "codgeo": "66184", "libgeo": "Saint-Martin-de-Fenouillet", "dept": "66" }, "geometry": { "type": "MultiPolygon", "coordinates": [ [ [ [ 2.501543, 42.772059 ], [ 2.478432, 42.776357 ], [ 2.455704, 42.779329 ], [ 2.444307, 42.783215 ], [ 2.44779, 42.787037 ], [ 2.448132, 42.794608 ], [ 2.459703, 42.794392 ], [ 2.483129, 42.797611 ], [ 2.483334, 42.796517 ], [ 2.489668, 42.791097 ], [ 2.507491, 42.788007 ], [ 2.5111, 42.788581 ], [ 2.509959, 42.779933 ], [ 2.501543, 42.772059 ] ] ] ] } },
{ "type": "Feature", "properties": { "codgeo": "66185", "libgeo": "Saint-Michel-de-Llotes", "dept": "66" }, "geometry": { "type": "MultiPolygon", "coordinates": [ [ [ [ 2.611086, 42.657071 ], [ 2.613124, 42.656595 ], [ 2.627004, 42.662115 ], [ 2.638238, 42.656419 ], [ 2.640906, 42.653049 ], [ 2.643234, 42.643879 ], [ 2.648348, 42.637571 ], [ 2.647728, 42.635902 ], [ 2.640847, 42.632919 ], [ 2.636767, 42.63497 ], [ 2.635267, 42.634615 ], [ 2.629792, 42.632937 ], [ 2.625215, 42.630254 ], [ 2.605945, 42.630375 ], [ 2.606037, 42.639324 ], [ 2.60999, 42.646466 ], [ 2.605768, 42.655652 ], [ 2.611086, 42.657071 ] ] ] ] } },
{ "type": "Feature", "properties": { "codgeo": "66187", "libgeo": "Saint-Paul-de-Fenouillet", "dept": "66" }, "geometry": { "type": "MultiPolygon", "coordinates": [ [ [ [ 2.483129, 42.797611 ], [ 2.459703, 42.794392 ], [ 2.435872, 42.794332 ], [ 2.437049, 42.80602 ], [ 2.436291, 42.807476 ], [ 2.450103, 42.811041 ], [ 2.456038, 42.81383 ], [ 2.461684, 42.818584 ], [ 2.468644, 42.831426 ], [ 2.467437, 42.835291 ], [ 2.461941, 42.838295 ], [ 2.474655, 42.839415 ], [ 2.476438, 42.841541 ], [ 2.481923, 42.844703 ], [ 2.493776, 42.846924 ], [ 2.502749, 42.851432 ], [ 2.507021, 42.850851 ], [ 2.515798, 42.845348 ], [ 2.519797, 42.844235 ], [ 2.55862, 42.845687 ], [ 2.569185, 42.802494 ], [ 2.566557, 42.800215 ], [ 2.532732, 42.806304 ], [ 2.529251, 42.806405 ], [ 2.512599, 42.801459 ], [ 2.500042, 42.801166 ], [ 2.483129, 42.797611 ] ] ] ] } },
{ "type": "Feature", "properties": { "codgeo": "66188", "libgeo": "Saint-Pierre-dels-Forcats", "dept": "66" }, "geometry": { "type": "MultiPolygon", "coordinates": [ [ [ [ 2.131145, 42.451058 ], [ 2.124117, 42.45274 ], [ 2.110404, 42.462623 ], [ 2.107094, 42.468785 ], [ 2.106588, 42.47373 ], [ 2.103191, 42.479936 ], [ 2.088738, 42.491787 ], [ 2.096698, 42.495479 ], [ 2.112647, 42.50006 ], [ 2.117932, 42.499931 ], [ 2.131513, 42.504342 ], [ 2.135817, 42.503806 ], [ 2.136161, 42.502951 ], [ 2.126704, 42.488666 ], [ 2.130543, 42.479561 ], [ 2.137727, 42.468756 ], [ 2.138898, 42.463264 ], [ 2.138061, 42.459841 ], [ 2.131145, 42.451058 ] ] ] ] } },
{ "type": "Feature", "properties": { "codgeo": "66191", "libgeo": "Sansa", "dept": "66" }, "geometry": { "type": "MultiPolygon", "coordinates": [ [ [ [ 2.176214, 42.648901 ], [ 2.19803, 42.652668 ], [ 2.201379, 42.651325 ], [ 2.201079, 42.639862 ], [ 2.202443, 42.639117 ], [ 2.200991, 42.634989 ], [ 2.198623, 42.633451 ], [ 2.193706, 42.625255 ], [ 2.194749, 42.62153 ], [ 2.199323, 42.620718 ], [ 2.209985, 42.61556 ], [ 2.208114, 42.609568 ], [ 2.201556, 42.60146 ], [ 2.197277, 42.594414 ], [ 2.188226, 42.587702 ], [ 2.175692, 42.592202 ], [ 2.168181, 42.596733 ], [ 2.164037, 42.600785 ], [ 2.156947, 42.605721 ], [ 2.147039, 42.610107 ], [ 2.149892, 42.622071 ], [ 2.156765, 42.628853 ], [ 2.166154, 42.640053 ], [ 2.176214, 42.648901 ] ] ] ] } },
{ "type": "Feature", "properties": { "codgeo": "66192", "libgeo": "Sauto", "dept": "66" }, "geometry": { "type": "MultiPolygon", "coordinates": [ [ [ [ 2.123856, 42.51086 ], [ 2.119257, 42.513168 ], [ 2.119948, 42.514529 ], [ 2.135794, 42.522179 ], [ 2.149908, 42.530152 ], [ 2.166462, 42.528381 ], [ 2.172452, 42.530868 ], [ 2.172943, 42.529154 ], [ 2.168622, 42.507957 ], [ 2.158745, 42.503868 ], [ 2.147888, 42.503396 ], [ 2.131513, 42.504342 ], [ 2.123856, 42.51086 ] ] ] ] } },
{ "type": "Feature", "properties": { "codgeo": "66193", "libgeo": "Serdinya", "dept": "66" }, "geometry": { "type": "MultiPolygon", "coordinates": [ [ [ [ 2.294937, 42.557852 ], [ 2.296131, 42.56047 ], [ 2.29198, 42.560892 ], [ 2.291528, 42.56189 ], [ 2.297883, 42.561181 ], [ 2.301714, 42.562435 ], [ 2.305125, 42.567644 ], [ 2.305627, 42.57403 ], [ 2.30133, 42.58328 ], [ 2.291775, 42.596275 ], [ 2.302068, 42.597716 ], [ 2.306113, 42.600659 ], [ 2.332657, 42.59714 ], [ 2.33983, 42.592953 ], [ 2.349079, 42.589577 ], [ 2.345068, 42.587368 ], [ 2.341472, 42.582385 ], [ 2.340735, 42.576895 ], [ 2.343888, 42.572559 ], [ 2.346579, 42.56651 ], [ 2.346519, 42.559083 ], [ 2.343275, 42.546462 ], [ 2.339343, 42.554208 ], [ 2.335651, 42.557265 ], [ 2.320105, 42.556092 ], [ 2.31237, 42.55407 ], [ 2.294937, 42.557852 ] ] ] ] } },
{ "type": "Feature", "properties": { "codgeo": "66194", "libgeo": "Serralongue", "dept": "66" }, "geometry": { "type": "MultiPolygon", "coordinates": [ [ [ [ 2.570615, 42.412821 ], [ 2.576274, 42.403952 ], [ 2.57791, 42.396908 ], [ 2.575449, 42.385877 ], [ 2.581401, 42.379653 ], [ 2.587461, 42.369293 ], [ 2.596072, 42.367726 ], [ 2.596265, 42.361466 ], [ 2.590329, 42.359963 ], [ 2.587443, 42.357047 ], [ 2.57675, 42.358063 ], [ 2.571536, 42.357768 ], [ 2.56769, 42.356378 ], [ 2.56192, 42.357229 ], [ 2.555698, 42.359821 ], [ 2.547804, 42.361219 ], [ 2.535034, 42.36851 ], [ 2.532737, 42.375035 ], [ 2.522431, 42.385103 ], [ 2.517659, 42.387913 ], [ 2.512059, 42.392754 ], [ 2.519519, 42.39346 ], [ 2.551194, 42.407108 ], [ 2.562111, 42.411131 ], [ 2.568217, 42.411806 ], [ 2.570615, 42.412821 ] ] ] ] } },
{ "type": "Feature", "properties": { "codgeo": "66196", "libgeo": "Sorède", "dept": "66" }, "geometry": { "type": "MultiPolygon", "coordinates": [ [ [ [ 2.94744, 42.548101 ], [ 2.957909, 42.551145 ], [ 2.966036, 42.539299 ], [ 2.970918, 42.535969 ], [ 2.970613, 42.530951 ], [ 2.976508, 42.518892 ], [ 2.981863, 42.516026 ], [ 2.988743, 42.514204 ], [ 3.000767, 42.515376 ], [ 3.003366, 42.514829 ], [ 3.019689, 42.508481 ], [ 3.025092, 42.501337 ], [ 3.028176, 42.495462 ], [ 3.028884, 42.491991 ], [ 3.024648, 42.481878 ], [ 3.022441, 42.480027 ], [ 3.011479, 42.475165 ], [ 3.000023, 42.47325 ], [ 2.987959, 42.473786 ], [ 2.982438, 42.471798 ], [ 2.97912, 42.467308 ], [ 2.966554, 42.466509 ], [ 2.947123, 42.482143 ], [ 2.948552, 42.487745 ], [ 2.948727, 42.499018 ], [ 2.95047, 42.50695 ], [ 2.951187, 42.517846 ], [ 2.948493, 42.530132 ], [ 2.949993, 42.539666 ], [ 2.94744, 42.548101 ] ] ] ] } },
{ "type": "Feature", "properties": { "codgeo": "66197", "libgeo": "Souanyas", "dept": "66" }, "geometry": { "type": "MultiPolygon", "coordinates": [ [ [ [ 2.296155, 42.54009 ], [ 2.292614, 42.5407 ], [ 2.27553, 42.540572 ], [ 2.261781, 42.542856 ], [ 2.263885, 42.54937 ], [ 2.265205, 42.549326 ], [ 2.268199, 42.553065 ], [ 2.288741, 42.558193 ], [ 2.295025, 42.558672 ], [ 2.295379, 42.555787 ], [ 2.303009, 42.548896 ], [ 2.303497, 42.546238 ], [ 2.301968, 42.543534 ], [ 2.29905, 42.541065 ], [ 2.296155, 42.54009 ] ] ] ] } },
{ "type": "Feature", "properties": { "codgeo": "66198", "libgeo": "Sournia", "dept": "66" }, "geometry": { "type": "MultiPolygon", "coordinates": [ [ [ [ 2.415151, 42.680364 ], [ 2.412539, 42.680448 ], [ 2.405208, 42.684992 ], [ 2.389293, 42.687598 ], [ 2.376632, 42.687774 ], [ 2.376221, 42.689917 ], [ 2.372469, 42.695243 ], [ 2.362285, 42.704125 ], [ 2.371575, 42.710908 ], [ 2.392787, 42.72223 ], [ 2.405816, 42.726994 ], [ 2.405575, 42.741647 ], [ 2.406133, 42.745633 ], [ 2.408247, 42.747486 ], [ 2.411574, 42.746291 ], [ 2.44178, 42.741724 ], [ 2.456892, 42.732292 ], [ 2.471791, 42.720247 ], [ 2.470956, 42.719715 ], [ 2.472006, 42.717073 ], [ 2.471204, 42.716471 ], [ 2.462671, 42.719329 ], [ 2.455359, 42.719437 ], [ 2.427554, 42.70345 ], [ 2.417553, 42.693299 ], [ 2.417622, 42.685359 ], [ 2.415151, 42.680364 ] ] ] ] } },
{ "type": "Feature", "properties": { "codgeo": "66199", "libgeo": "Taillet", "dept": "66" }, "geometry": { "type": "MultiPolygon", "coordinates": [ [ [ [ 2.665641, 42.510627 ], [ 2.653329, 42.517817 ], [ 2.648976, 42.526117 ], [ 2.650041, 42.52689 ], [ 2.666628, 42.530814 ], [ 2.675953, 42.53409 ], [ 2.677519, 42.535386 ], [ 2.681224, 42.53409 ], [ 2.683392, 42.525139 ], [ 2.702814, 42.517703 ], [ 2.707026, 42.513587 ], [ 2.709561, 42.509678 ], [ 2.712635, 42.507378 ], [ 2.70868, 42.50403 ], [ 2.689197, 42.505642 ], [ 2.683467, 42.503836 ], [ 2.674899, 42.502773 ], [ 2.668458, 42.504473 ], [ 2.665031, 42.508003 ], [ 2.665641, 42.510627 ] ] ] ] } },
{ "type": "Feature", "properties": { "codgeo": "66201", "libgeo": "Tarerach", "dept": "66" }, "geometry": { "type": "MultiPolygon", "coordinates": [ [ [ [ 2.485859, 42.686817 ], [ 2.48573, 42.688479 ], [ 2.488916, 42.691348 ], [ 2.499729, 42.698476 ], [ 2.509272, 42.703605 ], [ 2.512932, 42.703472 ], [ 2.525224, 42.690398 ], [ 2.52761, 42.662314 ], [ 2.526907, 42.660742 ], [ 2.498827, 42.681776 ], [ 2.485859, 42.686817 ] ] ] ] } },
{ "type": "Feature", "properties": { "codgeo": "66202", "libgeo": "Targasonne", "dept": "66" }, "geometry": { "type": "MultiPolygon", "coordinates": [ [ [ [ 2.007471, 42.498359 ], [ 2.00352, 42.493159 ], [ 2.002057, 42.486144 ], [ 1.998423, 42.485318 ], [ 1.989633, 42.493689 ], [ 1.980699, 42.495037 ], [ 1.96875, 42.498319 ], [ 1.966781, 42.499976 ], [ 1.966786, 42.505845 ], [ 1.969453, 42.515023 ], [ 1.973658, 42.515853 ], [ 1.990083, 42.513428 ], [ 2.00895, 42.513378 ], [ 2.007471, 42.498359 ] ] ] ] } },
{ "type": "Feature", "properties": { "codgeo": "66203", "libgeo": "Taulis", "dept": "66" }, "geometry": { "type": "MultiPolygon", "coordinates": [ [ [ [ 2.587089, 42.503077 ], [ 2.602129, 42.510931 ], [ 2.608697, 42.516252 ], [ 2.620621, 42.529428 ], [ 2.622902, 42.529793 ], [ 2.630045, 42.528717 ], [ 2.638165, 42.525676 ], [ 2.64131, 42.517012 ], [ 2.6169, 42.503638 ], [ 2.608774, 42.501804 ], [ 2.598039, 42.500877 ], [ 2.589885, 42.501454 ], [ 2.587089, 42.503077 ] ] ] ] } },
{ "type": "Feature", "properties": { "codgeo": "66204", "libgeo": "Taurinya", "dept": "66" }, "geometry": { "type": "MultiPolygon", "coordinates": [ [ [ [ 2.451794, 42.532912 ], [ 2.453337, 42.533116 ], [ 2.454828, 42.534479 ], [ 2.455683, 42.537495 ], [ 2.454508, 42.541502 ], [ 2.449009, 42.548865 ], [ 2.438913, 42.556157 ], [ 2.420273, 42.56233 ], [ 2.419616, 42.566646 ], [ 2.416903, 42.573619 ], [ 2.406228, 42.583875 ], [ 2.408453, 42.587848 ], [ 2.411753, 42.589906 ], [ 2.4124, 42.589136 ], [ 2.419811, 42.588365 ], [ 2.427935, 42.591492 ], [ 2.429631, 42.590896 ], [ 2.430715, 42.588831 ], [ 2.432906, 42.587214 ], [ 2.436443, 42.577023 ], [ 2.440593, 42.572611 ], [ 2.463021, 42.556567 ], [ 2.468662, 42.548103 ], [ 2.470047, 42.54283 ], [ 2.465253, 42.534474 ], [ 2.472141, 42.524834 ], [ 2.463788, 42.518002 ], [ 2.460083, 42.516614 ], [ 2.457828, 42.516998 ], [ 2.453897, 42.531149 ], [ 2.451794, 42.532912 ] ] ] ] } },
{ "type": "Feature", "properties": { "codgeo": "66205", "libgeo": "Tautavel", "dept": "66" }, "geometry": { "type": "MultiPolygon", "coordinates": [ [ [ [ 2.638401, 42.834145 ], [ 2.665128, 42.83664 ], [ 2.68088, 42.830663 ], [ 2.695746, 42.830456 ], [ 2.706781, 42.833256 ], [ 2.714851, 42.834435 ], [ 2.727469, 42.834425 ], [ 2.735775, 42.835671 ], [ 2.744188, 42.840221 ], [ 2.754281, 42.851741 ], [ 2.768039, 42.832877 ], [ 2.787513, 42.822596 ], [ 2.796085, 42.819038 ], [ 2.787061, 42.812785 ], [ 2.778226, 42.801179 ], [ 2.751272, 42.78972 ], [ 2.744681, 42.784453 ], [ 2.741295, 42.782996 ], [ 2.722844, 42.784371 ], [ 2.716065, 42.781617 ], [ 2.711618, 42.780785 ], [ 2.706586, 42.783215 ], [ 2.706011, 42.788519 ], [ 2.70165, 42.790431 ], [ 2.695609, 42.790678 ], [ 2.687396, 42.788362 ], [ 2.680111, 42.787945 ], [ 2.67827, 42.790356 ], [ 2.669737, 42.796976 ], [ 2.662576, 42.808574 ], [ 2.662239, 42.811641 ], [ 2.659148, 42.815388 ], [ 2.652874, 42.819574 ], [ 2.642374, 42.823523 ], [ 2.636031, 42.828075 ], [ 2.638401, 42.834145 ] ] ] ] } },
{ "type": "Feature", "properties": { "codgeo": "66206", "libgeo": "Le Tech", "dept": "66" }, "geometry": { "type": "MultiPolygon", "coordinates": [ [ [ [ 2.578209, 42.42308 ], [ 2.571465, 42.416814 ], [ 2.570615, 42.412821 ], [ 2.568217, 42.411806 ], [ 2.562111, 42.411131 ], [ 2.551194, 42.407108 ], [ 2.519519, 42.39346 ], [ 2.514288, 42.393016 ], [ 2.516429, 42.399719 ], [ 2.522108, 42.405109 ], [ 2.526518, 42.404749 ], [ 2.526122, 42.407849 ], [ 2.521709, 42.418742 ], [ 2.514994, 42.429868 ], [ 2.499622, 42.437241 ], [ 2.489084, 42.451828 ], [ 2.477758, 42.461566 ], [ 2.470953, 42.466042 ], [ 2.465019, 42.474236 ], [ 2.452609, 42.487056 ], [ 2.457967, 42.491086 ], [ 2.463141, 42.4942 ], [ 2.464537, 42.494243 ], [ 2.495075, 42.473481 ], [ 2.512646, 42.455254 ], [ 2.520685, 42.450852 ], [ 2.523797, 42.443369 ], [ 2.533324, 42.433129 ], [ 2.537221, 42.429664 ], [ 2.546858, 42.423449 ], [ 2.552, 42.422032 ], [ 2.553233, 42.423632 ], [ 2.564378, 42.425975 ], [ 2.576094, 42.42442 ], [ 2.578209, 42.42308 ] ] ] ] } },
{ "type": "Feature", "properties": { "codgeo": "66209", "libgeo": "Thuès-Entre-Valls", "dept": "66" }, "geometry": { "type": "MultiPolygon", "coordinates": [ [ [ [ 2.206109, 42.519665 ], [ 2.22384, 42.525964 ], [ 2.246342, 42.529028 ], [ 2.245407, 42.528329 ], [ 2.246258, 42.527033 ], [ 2.254719, 42.519436 ], [ 2.265794, 42.514317 ], [ 2.267761, 42.503113 ], [ 2.261074, 42.494561 ], [ 2.25889, 42.495367 ], [ 2.245554, 42.504532 ], [ 2.229691, 42.504201 ], [ 2.230378, 42.502854 ], [ 2.235631, 42.499224 ], [ 2.238081, 42.494527 ], [ 2.240339, 42.477736 ], [ 2.238561, 42.472099 ], [ 2.231191, 42.475186 ], [ 2.224753, 42.474182 ], [ 2.221599, 42.474772 ], [ 2.215262, 42.477907 ], [ 2.210475, 42.483923 ], [ 2.203368, 42.494882 ], [ 2.200334, 42.504839 ], [ 2.199893, 42.511118 ], [ 2.202574, 42.517303 ], [ 2.206109, 42.519665 ] ] ] ] } },
{ "type": "Feature", "properties": { "codgeo": "66211", "libgeo": "Tordères", "dept": "66" }, "geometry": { "type": "MultiPolygon", "coordinates": [ [ [ [ 2.791701, 42.569433 ], [ 2.788172, 42.56659 ], [ 2.77907, 42.555006 ], [ 2.775563, 42.552054 ], [ 2.763085, 42.552384 ], [ 2.747715, 42.554305 ], [ 2.731999, 42.562637 ], [ 2.736631, 42.568146 ], [ 2.735748, 42.570369 ], [ 2.736304, 42.572321 ], [ 2.740511, 42.57623 ], [ 2.748337, 42.579132 ], [ 2.761193, 42.579634 ], [ 2.765599, 42.578509 ], [ 2.777775, 42.5719 ], [ 2.791701, 42.569433 ] ] ] ] } },
{ "type": "Feature", "properties": { "codgeo": "66215", "libgeo": "Trévillach", "dept": "66" }, "geometry": { "type": "MultiPolygon", "coordinates": [ [ [ [ 2.48099, 42.726885 ], [ 2.487097, 42.721338 ], [ 2.492213, 42.720924 ], [ 2.500595, 42.721449 ], [ 2.502708, 42.722189 ], [ 2.505965, 42.725609 ], [ 2.508003, 42.725149 ], [ 2.510834, 42.722856 ], [ 2.520469, 42.721251 ], [ 2.522269, 42.72169 ], [ 2.528579, 42.718061 ], [ 2.536921, 42.720566 ], [ 2.547821, 42.722305 ], [ 2.548749, 42.713488 ], [ 2.550904, 42.709513 ], [ 2.546205, 42.701721 ], [ 2.531884, 42.693285 ], [ 2.521542, 42.694951 ], [ 2.512932, 42.703472 ], [ 2.509272, 42.703605 ], [ 2.499729, 42.698476 ], [ 2.488916, 42.691348 ], [ 2.470788, 42.701604 ], [ 2.467599, 42.70416 ], [ 2.472006, 42.717073 ], [ 2.470956, 42.719715 ], [ 2.478745, 42.722235 ], [ 2.481475, 42.725976 ], [ 2.48099, 42.726885 ] ] ] ] } },
{ "type": "Feature", "properties": { "codgeo": "66216", "libgeo": "Trilla", "dept": "66" }, "geometry": { "type": "MultiPolygon", "coordinates": [ [ [ [ 2.505965, 42.725609 ], [ 2.505256, 42.7284 ], [ 2.499963, 42.73789 ], [ 2.500014, 42.74109 ], [ 2.502713, 42.743348 ], [ 2.505653, 42.751309 ], [ 2.521467, 42.749926 ], [ 2.538522, 42.75259 ], [ 2.543736, 42.751834 ], [ 2.546453, 42.750144 ], [ 2.545953, 42.745198 ], [ 2.541583, 42.734529 ], [ 2.533185, 42.731444 ], [ 2.523299, 42.723802 ], [ 2.522269, 42.72169 ], [ 2.520469, 42.721251 ], [ 2.510834, 42.722856 ], [ 2.508003, 42.725149 ], [ 2.505965, 42.725609 ] ] ] ] } },
{ "type": "Feature", "properties": { "codgeo": "66218", "libgeo": "Ur", "dept": "66" }, "geometry": { "type": "MultiPolygon", "coordinates": [ [ [ [ 1.93393, 42.454311 ], [ 1.924996, 42.464017 ], [ 1.916422, 42.466576 ], [ 1.91646, 42.468712 ], [ 1.922127, 42.474141 ], [ 1.926767, 42.472443 ], [ 1.93462, 42.473691 ], [ 1.944844, 42.472014 ], [ 1.946438, 42.471212 ], [ 1.956052, 42.471198 ], [ 1.960235, 42.470416 ], [ 1.95656, 42.457937 ], [ 1.959901, 42.453277 ], [ 1.942896, 42.444494 ], [ 1.936989, 42.453694 ], [ 1.93393, 42.454311 ] ] ] ] } },
{ "type": "Feature", "properties": { "codgeo": "66219", "libgeo": "Urbanya", "dept": "66" }, "geometry": { "type": "MultiPolygon", "coordinates": [ [ [ [ 2.262457, 42.654125 ], [ 2.268316, 42.658897 ], [ 2.272938, 42.659897 ], [ 2.299933, 42.659785 ], [ 2.328867, 42.644054 ], [ 2.330099, 42.640512 ], [ 2.328408, 42.627554 ], [ 2.317374, 42.624028 ], [ 2.313513, 42.623819 ], [ 2.298324, 42.626598 ], [ 2.283694, 42.633304 ], [ 2.279365, 42.643559 ], [ 2.262457, 42.654125 ] ] ] ] } },
{ "type": "Feature", "properties": { "codgeo": "66220", "libgeo": "Valcebollère", "dept": "66" }, "geometry": { "type": "MultiPolygon", "coordinates": [ [ [ [ 2.039071, 42.408878 ], [ 2.048602, 42.401994 ], [ 2.063995, 42.393241 ], [ 2.078508, 42.380828 ], [ 2.087402, 42.374273 ], [ 2.089481, 42.373772 ], [ 2.086852, 42.367604 ], [ 2.083016, 42.363422 ], [ 2.069276, 42.362307 ], [ 2.057293, 42.358222 ], [ 2.04326, 42.357823 ], [ 2.026096, 42.355214 ], [ 2.022479, 42.35629 ], [ 2.019688, 42.36837 ], [ 2.016746, 42.373164 ], [ 2.011278, 42.377333 ], [ 2.006457, 42.384867 ], [ 2.004931, 42.390273 ], [ 2.005256, 42.392082 ], [ 2.007555, 42.398589 ], [ 2.012091, 42.403584 ], [ 2.023776, 42.407209 ], [ 2.031865, 42.407401 ], [ 2.039071, 42.408878 ] ] ] ] } },
{ "type": "Feature", "properties": { "codgeo": "66221", "libgeo": "Valmanya", "dept": "66" }, "geometry": { "type": "MultiPolygon", "coordinates": [ [ [ [ 2.460083, 42.516614 ], [ 2.463788, 42.518002 ], [ 2.474889, 42.52658 ], [ 2.489035, 42.527594 ], [ 2.497731, 42.529619 ], [ 2.501918, 42.532935 ], [ 2.50637, 42.54031 ], [ 2.524809, 42.543586 ], [ 2.540487, 42.550334 ], [ 2.544951, 42.549935 ], [ 2.552628, 42.546911 ], [ 2.553068, 42.533426 ], [ 2.554889, 42.519421 ], [ 2.553019, 42.513952 ], [ 2.54615, 42.512684 ], [ 2.536387, 42.50599 ], [ 2.517234, 42.498488 ], [ 2.503406, 42.501974 ], [ 2.490039, 42.503476 ], [ 2.468444, 42.499814 ], [ 2.46323, 42.512373 ], [ 2.460083, 42.516614 ] ] ] ] } },
{ "type": "Feature", "properties": { "codgeo": "66222", "libgeo": "Vernet-les-Bains", "dept": "66" }, "geometry": { "type": "MultiPolygon", "coordinates": [ [ [ [ 2.442618, 42.537673 ], [ 2.453897, 42.531149 ], [ 2.457828, 42.516998 ], [ 2.460083, 42.516614 ], [ 2.446933, 42.513747 ], [ 2.439214, 42.513619 ], [ 2.432953, 42.514882 ], [ 2.427568, 42.521539 ], [ 2.416178, 42.531049 ], [ 2.413204, 42.531186 ], [ 2.41031, 42.532399 ], [ 2.399717, 42.53819 ], [ 2.39421, 42.539198 ], [ 2.385057, 42.538577 ], [ 2.381764, 42.535523 ], [ 2.377189, 42.538137 ], [ 2.374386, 42.540815 ], [ 2.372377, 42.54586 ], [ 2.370384, 42.556486 ], [ 2.392815, 42.559078 ], [ 2.425821, 42.549897 ], [ 2.430808, 42.547325 ], [ 2.442618, 42.537673 ] ] ] ] } },
{ "type": "Feature", "properties": { "codgeo": "66223", "libgeo": "Villefranche-de-Conflent", "dept": "66" }, "geometry": { "type": "MultiPolygon", "coordinates": [ [ [ [ 2.366778, 42.586364 ], [ 2.361828, 42.584352 ], [ 2.362681, 42.586414 ], [ 2.366305, 42.587716 ], [ 2.366778, 42.586364 ] ] ], [ [ [ 2.371517, 42.589978 ], [ 2.370409, 42.588443 ], [ 2.371242, 42.59146 ], [ 2.371517, 42.589978 ] ] ], [ [ [ 2.367587, 42.590161 ], [ 2.360909, 42.58691 ], [ 2.351128, 42.590824 ], [ 2.349079, 42.589577 ], [ 2.33983, 42.592953 ], [ 2.332657, 42.59714 ], [ 2.337347, 42.596451 ], [ 2.353409, 42.602489 ], [ 2.376388, 42.606574 ], [ 2.380631, 42.606251 ], [ 2.382254, 42.602811 ], [ 2.381139, 42.601424 ], [ 2.374475, 42.595596 ], [ 2.368723, 42.59328 ], [ 2.367587, 42.590161 ] ] ] ] } },
{ "type": "Feature", "properties": { "codgeo": "66230", "libgeo": "Vinça", "dept": "66" }, "geometry": { "type": "MultiPolygon", "coordinates": [ [ [ [ 2.520133, 42.653859 ], [ 2.538944, 42.655183 ], [ 2.540893, 42.656086 ], [ 2.544989, 42.653572 ], [ 2.547096, 42.645436 ], [ 2.546644, 42.640678 ], [ 2.536776, 42.636572 ], [ 2.526105, 42.634393 ], [ 2.522677, 42.632883 ], [ 2.522343, 42.63134 ], [ 2.511806, 42.632511 ], [ 2.50577, 42.631119 ], [ 2.501871, 42.628423 ], [ 2.50375, 42.636466 ], [ 2.50214, 42.637205 ], [ 2.497226, 42.637489 ], [ 2.498792, 42.643885 ], [ 2.502131, 42.646941 ], [ 2.520133, 42.653859 ] ] ] ] } },
{ "type": "Feature", "properties": { "codgeo": "66232", "libgeo": "Vira", "dept": "66" }, "geometry": { "type": "MultiPolygon", "coordinates": [ [ [ [ 2.353644, 42.748608 ], [ 2.350539, 42.757384 ], [ 2.361974, 42.758468 ], [ 2.368352, 42.759835 ], [ 2.375186, 42.765305 ], [ 2.388337, 42.772153 ], [ 2.399979, 42.780196 ], [ 2.405095, 42.781959 ], [ 2.420887, 42.783087 ], [ 2.423077, 42.777033 ], [ 2.429192, 42.773499 ], [ 2.406174, 42.749337 ], [ 2.399248, 42.75033 ], [ 2.396976, 42.75205 ], [ 2.391228, 42.752265 ], [ 2.386119, 42.750806 ], [ 2.380256, 42.747972 ], [ 2.377749, 42.747611 ], [ 2.353644, 42.748608 ] ] ] ] } },
{ "type": "Feature", "properties": { "codgeo": "66233", "libgeo": "Vivès", "dept": "66" }, "geometry": { "type": "MultiPolygon", "coordinates": [ [ [ [ 2.76982, 42.542463 ], [ 2.778425, 42.546391 ], [ 2.784997, 42.545032 ], [ 2.792956, 42.541611 ], [ 2.793091, 42.538906 ], [ 2.787678, 42.526705 ], [ 2.788446, 42.520413 ], [ 2.785722, 42.5176 ], [ 2.769653, 42.512609 ], [ 2.766845, 42.515266 ], [ 2.756377, 42.515175 ], [ 2.747549, 42.517097 ], [ 2.738963, 42.521911 ], [ 2.739029, 42.525532 ], [ 2.743676, 42.531771 ], [ 2.753545, 42.538316 ], [ 2.760192, 42.541314 ], [ 2.76982, 42.542463 ] ] ] ] } },
{ "type": "Feature", "properties": { "codgeo": "66234", "libgeo": "Le Vivier", "dept": "66" }, "geometry": { "type": "MultiPolygon", "coordinates": [ [ [ [ 2.469115, 42.759512 ], [ 2.450314, 42.753114 ], [ 2.441825, 42.753502 ], [ 2.436266, 42.752308 ], [ 2.425485, 42.744205 ], [ 2.411574, 42.746291 ], [ 2.408247, 42.747486 ], [ 2.406174, 42.749337 ], [ 2.429192, 42.773499 ], [ 2.435859, 42.773739 ], [ 2.439478, 42.775563 ], [ 2.441232, 42.78054 ], [ 2.444307, 42.783215 ], [ 2.455704, 42.779329 ], [ 2.478432, 42.776357 ], [ 2.472734, 42.762077 ], [ 2.469115, 42.759512 ] ] ] ] } }
]
}
